date,time,subj_id,contact,<1m,<3m,<5m,context,Username,Device Id,Latitude,Longitude,Save Target,Submitted (UTC),Timestamp (UTC),Time Offset,Version,Observation Id,Session Id,Track Filename
3/20/2024,15:04:38,Yaiko,,,,,move. Focal start. ,RN,ct:da42588c23abbd460000000000000000,,,Save data,3/20/2024 22:07,3/20/2024 8:04,+07:00,2024031401,b0d0c32a-4a13-4cbd-b12e-50a23354b754,06459676-6b15-426d-a534-1254314da73b,
3/20/2024,12:02:39,Pat,,,,,stone-tool use (oyster). Focal end ,RN,ct:da42588c23abbd460000000000000000,,,Save data,3/20/2024 8:04,3/20/2024 5:02,+07:00,2024031401,75e562e4-dbbf-45cd-a771-330fa900ab21,eead2755-a6c9-4195-8f07-a6de5e121e71,
3/20/2024,11:45:15,Pat,,,,,stone-tool use (oyster). Focal start,RN,ct:da42588c23abbd460000000000000000,,,Save data,3/20/2024 8:04,3/20/2024 4:45,+07:00,2024031401,e6bf3e43-0c46-4ba9-9d0e-d19cc9ee7b5c,1538eba2-1766-40aa-9a71-20083122e6e1,
3/20/2024,11:41:28,Taipan,,,,,foraging without tools. Focal end.,RN,ct:da42588c23abbd460000000000000000,,,Save data,3/20/2024 8:04,3/20/2024 4:41,+07:00,2024031401,800388b9-1523-4f56-bf16-eabe87b03c79,92b8c07e-8286-433e-b460-d4e2a5ce2dd5,
3/20/2024,11:25:25,Taipan,,,,,rest. Focal start,RN,ct:da42588c23abbd460000000000000000,,,Save data,3/20/2024 4:25,3/20/2024 4:25,+07:00,2024031401,e0132a46-2187-452e-9ef7-cb41f89bba79,5bf1ab19-102d-41ce-8e19-8cb63576f54a,
3/23/2024,11:39:09,Pat,,,,Belanda,rest. Focal end,RN,ct:da42588c23abbd460000000000000000,,,Save data,3/23/2024 4:39,3/23/2024 4:39,+07:00,2024032101,5bd4655e-f56f-4545-8702-3d31d36af14c,ce5f5ef9-54e9-4f78-a934-805c4c23e9c5,
3/23/2024,11:22:33,Pat,Belanda,,,,grooming. Focal start,RN,ct:da42588c23abbd460000000000000000,,,Save data,3/23/2024 4:22,3/23/2024 4:22,+07:00,2024031401,556518ca-7a80-41b8-a48c-711342d54b5d,55753db1-94dd-47cc-a3a6-fcbab4aa9ff1,
3/27/2024,11:53:44,Belanda,,,,,rest. Focal end,RN,ct:da42588c23abbd460000000000000000,,,Save data,3/27/2024 4:53,3/27/2024 4:53,+07:00,2024032101,c3bdb9e6-f8cb-4616-b9fa-7e943b735641,0c573766-f6c7-4360-b6db-cab2657080af,
3/27/2024,11:37:07,Belanda,,,,,rest. Focal start,RN,ct:da42588c23abbd460000000000000000,,,Save data,3/27/2024 4:53,3/27/2024 4:37,+07:00,2024032101,8f55dd3f-940a-40d2-9f00-f785e2996fe1,38bcd407-55ea-4877-9c89-fa3b15bf9f7f,
3/30/2024,12:45:54,Pinky,Juvenile 1 Granny,,,,groomng. Focal end ,RN,ct:da42588c23abbd460000000000000000,,,Save data,3/30/2024 11:42,3/30/2024 5:45,+07:00,2024032101,c7701526-0620-40f9-955b-bb0ed4777211,e1b80d48-089a-40a0-83e1-983b20e96bdb,
3/30/2024,12:28:22,Pinky,Juvenile 1,,,Granny,rest. Focal start,RN,ct:da42588c23abbd460000000000000000,,,Save data,3/30/2024 11:42,3/30/2024 5:28,+07:00,2024032101,1d9369e0-476e-4d69-a5b8-1518022b96cf,05377c4f-ca1b-43dd-8637-8683c4d45b2d,
3/30/2024,9:30:58,Ali,,,Juvenile 1 Kal Cacao,Pat,rest. Focal end,RN,ct:da42588c23abbd460000000000000000,,,Save data,3/30/2024 4:33,3/30/2024 2:30,+07:00,2024032101,543dd850-1f8d-4516-a0b9-351c3bfddaf2,29bf0f9d-179e-49ab-9cf5-0a3cdcc89fa3,
3/30/2024,9:12:35,Ali,,,,,stone-tool use. Focal start,RN,ct:da42588c23abbd460000000000000000,,,Save data,3/30/2024 2:29,3/30/2024 2:12,+07:00,2024032101,606206b9-7864-4575-b0c9-cca00dca2575,f4a8a8be-5d3d-497f-b033-37efb92d18e9,
3/30/2024,9:04:14,Lip,,,Kal,Juvenile 2,rest. Focal end,RN,ct:da42588c23abbd460000000000000000,,,Save data,3/30/2024 2:29,3/30/2024 2:04,+07:00,2024032101,88d01ba7-3563-4403-ad37-01c56d1c46ca,80a86d44-a622-4c26-aa9e-c075ea4fb3e9,
3/30/2024,8:46:23,Lip,,,Old infant,Juvenile 2,foraging without tools. Focal start,RN,ct:da42588c23abbd460000000000000000,,,Save data,3/30/2024 1:46,3/30/2024 1:46,+07:00,2024032101,c114aac9-851a-4fdf-8dda-356dc0121d07,422243fa-7690-44cf-a82e-ad1876df69de,
3/31/2024,8:32:17,Whitney,,,,Black infant Jim Lim,stone-tool use (oyster). Focal end. ,RN,ct:da42588c23abbd460000000000000000,,,Save data,3/31/2024 1:32,3/31/2024 1:32,+07:00,2024032101,eb6a9307-3c83-4991-93ff-bbb75284474e,abd2dde1-cb17-42e6-a477-1c1be9a56162,
3/31/2024,8:13:54,Whitney,,,,,stone-tool use (oyster). Focal start,RN,ct:da42588c23abbd460000000000000000,,,Save data,3/31/2024 1:31,3/31/2024 1:13,+07:00,2024032101,19167c6c-0c5b-4257-a635-b441512f54c2,c2e011bb-dc00-48bd-890a-54f8a504dcca,
4/3/2024,14:24:17,Kal,,,Juvenile 1,,foraging without tools. Focal end,RN,ct:da42588c23abbd460000000000000000,,,Save data,4/4/2024 1:11,4/3/2024 7:24,+07:00,2024032101,f31a57a1-ceca-4d47-9e87-57e2a6fdafec,6331ce34-2ed6-4e01-8abe-2f82f160d623,
4/3/2024,14:02:57,Kal,,,,,foraging without tools. Focal start,RN,ct:da42588c23abbd460000000000000000,,,Save data,4/4/2024 1:11,4/3/2024 7:02,+07:00,2024032101,f205fddf-6599-4006-8bb7-00c73f970dfa,c1f7f9b4-6f60-4de7-8754-97f37e576377,
4/3/2024,12:45:41,Robin,,,,Legolas,foraging without tools. Focal start,RN,ct:da42588c23abbd460000000000000000,,,Save data,4/4/2024 1:11,4/3/2024 5:45,+07:00,2024032101,4e34fe8f-4130-4c12-9a4f-bcdf5651b356,fd2b9bd7-57b6-44b2-ac72-9518b3092b33,
4/3/2024,10:40:26,Cacao,,,,Juvenile 2 Pat Robin,foraging without tools. Focal end,RN,ct:da42588c23abbd460000000000000000,,,Save data,4/3/2024 3:40,4/3/2024 3:40,+07:00,2024032101,676fa610-8c6f-462c-a590-ba165ca94969,fbdf1c18-32c5-4511-9df8-6430d24c40e3,
4/3/2024,10:23:06,Cacao,,,,Iyla,stone-tool use (oyster). Focal start,RN,ct:da42588c23abbd460000000000000000,,,Save data,4/3/2024 3:40,4/3/2024 3:23,+07:00,2024032101,ec6acb28-ea6f-4901-a399-2279d741867a,a8b96d28-5f63-4bd3-8c96-b2b53835ccf1,
4/3/2024,10:19:16,Jim Lim,,,,,rest. Focal end,RN,ct:da42588c23abbd460000000000000000,,,Save data,4/3/2024 3:19,4/3/2024 3:19,+07:00,2024032101,09b580ca-178f-43aa-a6b3-e7d95c1f203e,4faa2ef0-2339-4606-b814-9c7d72309277,
4/3/2024,10:02:02,Jim Lim,,,,Quindoline,rest. Focal start,RN,ct:da42588c23abbd460000000000000000,,,Save data,4/3/2024 3:19,4/3/2024 3:02,+07:00,2024032101,c40722c1-5c18-4876-9ad0-aecac1aa0249,b68e0dc7-252a-432e-a186-79ec1886ed16,
4/3/2024,9:41:32,Kaya,Black infant Juvenile 2,,Juvenile 2,,grooming. Focal end. ,RN,ct:da42588c23abbd460000000000000000,,,Save data,4/3/2024 2:41,4/3/2024 2:41,+07:00,2024032101,61263ecf-db8d-4fdc-93b0-bef7476dd0bb,8fb0bac2-7fef-40b1-a637-ded8b1d7397b,
4/3/2024,9:24:46,Kaya,Black infant,Juvenile 2,Juvenile 2,Pat Lip,stone-tool use (oyster). Focal start,RN,ct:da42588c23abbd460000000000000000,,,Save data,4/3/2024 2:41,4/3/2024 2:24,+07:00,2024032101,3a2fe9f5-e0d1-487c-9804-69f0c5e5ee5f,aa614024-3e21-45c7-a8b0-2824acee8ec8,
4/3/2024,8:53:41,Flame,,,,Tin tin,stone-tool use (oyster). Focal end,RN,ct:da42588c23abbd460000000000000000,,,Save data,4/3/2024 1:53,4/3/2024 1:53,+07:00,2024032101,b8a985a4-81a9-431e-b40b-0a734e17d3fc,d32f9622-9802-4ea4-8fa5-2880a8fa7aa7,
4/3/2024,8:35:38,Flame,,Juvenile 2,Juvenile 2,Tin tin,stone-tool use (oyster). Focal start,RN,ct:da42588c23abbd460000000000000000,,,Save data,4/3/2024 1:53,4/3/2024 1:35,+07:00,2024032101,e8b95aad-fa10-40bd-825d-47eb9786ce0a,6d45d902-6e20-4cb7-aea2-058f9aff8cba,
4/3/2024,8:31:23,Dandi,Old infant,,,,foraging without tools. Focal end,RN,ct:da42588c23abbd460000000000000000,,,Save data,4/3/2024 1:31,4/3/2024 1:31,+07:00,2024032101,ea2b6ec9-e3fc-438f-a019-79e5caa0768d,cf6682af-a29d-47dc-882c-60642f2b694b,
4/3/2024,8:12:58,Dandi,,,,,stone-tool use (oyster). Focal start,RN,ct:da42588c23abbd460000000000000000,,,Save data,4/3/2024 1:31,4/3/2024 1:12,+07:00,2024032101,bccda7ae-4bb7-4662-ac71-bc0e7e6ac298,b2f8269d-f442-4cc3-ba3c-60619eb74145,
4/3/2024,7:53:49,Bat,,,,Kal,search. Focal end,RN,ct:da42588c23abbd460000000000000000,,,Save data,4/3/2024 0:53,4/3/2024 0:53,+07:00,2024032101,ec101273-acb4-4efd-bea6-c37db57cf765,381f90e4-df8b-4c11-921f-18a9036da18d,
4/3/2024,7:36:40,Bat,,,,Juvenile 2 Kal,stone-tool use (oyster). Focal start,RN,ct:da42588c23abbd460000000000000000,,,Save data,4/3/2024 0:36,4/3/2024 0:36,+07:00,2024032101,7cb8accf-71e9-4cfa-b3d4-1262c7974f8d,fc03da5e-20d7-406b-aaa1-5dfaa3777881,
4/4/2024,15:42:39,Taipan,,,,Tin tin Harley Robin,stone-tool use (oyster). Focal end,RN,ct:da42588c23abbd460000000000000000,,,Save data,4/6/2024 3:49,4/4/2024 8:42,+07:00,2024032101,57a61a8d-6c6a-489d-addf-00f77b63ca0a,abf5db13-51a5-4dff-8fa9-ff4d43ee8e07,
4/4/2024,15:25:14,Taipan,,,,Naina,stone-tool use (oyster). Focal start,RN,ct:da42588c23abbd460000000000000000,,,Save data,4/6/2024 3:49,4/4/2024 8:25,+07:00,2024032101,b0be1c89-3030-417e-bb11-ad1bab9d958b,2b618d6b-f54f-4b1d-a864-2ada1d24c88f,
4/4/2024,14:54:24,Pat,,,,Juvenile 2,foraging without tools. Focal end,RN,ct:da42588c23abbd460000000000000000,,,Save data,4/6/2024 3:49,4/4/2024 7:54,+07:00,2024032101,565395bb-3fc0-4ff4-a718-4d6f865506e8,16831e23-ff67-4f58-91c9-9d8cb4521aef,
4/4/2024,14:37:41,Pat,,,,,rest. Focal start,RN,ct:da42588c23abbd460000000000000000,,,Save data,4/6/2024 3:49,4/4/2024 7:37,+07:00,2024032101,da0c0da5-29eb-4760-b3b1-08d2cc66e5c8,7ea6e4c9-f702-4395-9eef-0ae3dc468870,
4/4/2024,14:24:57,Yaiko,,,,,foraging without tools. Focal end,RN,ct:da42588c23abbd460000000000000000,,,Save data,4/4/2024 7:25,4/4/2024 7:24,+07:00,2024032101,8d716a7c-3ff8-48b7-b046-69b035abf04a,566cb88d-43c2-4041-841b-72141eaf4dad,
4/4/2024,14:03:58,Yaiko,,,,,foraging without tools. Focal start,RN,ct:da42588c23abbd460000000000000000,,,Save data,4/4/2024 7:25,4/4/2024 7:03,+07:00,2024032101,12dc4d20-be1f-4fce-a584-a1f3f7f56ac8,478b7cce-bf46-4cfe-9eda-5fedd9edd689,
4/4/2024,12:31:31,Granny,Black infant,Juvenile 2,,Juvenile 2 Pinky,affiliative. Focal end,RN,ct:da42588c23abbd460000000000000000,,,Save data,4/4/2024 7:03,4/4/2024 5:31,+07:00,2024032101,2e66c217-4794-4fb6-bc6b-e96d964a8210,93bd81c4-d830-466a-805a-6ccca5f4d066,
4/4/2024,11:45:55,Granny,Black infant,,,Ali Pinky,stone-tool use. Focal start,RN,ct:da42588c23abbd460000000000000000,,,Save data,4/4/2024 7:03,4/4/2024 4:45,+07:00,2024032101,cdf3cbb8-c8c3-4a35-8ecf-8f7179ce2778,b2b613b7-6046-4fc8-b753-4641dfbe8a60,
4/4/2024,10:24:21,Robin,,,,Juvenile 1,stone-tool use (oyster). Focal end,RN,ct:da42588c23abbd460000000000000000,,,Save data,4/4/2024 4:45,4/4/2024 3:24,+07:00,2024032101,cb53a765-9f4d-4870-bbf8-427d23f5e161,2c92e494-4369-4e2d-aff2-33b1ee46c6ef,
4/4/2024,10:07:25,Robin,,,,,foraging without tools. Focal start,RN,ct:da42588c23abbd460000000000000000,,,Save data,4/4/2024 4:45,4/4/2024 3:07,+07:00,2024032101,35ce357b-2938-4cf2-be39-3bf6b03d56a2,425a32c5-7b00-4bbb-8691-87bc7f289c63,
4/4/2024,8:50:32,Pinky,Juvenile 2,,,,rest. Focal end,RN,ct:da42588c23abbd460000000000000000,,,Save data,4/4/2024 4:45,4/4/2024 1:50,+07:00,2024032101,8c6bd785-8816-4e75-8fda-af5fd188a01f,04be6bb3-5819-4c1b-91c5-b0f89b7f6f31,
4/4/2024,8:33:41,Pinky,Old infant,,Ted,,rest. Focal start,RN,ct:da42588c23abbd460000000000000000,,,Save data,4/4/2024 4:45,4/4/2024 1:33,+07:00,2024032101,9dd553a1-6a75-4685-b3cc-98b753e91a73,5c171183-5f7a-4e69-9630-7143f7471e6d,
4/4/2024,8:30:09,Ted,,Juvenile 1,Juvenile 2 Pat F_Adult,,move. Focal end,RN,ct:da42588c23abbd460000000000000000,,,Save data,4/4/2024 1:30,4/4/2024 1:30,+07:00,2024032101,2f239500-d42e-4e5c-89f7-1cf056d232be,5af69790-2165-42eb-92fb-e7e1e30c31ec,
4/4/2024,8:11:51,Ted,,,,,stone-tool use (oyster). Focal start,RN,ct:da42588c23abbd460000000000000000,,,Save data,4/4/2024 1:30,4/4/2024 1:11,+07:00,2024032101,83030ab2-8f83-4083-9122-2b55193f72ac,8f8bce38-987c-4dfa-8d7f-c345fd16af02,
4/6/2024,16:57:50,Cacao,,,,F_Subadult,rest. Focal end,RN,ct:da42588c23abbd460000000000000000,,,Save data,4/8/2024 0:58,4/6/2024 9:57,+07:00,2024032101,f2ea37ec-c4f6-4a2e-80fa-eb1451557767,19c4c7c7-b498-48e9-bff4-685eeef6b597,
4/6/2024,16:40:51,Cacao,,Old infant Juvenile 1,Juvenile 2 Pat,Robin,stone-tool use (oyster). Focal start,RN,ct:da42588c23abbd460000000000000000,,,Save data,4/8/2024 0:58,4/6/2024 9:40,+07:00,2024032101,7cd92c05-699b-432d-8f8d-d40ca59a87ee,7ebc6380-baf8-45bb-b3a4-ed1b0ab05940,
4/6/2024,15:15:47,Iyla,,,,Whitney,stone-tool use (oyster). Focal end,RN,ct:da42588c23abbd460000000000000000,,,Save data,4/6/2024 8:15,4/6/2024 8:15,+07:00,2024032101,1a4d59ff-d09b-45c6-be12-1c2f75fe6254,a61c0618-7086-4fba-b1a8-1634096e7f19,
4/6/2024,14:53:49,Iyla,,,Kal Quindoline,Juvenile 2,stone-tool use (oyster). Focal start,RN,ct:da42588c23abbd460000000000000000,,,Save data,4/6/2024 8:15,4/6/2024 7:53,+07:00,2024032101,c37a8d74-2d92-43d6-b53a-2093dbac413d,49a3de63-2769-437b-b822-0a9b99f085d7,
4/6/2024,14:15:47,Dandi,Old infant,,,,rest. Focal end.,RN,ct:da42588c23abbd460000000000000000,,,Save data,4/6/2024 7:52,4/6/2024 7:15,+07:00,2024032101,b0c52326-38e9-481f-a4b7-14ad93d01d38,c6e6a905-7307-471b-85d5-ca4483b5eac3,
4/6/2024,13:37:31,Dandi,,,,Juvenile 1 Robin,rest. Focal start,RN,ct:da42588c23abbd460000000000000000,,,Save data,4/6/2024 7:15,4/6/2024 6:37,+07:00,2024032101,56e21fb4-4cd8-4ac6-bc3f-82f685a7a1ca,15e0fc0e-eaec-41cd-9486-aa3b82d981ec,
4/6/2024,13:20:32,Ali,,,Juvenile 1 Juvenile 2,F_Subadult,stone-tool use (oyster). Focal end ,RN,ct:da42588c23abbd460000000000000000,,,Save data,4/6/2024 7:15,4/6/2024 6:20,+07:00,2024032101,e26978b5-33ae-4852-9b96-fdb76a195438,20b89da3-a9f2-4661-bc40-b7417208e0cb,
4/6/2024,13:03:56,Ali,,,Pat,Juvenile 1,stone-tool use (oyster). Focal start,RN,ct:da42588c23abbd460000000000000000,,,Save data,4/6/2024 7:15,4/6/2024 6:03,+07:00,2024032101,ae47a623-7a4a-415f-8fa0-a202daa22002,4b6cc745-1687-4790-bebc-f54324558fa2,
4/6/2024,12:40:20,Betina,,,Iyla,,stone-tool use (oyster). Focal start,RN,ct:da42588c23abbd460000000000000000,,,Save data,4/6/2024 7:15,4/6/2024 5:40,+07:00,2024032101,e3e77b27-576c-4fa9-9504-e5b3e955f34a,53d735dd-773a-4a6b-ab6a-98adc20c15f2,
4/6/2024,11:44:20,Belanda,,,,,rest. Focal end,RN,ct:da42588c23abbd460000000000000000,,,Save data,4/6/2024 4:44,4/6/2024 4:44,+07:00,2024032101,1ef561b5-2710-4491-ae20-ceef75635ccf,fa62f3e5-3a39-451b-85d7-d9c46be153aa,
4/6/2024,11:27:48,Belanda,,,,,rest. Focal start,RN,ct:da42588c23abbd460000000000000000,,,Save data,4/6/2024 4:44,4/6/2024 4:27,+07:00,2024032101,9eff4926-e01d-478b-8ae9-b41107fbbb5a,51ca1365-4269-48d5-b449-5744bb405e3d,
4/6/2024,11:08:24,Taipan,,,,,rest. Focal start,RN,ct:da42588c23abbd460000000000000000,,,Save data,4/6/2024 4:27,4/6/2024 4:08,+07:00,2024032101,f0552c36-066f-4150-8b60-118c948e141b,dab75b17-b16d-4c4f-a2ac-6b2b0422c247,
4/6/2024,11:04:58,Yaiko,,Taipan,,Juvenile 1 Juvenile 2,move. Focal end,RN,ct:da42588c23abbd460000000000000000,,,Save data,4/6/2024 4:27,4/6/2024 4:04,+07:00,2024032101,7a8620a3-7449-4c2b-81cb-99e9e95e8852,c3994c0c-5e27-4acb-bf07-c8ba5b69fb4b,
4/6/2024,10:49:11,Yaiko,,,,,move. Focal start,RN,ct:da42588c23abbd460000000000000000,,,Save data,4/6/2024 4:27,4/6/2024 3:49,+07:00,2024032101,5288671c-f397-4def-bc52-a9bb6c913c64,232f1e12-be36-4aa4-98c5-a9ba54485f28,
4/6/2024,9:30:57,Jim Lim,,,,Juvenile 2 Yaiko,foraging without tools. Focal start,RN,ct:da42588c23abbd460000000000000000,,,Save data,4/6/2024 4:27,4/6/2024 2:30,+07:00,2024032101,b18e1a14-e22b-4d0c-8df3-bb7e83378e7f,39c16959-f60f-427d-99a0-8f9601744635,
4/8/2024,14:27:32,Yaiko,,,,Robin,stone-tool use (oyster). Focal end.,RN,ct:da42588c23abbd460000000000000000,,,Save data,4/11/2024 0:41,4/8/2024 7:27,+07:00,2024032101,af8285d7-4a97-41fb-8a4b-ea757188feb8,c0c90493-7d06-447b-9ada-3db0f1a2a5b8,
4/8/2024,14:09:41,Yaiko,,,,Juvenile 1 Juvenile 2 Whitney,stone-tool use (oyster). Focal start,RN,ct:da42588c23abbd460000000000000000,,,Save data,4/11/2024 0:41,4/8/2024 7:09,+07:00,2024032101,7ecac384-28f7-4f86-b36e-0eb7f9efff8b,c910280f-ddcf-4a64-8d5c-23191911542c,
4/8/2024,12:12:54,Vulva,,,,,rest. Focal end,RN,ct:da42588c23abbd460000000000000000,,,Save data,4/11/2024 0:41,4/8/2024 5:12,+07:00,2024032101,edc6027e-d19e-423b-886e-77a6eab5af53,504ffa79-17e4-4ece-9d73-fed2cd3a71ba,
4/8/2024,11:49:10,Vulva,,,,Yaiko,rest. Focal start,RN,ct:da42588c23abbd460000000000000000,,,Save data,4/11/2024 0:41,4/8/2024 4:49,+07:00,2024032101,d1964080-46dc-4572-bd78-48c34700c6a4,1899d626-1ce5-4d32-84f4-737a859dd57b,
4/8/2024,9:39:49,Oreo,,,,Juvenile 1,foraging without tools. Focal end,RN,ct:da42588c23abbd460000000000000000,,,Save data,4/11/2024 0:41,4/8/2024 2:39,+07:00,2024032101,810e6192-37f5-4056-940e-149f9e0971b5,5f8dedb5-0577-4072-9ab2-378ca3b3ff04,
4/8/2024,9:22:51,Oreo,,,,Juvenile 1,move. Focal start,RN,ct:da42588c23abbd460000000000000000,,,Save data,4/11/2024 0:41,4/8/2024 2:22,+07:00,2024032101,7ede3250-0e2c-43e2-a4d7-e3e1bf850ba4,f6dbe6fb-67ac-421d-9b4c-a24bcd3238cf,
4/8/2024,8:47:30,Jim Lim,Iyla,Whitney,,Juvenile 1,grooming. Focal end,RN,ct:da42588c23abbd460000000000000000,,,Save data,4/11/2024 0:41,4/8/2024 1:47,+07:00,2024032101,21fb7131-4621-4fa6-b88b-1a67cd7f06c3,7dc96dd3-8bc4-415d-af3c-38a6f95143c1,
4/8/2024,8:27:55,Jim Lim,,Iyla,,,rest. Focal start,RN,ct:da42588c23abbd460000000000000000,,,Save data,4/11/2024 0:41,4/8/2024 1:27,+07:00,2024032101,066d190b-2aff-4669-a3c3-3e71e369370b,4f337a8e-0dd2-46aa-97f2-91cc893a0ac2,
4/8/2024,8:24:06,Robin,Juvenile 1 Juvenile 2,,,Juvenile 2,grooming. Focal end,RN,ct:da42588c23abbd460000000000000000,,,Save data,4/11/2024 0:41,4/8/2024 1:24,+07:00,2024032101,2fde7b8c-9251-4606-a94e-b329fb648910,614e4655-1eaf-4edf-81f5-c79685c35f0a,
4/8/2024,8:02:36,Robin,,,,Harley,move. Focal start,RN,ct:da42588c23abbd460000000000000000,,,Save data,4/11/2024 0:41,4/8/2024 1:02,+07:00,2024032101,41e78ef2-86bf-415f-8b5b-1d86959f3706,cda21e46-a356-4831-b707-68e3266f4fac,
4/8/2024,7:57:23,Quindoline,,Whitney,Cacao Flame,Juvenile 1,rest. Focal end,RN,ct:da42588c23abbd460000000000000000,,,Save data,4/8/2024 0:58,4/8/2024 0:57,+07:00,2024032101,7781fcc9-28bd-40be-bb99-18b68dcc10de,9503ade9-3e6f-42d2-996d-0d32d3611649,
4/8/2024,7:40:07,Quindoline,,F_Adult,Legolas,,rest. Focal start,RN,ct:da42588c23abbd460000000000000000,,,Save data,4/8/2024 0:58,4/8/2024 0:40,+07:00,2024032101,e5b126ff-2d90-4704-9276-b1e3489c7e82,aae0edd8-059d-4f05-8c67-490fdb957f16,
4/11/2024,14:12:52,Pinky,,,,,foraging without tools. Focal end,RN,ct:da42588c23abbd460000000000000000,,,Save data,4/11/2024 7:12,4/11/2024 7:12,+07:00,2024032101,744e91bf-f197-4da7-a82c-59c6c9861b3d,feffa7bb-98b8-456b-a7c7-41023cfd203d,
4/11/2024,13:56:27,Pinky,,,Juvenile 1,,foraging without tools. Focal start,RN,ct:da42588c23abbd460000000000000000,,,Save data,4/11/2024 7:12,4/11/2024 6:56,+07:00,2024032101,9d184599-7570-471f-a84d-dadd59effaca,b362433b-3fac-43f5-ac51-c94c4d2bfe3c,
4/11/2024,9:45:10,Pinky,,,Naina,Juvenile 1 Yaiko,foraging without tools. Focal start,RN,ct:da42588c23abbd460000000000000000,,,Save data,4/11/2024 6:56,4/11/2024 2:45,+07:00,2024032101,a92122b6-6a43-4bbb-aaa4-2f0760047ae1,540acd3c-8b66-40db-b3de-0ec01206756b,
4/11/2024,9:44:43,Naina,,Juvenile 1,Pinky,,rest. Focal end,RN,ct:da42588c23abbd460000000000000000,,,Save data,4/11/2024 6:56,4/11/2024 2:44,+07:00,2024032101,07fd3134-8def-4d62-9792-9be2d76f231d,69fb1a78-c1ff-4cc5-bb77-91f236e9067d,
4/11/2024,9:25:45,Naina,,Old infant,,,foraging without tools. Focal start,RN,ct:da42588c23abbd460000000000000000,,,Save data,4/11/2024 6:56,4/11/2024 2:25,+07:00,2024032101,490462a2-b938-4392-893f-e40eaf0a355d,67b32021-c6f2-4983-be46-454c757462fe,
4/11/2024,8:53:28,Jim Lim,,,,,move. Focal end,RN,ct:da42588c23abbd460000000000000000,,,Save data,4/11/2024 6:56,4/11/2024 1:53,+07:00,2024032101,64076856-760c-4b72-a387-f5e4c1ed0aa4,ebc4c90d-32e1-4f79-9bbd-592d2f26660b,
4/11/2024,8:37:17,Jim Lim,,,,Juvenile 1 Harley Oreo Yaiko,rest. Focal start,RN,ct:da42588c23abbd460000000000000000,,,Save data,4/11/2024 6:56,4/11/2024 1:37,+07:00,2024032101,7e5ba7f6-519e-45b9-a612-590944ad7e32,801e48eb-9065-4c05-8fe5-eea000081d37,
4/11/2024,8:28:16,Betina,,,,Bat Belanda,move. Focal end,RN,ct:da42588c23abbd460000000000000000,,,Save data,4/11/2024 6:56,4/11/2024 1:28,+07:00,2024032101,e420c9e4-b2af-45da-837a-6e1d5b163634,ae60a4a0-78c8-467e-bef8-597fbf5a6248,
4/11/2024,8:10:59,Betina,,,,,move. Focal start,RN,ct:da42588c23abbd460000000000000000,,,Save data,4/11/2024 6:56,4/11/2024 1:10,+07:00,2024032101,1708c52d-2658-42ee-b175-5691943e4509,540f2905-6b10-4f94-b09c-91f4889de319,
4/11/2024,8:00:59,Lip,Black infant Juvenile 2,,,Juvenile 2 Taipan,affiliative. Focal end,RN,ct:da42588c23abbd460000000000000000,,,Save data,4/11/2024 1:01,4/11/2024 1:00,+07:00,2024032101,2574afca-39f2-4e44-b619-4b6f11695d9c,f9853819-b38d-4c5c-8801-1e49798f5cbe,
4/11/2024,7:42:12,Lip,Black infant,,Juvenile 2,Black infant Kaya Vulva,stone-tool use. Focal start,RN,ct:da42588c23abbd460000000000000000,,,Save data,4/11/2024 1:01,4/11/2024 0:42,+07:00,2024032101,0fc6bd61-8585-4749-a822-33d672286446,aa2075bc-e1c8-40c6-8f87-01cd7fdf7da1,
4/12/2024,17:32:17,Kaya,Black infant,,Ali Naina,Vulva,stone-tool use (oyster). Focal end,RN,ct:da42588c23abbd460000000000000000,,,Save data,4/12/2024 12:32,4/12/2024 10:32,+07:00,2024032101,8b9c078c-f2cc-4b17-8daa-a94d0edc3e55,47490776-02e4-41b2-9cc4-e4fb9e49678c,
4/12/2024,17:15:12,Kaya,Black infant,,Ali Pat,Vulva,stone-tool use (oyster). Focal start,RN,ct:da42588c23abbd460000000000000000,,,Save data,4/12/2024 12:32,4/12/2024 10:15,+07:00,2024032101,62398036-a9dd-46ec-b6eb-35154c9cd2e0,a2d63933-8dc2-48d1-8fdf-aec09b152659,
4/12/2024,17:13:35,Yaiko,,,Juvenile 1 Juvenile 2 Iyla,,rest. Focal end,RN,ct:da42588c23abbd460000000000000000,,,Save data,4/12/2024 10:13,4/12/2024 10:13,+07:00,2024032101,4a881842-65fd-4578-8e71-d2aec6bbcf2e,2f2ca2f4-69bd-4d9e-b7e1-5fa874abad67,
4/12/2024,16:56:29,Yaiko,,,Juvenile 2 Ted Naina,,stone-tool use (oyster). Focal start,RN,ct:da42588c23abbd460000000000000000,,,Save data,4/12/2024 10:13,4/12/2024 9:56,+07:00,2024032101,8542a047-8e45-4e9b-9430-e5ba8e2f7b7b,9a9444ee-5dc7-4a67-9375-d05ea0ec15cb,
4/12/2024,16:55:58,Flame,,,,F_Subadult Yaiko,stone-tool use (oyster). Focal end,RN,ct:da42588c23abbd460000000000000000,,,Save data,4/12/2024 10:13,4/12/2024 9:55,+07:00,2024032101,aa988540-abaa-456f-b1df-620d42809593,72261512-f201-4433-8d10-1e77a03ff9f2,
4/12/2024,16:39:23,Flame,,,,Ali,stone-tool use (oyster). Focal start,RN,ct:da42588c23abbd460000000000000000,,,Save data,4/12/2024 10:13,4/12/2024 9:39,+07:00,2024032101,8f0a0b49-5265-4307-bb93-36a081f1370a,4252bfd0-8d67-49b3-b096-eb797354c1b5,
4/12/2024,16:39:05,Belanda,,,,,foraging without tools. Focal end,RN,ct:da42588c23abbd460000000000000000,,,Save data,4/12/2024 10:13,4/12/2024 9:39,+07:00,2024032101,0b4e5b60-175a-4317-9834-6e8a0c58f1a2,c206aae6-0451-43dc-b3fb-a2dddb69b045,
4/12/2024,16:22:25,Belanda,,,,Juvenile 1 Naina Robin,foraging without tools. Focal start,RN,ct:da42588c23abbd460000000000000000,,,Save data,4/12/2024 10:13,4/12/2024 9:22,+07:00,2024032101,08549c1f-11f5-4de1-9b5e-61fd98f69bec,ae738604-75f0-4207-a368-d9278bfe0c0c,
4/12/2024,15:50:26,Kal,Juvenile 1,,,,rest. Focal end,RN,ct:da42588c23abbd460000000000000000,,,Save data,4/12/2024 8:50,4/12/2024 8:50,+07:00,2024032101,46209d70-968d-44fa-8af2-d8d522ba8bff,2806d7d1-46db-4309-b3df-c7a325dac86a,
4/12/2024,15:35:32,Kal,,Juvenile 1,,,rest. Focal start,RN,ct:da42588c23abbd460000000000000000,,,Save data,4/12/2024 8:50,4/12/2024 8:35,+07:00,2024032101,d457bb86-36a5-4524-815d-4899b501d890,56364c39-4b8b-4c48-8bb0-019b13df2302,
4/12/2024,15:08:47,Ali,,,,Juvenile 2,rest. Focal end,RN,ct:da42588c23abbd460000000000000000,,,Save data,4/12/2024 8:08,4/12/2024 8:08,+07:00,2024032101,b5811d6a-d473-49ae-8df3-cc82b7902e28,f9b06371-ae43-4b03-9ff4-e2fc8ac1b8d4,
4/12/2024,14:52:26,Ali,,,Pat,,rest. Focal start,RN,ct:da42588c23abbd460000000000000000,,,Save data,4/12/2024 8:08,4/12/2024 7:52,+07:00,2024032101,f8f17a13-aff5-4bc7-8c63-5b0aca7cf9a6,2f430030-2a49-4687-b11a-b5cad560289c,
4/12/2024,13:29:15,Quindoline,,,,,rest. Focal end,RN,ct:da42588c23abbd460000000000000000,,,Save data,4/12/2024 6:29,4/12/2024 6:29,+07:00,2024032101,0be64ef9-4799-4c6e-9c51-5feb765c01dd,d663c527-97d8-4cbc-8745-f362068df9fe,
4/12/2024,13:13:20,Quindoline,,,,,rest. Focal start,RN,ct:da42588c23abbd460000000000000000,,,Save data,4/12/2024 6:13,4/12/2024 6:13,+07:00,2024032101,f779527a-e0fb-4231-a733-0b1ca8ee4c4d,1e183a91-4a63-4dad-9204-4ddf64b0a228,
4/12/2024,12:37:35,Pat,,,,,rest. Focal end,RN,ct:da42588c23abbd460000000000000000,,,Save data,4/12/2024 6:13,4/12/2024 5:37,+07:00,2024032101,d645f92b-379c-4dc2-8eaf-bb7af5c623c5,122f6fa0-409f-4b17-a44d-533ef9e84de5,
4/12/2024,12:20:11,Pat,,,,,rest. Focal start,RN,ct:da42588c23abbd460000000000000000,,,Save data,4/12/2024 6:13,4/12/2024 5:20,+07:00,2024032101,40ad2c7d-5dbd-400f-8435-2f83350221e4,f2e0c02a-7bbb-4472-8bf3-7bbc3fe23ad8,
4/12/2024,12:13:10,Naina,,,,Pat,rest. Focal end,RN,ct:da42588c23abbd460000000000000000,,,Save data,4/12/2024 6:13,4/12/2024 5:13,+07:00,2024032101,2c4ff2ee-5b3d-43bc-8e08-f8b00f8923b6,e3ae6b5c-284c-4992-bd06-7edcf4a711b0,
4/12/2024,11:56:49,Naina,,Pat Ted Harley,Juvenile 1,Black infant Juvenile 1 Juvenile 2 Lip,rest. Focal start,RN,ct:da42588c23abbd460000000000000000,,,Save data,4/12/2024 6:13,4/12/2024 4:56,+07:00,2024032101,692500c8-a8e3-489f-88a6-9249bcb67be3,0882f7b9-1aa1-42c0-b0ce-7e8005369077,
4/12/2024,11:01:26,Aura,,Robin,,,rest. Focal end. ,RN,ct:da42588c23abbd460000000000000000,,,Save data,4/12/2024 4:01,4/12/2024 4:01,+07:00,2024032101,fe9aa5a4-9b5f-4b29-9004-c6000ff0bdfd,67894f39-0f81-4cb0-84e7-3d493eb07f93,
4/12/2024,10:35:47,Aura,,,,,rest. Focal start,RN,ct:da42588c23abbd460000000000000000,,,Save data,4/12/2024 4:01,4/12/2024 3:35,+07:00,2024032101,8e8e3285-8ab3-4e94-a8e9-eef519f94af3,a64f069a-1db3-4408-a27f-8752da3d2625,
4/12/2024,10:18:49,Oreo,Oreo,,,Juvenile 1,foraging without tools. Focal end,RN,ct:da42588c23abbd460000000000000000,,,Save data,4/12/2024 4:01,4/12/2024 3:18,+07:00,2024032101,6403bfdb-4a70-40ed-9485-5223209e6174,5c6adaa3-5945-4dc5-b704-919529538e9f,
4/12/2024,10:01:35,Oreo,,,Black infant Kaya,,foraging without tools. Focal start,RN,ct:da42588c23abbd460000000000000000,,,Save data,4/12/2024 4:01,4/12/2024 3:01,+07:00,2024032101,141fc549-da90-4266-b75b-44e47426e55c,754f0b48-9d20-45a5-ba88-c92b31c745e3,
4/12/2024,9:49:13,Tutu,,,,Juvenile 2,rest. Focal end,RN,ct:da42588c23abbd460000000000000000,,,Save data,4/12/2024 4:01,4/12/2024 2:49,+07:00,2024032101,9372c850-5788-428c-8a80-a70bc7bdef2d,37a8d595-e130-4945-8e44-330babd91b2f,
4/12/2024,9:33:06,Tutu,,,,Juvenile 2 Jim Lim,rest. Focal start,RN,ct:da42588c23abbd460000000000000000,,,Save data,4/12/2024 4:01,4/12/2024 2:33,+07:00,2024032101,c368ec25-2b61-4b89-af1c-90c4863e70ca,1ab3fce3-49b4-4faf-b327-efb813b043a6,
4/12/2024,9:11:14,Jim Lim,,,,,foraging without tools. Focal end,RN,ct:da42588c23abbd460000000000000000,,,Save data,4/12/2024 2:11,4/12/2024 2:11,+07:00,2024032101,5f37a619-fe47-4c74-9766-81ce142249ab,9bf11a7c-c842-46ce-838e-3f098be4a75b,
4/12/2024,8:54:53,Jim Lim,,,,,move. Focal start,RN,ct:da42588c23abbd460000000000000000,,,Save data,4/12/2024 2:11,4/12/2024 1:54,+07:00,2024032101,082057c8-4bf8-4871-a6d7-f3bfd6cf4fe8,eea2d4cc-71af-47c6-8cab-45293356b12e,
4/12/2024,8:29:23,Whitney,,,,,rest. Focal end,RN,ct:da42588c23abbd460000000000000000,,,Save data,4/12/2024 1:29,4/12/2024 1:29,+07:00,2024032101,c845a879-495f-4f96-ba0c-d2870ad2b015,f855d093-6c33-4be6-a108-3c236cd51c70,
4/12/2024,8:12:58,Whitney,,,,,foraging without tools. Focal start,RN,ct:da42588c23abbd460000000000000000,,,Save data,4/12/2024 1:29,4/12/2024 1:12,+07:00,2024032101,3b0ae04e-f52d-4865-8547-662db20ce191,bceb853a-f708-4ab7-9222-49acf0602c67,
4/12/2024,8:06:35,Robin,,,,,"stone-tool use (oyster). Focal endCheck if ROB is indeed pregnant or not, if not she is maybe lactating.",RN,ct:da42588c23abbd460000000000000000,,,Save data,4/12/2024 1:06,4/12/2024 1:06,+07:00,2024032101,c434476c-51ea-4f45-a7b6-d3822c750467,58587906-d657-4049-9e39-6c3b0dd1100b,
4/12/2024,7:33:58,Robin,,Yaiko,,Iyla,stone-tool use (oyster). Focal start,RN,ct:da42588c23abbd460000000000000000,,,Save data,4/12/2024 1:06,4/12/2024 0:33,+07:00,2024032101,aba2c28d-f60b-4e97-837a-c10329d8c95c,0d0fb68a-949d-467d-95d4-64c1e1cddb67,
4/14/2024,9:29:09,Belanda,,,,,rest. Focal start,RN,ct:da42588c23abbd460000000000000000,,,Save data,4/15/2024 1:10,4/14/2024 2:29,+07:00,2024032101,4a080293-68fd-441a-8f66-86175a5c6632,f06d5b38-2f89-49af-984a-647cf425c8e1,
4/14/2024,8:54:29,Yaiko,,,,Juvenile 2 Jim Lim Naina,rest. Focal start,RN,ct:da42588c23abbd460000000000000000,,,Save data,4/15/2024 1:10,4/14/2024 1:54,+07:00,2024032101,85ad93ff-2fe8-4e3f-81d9-977feb88244b,ffa4df6d-bd8e-484e-9b0c-aa849c3eb990,
4/14/2024,8:21:18,Jim Lim,,Black infant Kaya,,Juvenile 1 Harley Whitney,rest. Focal start,RN,ct:da42588c23abbd460000000000000000,,,Save data,4/15/2024 1:10,4/14/2024 1:21,+07:00,2024032101,5efcf404-cd7b-4258-9057-cb61eb256c55,ca752447-19c5-4344-b411-dfbf66a44e0f,
4/14/2024,8:12:59,Betina,,,,,rest. Focal end,RN,ct:da42588c23abbd460000000000000000,,,Save data,4/15/2024 1:10,4/14/2024 1:12,+07:00,2024032101,8327c2e9-9c6c-47e7-986d-83db4838814e,3737795c-e410-4e4e-89ec-d0fdc7e4c5ea,
4/14/2024,7:56:18,Betina,Juvenile 1 Dandi,,Old infant Juvenile 1,,grooming. Focal start,RN,ct:da42588c23abbd460000000000000000,,,Save data,4/15/2024 1:10,4/14/2024 0:56,+07:00,2024032101,839349bf-56ec-4260-bfc2-d9883ad8c302,6253af61-4d6e-406d-83c0-a3034a805b63,
4/14/2024,7:52:04,Dandi,Juvenile 1 Betina,,Juvenile 1,Tutu,rest. Focal end,RN,ct:da42588c23abbd460000000000000000,,,Save data,4/15/2024 1:10,4/14/2024 0:52,+07:00,2024032101,c0a5a288-0f6e-4204-9adc-fac9d4755cd2,a2890641-336e-4dc6-88e4-6aa559d4306d,
4/14/2024,7:35:04,Harley,,,,Juvenile 2,stone-tool use. End,RN,ct:da42588c23abbd460000000000000000,,,Save data,4/15/2024 1:10,4/14/2024 0:35,+07:00,2024032101,c89a2064-4ae4-4e6f-9e71-c7de2c332102,06fb2deb-3d7d-4479-8af2-bec6dd369038,
4/14/2024,7:17:35,Aura,,,,,foraging without tools. Focal end,RN,ct:da42588c23abbd460000000000000000,,,Save data,4/15/2024 1:10,4/14/2024 0:17,+07:00,2024032101,4f8e4229-2c08-49e9-83bc-999366aa88cf,d7d32552-a0b1-4979-91b9-567844fb1d66,
4/14/2024,7:01:12,Aura,,,Naina,Juvenile 1 Tin tin,stone-tool use (oyster). Focal start,RN,ct:da42588c23abbd460000000000000000,,,Save data,4/15/2024 1:10,4/14/2024 0:01,+07:00,2024032101,045096c6-32ed-4d49-9581-3a7048a0d3ce,6585f62c-d68f-4c00-9bb5-c79192f4b608,
4/17/2024,14:19:37,Pinky,Juvenile 1,Juvenile 2,,Pat,rest. Focal end,RN,ct:da42588c23abbd460000000000000000,,,Save data,4/18/2024 0:54,4/17/2024 7:19,+07:00,2024041502,7e0d5e66-7efa-45f3-a364-077cc3105dc6,4472cb2d-dc1c-4f02-8382-75f8da6d9db7,
4/17/2024,14:03:40,Pinky,,Juvenile 1,,Pat,foraging without tools. Focal start,RN,ct:da42588c23abbd460000000000000000,,,Save data,4/18/2024 0:54,4/17/2024 7:03,+07:00,2024041502,259c5323-19f0-4148-b835-d105aba4cabf,cafbc535-f78f-4c04-8c2e-a69c86d3849f,
4/17/2024,13:55:40,Betina,,,,,rest. Focal end,RN,ct:da42588c23abbd460000000000000000,,,Save data,4/18/2024 0:54,4/17/2024 6:55,+07:00,2024041502,0106d462-181a-475f-9db8-6748be20a48c,608c2b14-2099-4203-a9e4-04167cd5e875,
4/17/2024,13:39:49,Betina,,,,Juvenile 1,move. Focal start,RN,ct:da42588c23abbd460000000000000000,,,Save data,4/18/2024 0:54,4/17/2024 6:39,+07:00,2024041502,fca70ec4-c316-49f2-b888-7272f0c266df,65d1c9f5-a797-470e-bbb8-a327880aa24f,
4/17/2024,13:37:58,Tin tin,,,Juvenile 1 Juvenile 2,Kal,move. Focal end,RN,ct:da42588c23abbd460000000000000000,,,Save data,4/17/2024 6:38,4/17/2024 6:37,+07:00,2024041502,34877e9d-895d-40d8-9e4d-60aebf208f93,be8f5035-a387-4259-8fce-2fedbcbe3d95,
4/17/2024,13:21:43,Tin tin,,,,,rest. Focal start,RN,ct:da42588c23abbd460000000000000000,,,Save data,4/17/2024 6:38,4/17/2024 6:21,+07:00,2024041502,2dd13474-9d74-4fdb-bb2d-c885c35da740,fb86149c-cfc3-4f5a-8af0-519955e7a773,
4/17/2024,12:44:26,Pat,,,,,move. Focal end,RN,ct:da42588c23abbd460000000000000000,,,Save data,4/17/2024 6:21,4/17/2024 5:44,+07:00,2024041502,2db36631-0425-477c-a24e-efd06e9df29c,d3011dba-03ea-4c9e-a072-832aaad79a25,
4/17/2024,12:19:16,Pat,Cacao,,,Juvenile 1,rest. Focal start,RN,ct:da42588c23abbd460000000000000000,,,Save data,4/17/2024 6:21,4/17/2024 5:19,+07:00,2024041502,2e89b33d-1a6a-444b-a21e-d0473e6170a0,a73dc707-712b-4488-a8ed-fab92cec90a1,
4/17/2024,11:53:32,Dandi,,,,Black infant Lip,stone-tool use (oyster). Focal end,RN,ct:da42588c23abbd460000000000000000,,,Save data,4/17/2024 6:21,4/17/2024 4:53,+07:00,2024041502,522e6580-c411-47d9-85d8-2844ac400c84,267f1373-f6f7-4624-897a-c8edc381698b,
4/17/2024,11:36:56,Dandi,,,,Bat Legolas,rest. Focal start,RN,ct:da42588c23abbd460000000000000000,,,Save data,4/17/2024 6:21,4/17/2024 4:36,+07:00,2024041502,c4a6653f-91fb-46c7-87be-44f0a16a3cfb,fb703364-d7f0-4b2e-bb33-828bff0ee8ee,
4/17/2024,11:05:23,Ted,,,,Naina,stone-tool use (oyster). Focal start,RN,ct:da42588c23abbd460000000000000000,,,Save data,4/17/2024 4:05,4/17/2024 4:05,+07:00,2024041502,46175de9-64ab-4f6a-9e7b-98c4bcb33d14,599284b9-7276-4006-a45e-ad12d318a277,
4/17/2024,10:48:32,Ted,,Naina,,,rest. Focal start,RN,ct:da42588c23abbd460000000000000000,,,Save data,4/17/2024 4:05,4/17/2024 3:48,+07:00,2024041502,82034402-35e7-4037-93ac-8611c9e4d571,aa25a83b-8ed8-45ad-96fc-2ca9b0dfde2e,
4/17/2024,10:46:42,Yaiko,,Black infant Kaya Oreo,Juvenile 2,,rest. Focal end,RN,ct:da42588c23abbd460000000000000000,,,Save data,4/17/2024 4:05,4/17/2024 3:46,+07:00,2024041502,94263093-2d3f-4ba8-b1d3-02755f16d9b3,fd04f28a-33d7-4ce9-828f-e2a495ec061f,
4/17/2024,10:29:54,Yaiko,,,Juvenile 1 Kaya Dandi,,stone-tool use (oyster). Focal start,RN,ct:da42588c23abbd460000000000000000,,,Save data,4/17/2024 4:05,4/17/2024 3:29,+07:00,2024041502,265fd112-3304-4d7e-8058-67720ba4e6f1,5df3b9b7-ed71-4816-93e6-de95252c53a4,
4/17/2024,10:05:01,Lip,Black infant,,Juvenile 1,Belanda,stone-tool use (oyster). Focal end,RN,ct:da42588c23abbd460000000000000000,,,Save data,4/17/2024 4:05,4/17/2024 3:05,+07:00,2024041502,c888fda1-3025-4a50-ab2c-7f7b9c963607,28d90c57-abb8-4bf7-b691-aa8a04502156,
4/17/2024,9:48:06,Lip,Black infant,,,Robin,stone-tool use (oyster). Focal start,RN,ct:da42588c23abbd460000000000000000,,,Individuals,4/17/2024 4:05,4/17/2024 2:48,+07:00,2024041502,22ba69f3-4eff-4850-b028-cfee99b2298a,28d90c57-abb8-4bf7-b691-aa8a04502156,
4/17/2024,9:24:59,Kaya,Black infant,,,,stone-tool use (oyster). Focal start,RN,ct:da42588c23abbd460000000000000000,,,Save data,4/17/2024 4:05,4/17/2024 2:24,+07:00,2024041502,44dbcfe0-e925-4dfa-994b-1de58085f462,a79e321b-3847-4880-9a51-f7e1465710f3,
4/17/2024,9:21:38,Iyla,Kal,,,Pat Yaiko,groom. Focal end,RN,ct:da42588c23abbd460000000000000000,,,Save data,4/17/2024 2:21,4/17/2024 2:21,+07:00,2024041502,c2c20fe5-4eb3-4b94-9aee-fecfe6cf621d,3e2a5553-dc96-4c89-82dc-1c3bce29b941,
4/17/2024,9:05:14,Iyla,,,,,stone-tool use (oyster). Focal start,RN,ct:da42588c23abbd460000000000000000,,,Save data,4/17/2024 2:21,4/17/2024 2:05,+07:00,2024041502,1a0e3ba1-74b7-4108-943c-f90f9fec0e66,58c2697a-554c-4a53-9d6c-c2032906cdb7,
4/17/2024,9:04:10,Flame,F_Subadult,,Betina,Juvenile 1 Juvenile 2 Belanda,groom. Focal end,RN,ct:da42588c23abbd460000000000000000,,,Save data,4/17/2024 2:04,4/17/2024 2:04,+07:00,2024041502,e1915c2a-d7c6-43c1-9d92-956abdea5757,5bd7bae1-36c8-4d4e-a8e2-8949571d20f9,
4/17/2024,8:47:51,Flame,,Dandi,,Belanda,stone-tool use (oyster). Focal start,RN,ct:da42588c23abbd460000000000000000,,,Save data,4/17/2024 2:04,4/17/2024 1:47,+07:00,2024041502,4bd3c8a5-3aa2-4a34-b810-4d8bd337ce36,198b893c-82bf-4547-af68-9d52db299d05,
4/17/2024,8:46:16,Bat,,,,,stone-tool use (oyster). Focal end,RN,ct:da42588c23abbd460000000000000000,,,Save data,4/17/2024 2:04,4/17/2024 1:46,+07:00,2024041502,2e672138-edcb-4cdb-bc78-650762bd98ea,3ed258d2-39e6-4ec2-aa31-5a5bf9032286,
4/17/2024,8:30:10,Bat,,,,Old infant Juvenile 1 Kal,stone-tool use (oyster). Focal start,RN,ct:da42588c23abbd460000000000000000,,,Save data,4/17/2024 2:04,4/17/2024 1:30,+07:00,2024041502,38911f4e-7a1f-4c5a-95b8-ef36740dc0d4,34bf4a80-3d4a-4b82-91f3-6f4b9509984b,
4/18/2024,16:03:26,Iyla,,,Whitney,,stone-tool use (oyster).  Focal start,RN,ct:da42588c23abbd460000000000000000,,,Save data,4/19/2024 1:19,4/18/2024 9:03,+07:00,2024041502,b0ba5934-0f47-4162-8470-6d3598fdca50,89bc0272-b507-4e3a-98bf-7afa8082792f,
4/18/2024,16:01:44,Whitney,,,,Black infant Lip,move. Focal end,RN,ct:da42588c23abbd460000000000000000,,,Save data,4/18/2024 9:01,4/18/2024 9:01,+07:00,2024041502,55417c6d-c938-4c77-8516-153f0bcb0066,ab29f96e-ebf3-4b52-b8f1-92fc60f9e55f,
4/18/2024,15:44:05,Whitney,,,Black infant Lip Naina,,stone-tool use (oyster). Focal start,RN,ct:da42588c23abbd460000000000000000,,,Save data,4/18/2024 8:44,4/18/2024 8:44,+07:00,2024041502,04d795cf-67fc-46b6-973f-b62d83497673,218b0209-2d95-42e1-ab71-e0ad262c61ca,
4/18/2024,15:37:39,Kaya,Black infant,Yaiko,,,foraging without tools. Focal end,RN,ct:da42588c23abbd460000000000000000,,,Save data,4/18/2024 8:44,4/18/2024 8:37,+07:00,2024041502,54f70428-c410-45f1-89dc-05a339aba113,92fe013a-9723-47c0-8db0-4908df962791,
4/18/2024,15:20:59,Kaya,,Black infant Juvenile 1,,Juvenile 1,stone-tool use (oyster). Focal end,RN,ct:da42588c23abbd460000000000000000,,,Save data,4/18/2024 8:44,4/18/2024 8:20,+07:00,2024041502,efb2c175-a83b-4c2d-9526-ea8481311955,75f54b00-f3fb-462c-8c59-d06533c7b8fe,
4/18/2024,15:13:11,Ali,Yulu,Black infant Juvenile 1 Juvenile 2 Lip,,,groom. Focal end,RN,ct:da42588c23abbd460000000000000000,,,Save data,4/18/2024 8:13,4/18/2024 8:13,+07:00,2024041502,e7d56870-6f9a-4423-9fe7-0bc190d71dfb,1524c9f0-0773-437a-8ab8-db4ad0f91d47,
4/18/2024,14:56:53,Ali,,Taipan,Black infant Lip,,rest. Focal start,RN,ct:da42588c23abbd460000000000000000,,,Save data,4/18/2024 8:13,4/18/2024 7:56,+07:00,2024041502,0b761484-4901-4455-a0db-5b3ca1c58d71,75ded6d0-980a-4771-9118-ce9a495f0636,
4/18/2024,14:43:19,Lip,Black infant,Ali Taipan,,,stone-tool use (oyster). Focal end,RN,ct:da42588c23abbd460000000000000000,,,Save data,4/18/2024 7:43,4/18/2024 7:43,+07:00,2024041502,f8f344a3-a8df-493f-ab79-699089c92d7e,e922c5bf-d7f5-408b-9200-79c42235ed32,
4/18/2024,14:25:27,Lip,Black infant,,,,stone-tool use (oyster). Focal start,RN,ct:da42588c23abbd460000000000000000,,,Save data,4/18/2024 7:43,4/18/2024 7:25,+07:00,2024041502,edbb0bb0-26c4-494b-a697-505bbb4ba185,c0573ba4-5def-4dbe-9856-1d8f7fc7bfcc,
4/18/2024,14:00:03,Dandi,Juvenile 1,,,,rest. Focal start,RN,ct:da42588c23abbd460000000000000000,,,Save data,4/18/2024 7:43,4/18/2024 7:00,+07:00,2024041502,65387850-2ff5-4d60-ad30-ca9c70b2ec4f,3fb01ab0-f435-47f1-8ab8-fa01fa0031c8,
4/18/2024,13:43:35,Robin,,Juvenile 1,,,rest. Focal end,RN,ct:da42588c23abbd460000000000000000,,,Save data,4/18/2024 7:43,4/18/2024 6:43,+07:00,2024041502,580e854c-a313-4a62-a4f7-d67848ccc104,27967125-6a4f-4a46-997c-38624ab8458d,
4/18/2024,13:26:53,Robin,,,,,stone-tool use (oyster). Focal start,RN,ct:da42588c23abbd460000000000000000,,,Save data,4/18/2024 6:43,4/18/2024 6:26,+07:00,2024041502,2e283d7d-9c79-4801-a1f6-60bb8143c410,00524165-9faa-45e1-abfb-f709d0ea6f9a,
4/18/2024,13:25:51,Jim Lim,,,Vulva,Robin,stone-tool use (oyster). Focal end,RN,ct:da42588c23abbd460000000000000000,,,Save data,4/18/2024 6:43,4/18/2024 6:25,+07:00,2024041502,1b4181e3-c2e0-4db0-80d7-c5d454618ed4,19157600-82ca-4a4f-aad5-0ab5593d6ed1,
4/18/2024,13:09:15,Jim Lim,,,,F_Adult,move. Focal start,RN,ct:da42588c23abbd460000000000000000,,,Save data,4/18/2024 6:43,4/18/2024 6:09,+07:00,2024041502,36cde833-5289-4a60-84e4-069dfa7c62f7,d2c3d495-4520-4800-b304-520414602e3c,
4/18/2024,13:05:34,Tin tin,,,,,rest. Focal end,RN,ct:da42588c23abbd460000000000000000,,,Save data,4/18/2024 6:43,4/18/2024 6:05,+07:00,2024041502,f61982eb-e151-45ce-ab9a-b54103e5c4c6,164f2846-0117-4540-8e4b-652eb2270606,
4/18/2024,12:47:23,Tin tin,,,,Juvenile 1 Flame,move. Focal start,RN,ct:da42588c23abbd460000000000000000,,,Save data,4/18/2024 6:43,4/18/2024 5:47,+07:00,2024041502,11751f13-24a8-422d-8665-8e217cb1087e,523d8bd3-28b8-4c59-8944-e1e7a041985f,
4/18/2024,12:17:40,Flame,Oreo,,,,groom. Focal end,RN,ct:da42588c23abbd460000000000000000,,,Save data,4/18/2024 6:43,4/18/2024 5:17,+07:00,2024041502,26d92b09-dab5-4e05-b6f0-9c7233e7347f,ce47f4a4-a302-46ed-8592-909d908f613f,
4/18/2024,12:00:49,Flame,Oreo,Juvenile 1,,,rest. Focal start,RN,ct:da42588c23abbd460000000000000000,,,Save data,4/18/2024 6:43,4/18/2024 5:00,+07:00,2024041502,19fa906a-49ed-4032-bcae-8d1b8ff1d794,1942f559-bc03-4461-bbdf-daae6f22212c,
4/18/2024,11:58:43,Taipan,,,,,rest. Focal end,RN,ct:da42588c23abbd460000000000000000,,,Save data,4/18/2024 6:43,4/18/2024 4:58,+07:00,2024041502,09b9ec24-5215-4881-b1c2-8c1d6036e5be,a254b1d8-f38a-498b-86cf-350c66bd05db,
4/18/2024,11:43:01,Taipan,,,Legolas,,rest. Focal start,RN,ct:da42588c23abbd460000000000000000,,,Save data,4/18/2024 6:43,4/18/2024 4:43,+07:00,2024041502,3d272a28-1e0f-421a-94f9-cae17837099d,7fa3b764-fe78-4dd5-804e-5735f84b16b6,
4/18/2024,9:37:40,Bat,,,,,rest. Focal start,RN,ct:da42588c23abbd460000000000000000,,,Save data,4/18/2024 4:58,4/18/2024 2:37,+07:00,2024041502,370c4bb1-2f07-4a41-9dd6-157d3f9e52f8,ff9944db-0b04-403c-af1f-5901a4401bc4,
4/18/2024,9:26:36,Belanda,,,,Juvenile 1 Juvenile 2,rest. Focal end,RN,ct:da42588c23abbd460000000000000000,,,Save data,4/18/2024 4:58,4/18/2024 2:26,+07:00,2024041502,cac09ca9-201f-4072-9cb8-0bd395511620,302db6ff-54bd-4d33-be6f-c57929237a2f,
4/18/2024,9:10:07,Belanda,,,,,rest. Focal start,RN,ct:da42588c23abbd460000000000000000,,,Save data,4/18/2024 4:58,4/18/2024 2:10,+07:00,2024041502,98dcd9c5-e317-4fb1-a80b-acd218787155,5fe78757-24a6-4d67-a762-ce963fd13985,
4/18/2024,8:32:10,Naina,,Juvenile 2,,Juvenile 1,rest. Focal start,RN,ct:da42588c23abbd460000000000000000,,,Save data,4/18/2024 4:58,4/18/2024 1:32,+07:00,2024041502,669b3fb5-3f1a-4962-9ccf-bef9a238bee2,a47546e5-4448-4862-a2e1-1729ea954e3f,
4/18/2024,8:26:00,Bat,,,,Naina,rest. Focal start,RN,ct:da42588c23abbd460000000000000000,,,Save data,4/18/2024 4:58,4/18/2024 1:26,+07:00,2024041502,5ea7c251-a791-4508-93ae-df0952a07548,2ff27419-dbbc-4771-92cb-4ed0b31c3995,
4/18/2024,8:22:30,Tutu,,,Juvenile 1,Cacao,move. Focal end,RN,ct:da42588c23abbd460000000000000000,,,Save data,4/18/2024 4:58,4/18/2024 1:22,+07:00,2024041502,ba4baf7e-8f89-447c-92d7-3f927b0e2191,d7e645ff-3ffd-41ef-a898-60613c0d0f7a,
4/18/2024,8:06:39,Tutu,,,,Juvenile 1,rest. Focal start,RN,ct:da42588c23abbd460000000000000000,,,Save data,4/18/2024 4:58,4/18/2024 1:06,+07:00,2024041502,a54cb712-ac84-4ba1-8c08-7cb50f4203d7,3241cd7b-4631-4a5f-818f-3187f68a01bf,
4/18/2024,8:00:07,Ali,,,,Pat,move. Focal start,RN,ct:da42588c23abbd460000000000000000,,,Save data,4/18/2024 4:58,4/18/2024 1:00,+07:00,2024041502,218598c3-794b-489f-9ddb-c283ab9b07ba,a04261fa-175e-41c0-aff0-c83750b8b5d1,
4/19/2024,15:15:02,Santa,,,,,stone-tool use (oyster). Focal start,RN,ct:da42588c23abbd460000000000000000,,,Save data,4/19/2024 9:07,4/19/2024 8:15,+07:00,2024041502,d6a79424-f650-4427-8e50-f738e9a5b088,97feb04b-eaca-48d9-8baa-05952ff8ad78,
4/19/2024,13:49:49,Cacao,,Black infant Juvenile 1 Lip,,Belanda Dandi,stone-tool use (oyster). Focal start,RN,ct:da42588c23abbd460000000000000000,,,Save data,4/19/2024 9:07,4/19/2024 6:49,+07:00,2024041502,49707fdb-509c-438a-b67b-5b79453f4dcc,6def2659-bf2f-47c8-9832-784ba064b45a,
4/19/2024,13:47:19,Iyla,Oreo,,,,rest. Focal end,RN,ct:da42588c23abbd460000000000000000,,,Save data,4/19/2024 6:47,4/19/2024 6:47,+07:00,2024041502,b81f0aba-aad2-4702-b844-dab078c6a062,fbf54310-790c-4d76-a9ab-e742f881bf97,
4/19/2024,13:30:03,Iyla,,,,,foraging without tools. Focal start,RN,ct:da42588c23abbd460000000000000000,,,Save data,4/19/2024 6:46,4/19/2024 6:30,+07:00,2024041502,04dac22d-4d71-4035-9ba5-dd2043ed99dd,35f07b5d-c1d2-46c4-90b9-14d311719c1e,
4/19/2024,12:27:36,Rambo,,,,Juvenile 2 Ali Legolas,foraging without tools. Focal end,RN,ct:da42588c23abbd460000000000000000,,,Save data,4/19/2024 6:46,4/19/2024 5:27,+07:00,2024041502,b4e2d9c8-0074-4f4e-9e66-b2ed3de8ab5e,1f033897-c056-427b-9473-1e5540d3c899,
4/19/2024,12:10:31,Rambo,,,,,rest. Focal end,RN,ct:da42588c23abbd460000000000000000,,,Save data,4/19/2024 6:46,4/19/2024 5:10,+07:00,2024041502,5962625f-77a4-42b1-94bd-88899f63845b,f3d24da8-64fc-4cfd-82d4-ccd38c714867,
4/19/2024,12:03:05,Jim Lim,,,,Pat,move. Focal end,RN,ct:da42588c23abbd460000000000000000,,,Save data,4/19/2024 6:46,4/19/2024 5:03,+07:00,2024041502,a3092cc2-1b8a-4514-85dc-44b876ecb88a,3fdc9390-a845-420a-9a43-3efd0a27d2af,
4/19/2024,11:46:19,Jim Lim,Juvenile 1 Oreo,,,,groom (emitter). Focal start,RN,ct:da42588c23abbd460000000000000000,,,Save data,4/19/2024 6:46,4/19/2024 4:46,+07:00,2024041502,ecf2e61b-9a30-455b-9899-92a0827eee40,cd01a6e8-2bd6-4bb1-b4f9-722bc12ebe2e,
4/19/2024,11:45:58,Oreo,Juvenile 1 Jim Lim,,,,rest. Focal end,RN,ct:da42588c23abbd460000000000000000,,,Save data,4/19/2024 4:46,4/19/2024 4:45,+07:00,2024041502,e983d44a-b270-4720-bad3-54c40e3a2342,3e745f95-0b93-4879-9192-cf6146aef2d7,
4/19/2024,11:29:47,Oreo,,,,Black infant Granny,stone-tool use (oyster). Focal start,RN,ct:da42588c23abbd460000000000000000,,,Save data,4/19/2024 4:46,4/19/2024 4:29,+07:00,2024041502,7ba96c02-c7bd-4fc0-8c84-87aa51fc8f25,87ef233c-4142-4d4a-ab04-41e07db59b15,
4/19/2024,11:23:55,Naina,,,,Juvenile 1 Bat,rest. Focal end,RN,ct:da42588c23abbd460000000000000000,,,Save data,4/19/2024 4:46,4/19/2024 4:23,+07:00,2024041502,f05a6b53-57d3-458a-ac92-3cb6968bb795,15992841-2526-462d-af23-813b96679c35,
4/19/2024,11:07:27,Naina,Bat,,Juvenile 1,Juvenile 1 Legolas,stone-tool use (oyster). Focal start,RN,ct:da42588c23abbd460000000000000000,,,Save data,4/19/2024 4:46,4/19/2024 4:07,+07:00,2024041502,e684add7-dd43-4064-8f11-bd79f2849ce3,041f21b2-fb57-4213-a13c-1b384ade488a,
4/19/2024,11:05:19,Ted,,,Juvenile 1,,rest. Focal end,RN,ct:da42588c23abbd460000000000000000,,,Save data,4/19/2024 4:46,4/19/2024 4:05,+07:00,2024041502,5557e0f4-505f-4f19-b55b-44b3cfa28eed,b6941185-b20a-496c-94bf-06417cc3dad2,
4/19/2024,10:49:21,Ted,,Juvenile 1 Juvenile 2 Kal Naina,,Juvenile 1,rest. Focal start,RN,ct:da42588c23abbd460000000000000000,,,Save data,4/19/2024 4:46,4/19/2024 3:49,+07:00,2024041502,e7c8902f-fcf5-42e0-bc29-1ebc89cdbd72,4bbac158-eb65-439c-8b66-08baa6801793,
4/19/2024,10:40:19,Belanda,,,,Black infant Juvenile 1 Ali Kaya Lip Oreo Yaiko,rest. Focal end,RN,ct:da42588c23abbd460000000000000000,,,Save data,4/19/2024 4:46,4/19/2024 3:40,+07:00,2024041502,e51d8e1e-259f-4d54-aa68-2482a6c07704,41f4b472-1d00-4d27-84db-c9bd8c647c34,
4/19/2024,10:23:01,Belanda,,,,Juvenile 1 Ali Tutu Lip Robin,rest. Focal start,RN,ct:da42588c23abbd460000000000000000,,,Save data,4/19/2024 4:46,4/19/2024 3:23,+07:00,2024041502,cc1a66b6-fc25-4983-8aa5-5e7393dceaa7,7b4bb1b8-b04f-4878-be32-761dec471810,
4/19/2024,10:21:41,Tutu,,,,Belanda,foraging without tools. Focal end,RN,ct:da42588c23abbd460000000000000000,,,Save data,4/19/2024 4:46,4/19/2024 3:21,+07:00,2024041502,d2376216-0396-4f76-85a6-58f6966a7f3b,4c0458a8-de1b-4993-84dd-407db8c21576,
4/19/2024,10:04:52,Tutu,,,,Juvenile 1 Robin Taipan,stone-tool use (oyster). Focal start,RN,ct:da42588c23abbd460000000000000000,,,Save data,4/19/2024 3:21,4/19/2024 3:04,+07:00,2024041502,a35ebedb-4d3c-445b-87fc-041bfce72f58,7b2185ed-14c7-4183-af67-d4bdbb6d76a6,
4/19/2024,9:53:36,Quindoline,,,,,stone-tool use (oyster). Focal end,RN,ct:da42588c23abbd460000000000000000,,,Save data,4/19/2024 3:21,4/19/2024 2:53,+07:00,2024041502,74621f9a-b394-4780-9f12-cd2b22ad8d95,09a6f7f5-af44-4d7a-b06d-82a225a3340e,
4/19/2024,9:37:02,Quindoline,,,,,stone-tool use (oyster). Focal start,RN,ct:da42588c23abbd460000000000000000,,,Save data,4/19/2024 3:21,4/19/2024 2:37,+07:00,2024041502,d2d430a0-f237-4969-bec6-665f560c485f,b0a8bc3d-e1ec-4872-ab19-cf64855d3d31,
4/19/2024,9:19:20,Ali,,,Juvenile 1,Juvenile 1 Juvenile 2,rest. Focal start,RN,ct:da42588c23abbd460000000000000000,,,Save data,4/19/2024 3:21,4/19/2024 2:19,+07:00,2024041502,4c779a6c-3ad9-4638-af62-f8cb51abe995,cbbd8143-c3cd-4036-b89e-4ac0a4411338,
4/19/2024,9:15:05,Kal,,,,Juvenile 2 Legolas,rest. Focal end ,RN,ct:da42588c23abbd460000000000000000,,,Save data,4/19/2024 3:21,4/19/2024 2:15,+07:00,2024041502,53e2d36e-7d1c-4f68-92f7-ec7493547cae,99a26d19-5211-4951-84d7-784c98396ea2,
4/19/2024,8:58:51,Kal,,,,,rest. Focal start,RN,ct:da42588c23abbd460000000000000000,,,Save data,4/19/2024 3:21,4/19/2024 1:58,+07:00,2024041502,da66aa72-e75e-43c9-8137-07b1496e0fec,f43ef6ac-8cf0-4706-bfe0-248def20f79c,
4/19/2024,8:47:22,Ali,,,Bat,Juvenile 1,move. Focal start,RN,ct:da42588c23abbd460000000000000000,,,Save data,4/19/2024 3:21,4/19/2024 1:47,+07:00,2024041502,866bdbc4-35c8-4d55-b6bf-6017270f7b89,d0f7d309-fbbd-4c37-8ff6-59798e944518,
4/19/2024,8:20:08,Pat,,,,,move. Focal start,RN,ct:da42588c23abbd460000000000000000,,,Save data,4/19/2024 3:21,4/19/2024 1:20,+07:00,2024041502,37790142-1ad8-428f-8307-0f5d3f583bb0,d3933955-2109-4859-a59e-ae01d0e9266f,
5/9/2024,16:38:25,Aura,,Juvenile 1,Juvenile 1 Juvenile 2 Robin,Oreo,stone-tool use (oyster). Focal start,RN,ct:29334e2a21ae09f70000000000000000,,,Save data,5/10/2024 0:54,5/9/2024 9:38,+07:00,2024042601,c5e95865-403a-42b4-8543-be3a092d6388,81304a68-7fbc-4065-8f66-56d5bb117e6a,
5/9/2024,16:36:47,Iyla,,,,Pinky,stone-tool use (oyster). Focal end,RN,ct:29334e2a21ae09f70000000000000000,,,Save data,5/10/2024 0:54,5/9/2024 9:36,+07:00,2024042601,3190ad89-8f42-441d-b22c-02726cd34572,1fea64c7-2062-41fd-b100-aa8e9683216a,
5/9/2024,16:02:15,Iyla,Oreo,,,Juvenile 1 Juvenile 2,groom (emitter). Focal start,RN,ct:29334e2a21ae09f70000000000000000,,,Save data,5/10/2024 0:54,5/9/2024 9:02,+07:00,2024042601,09e4dc95-ba72-48f3-af5d-8abb12c421ed,4dabb9b3-7d3f-4aff-b1ce-6d95d75c89cd,
5/9/2024,15:36:56,Granny,Black infant,Juvenile 1 Juvenile 2,Juvenile 1 Juvenile 2 Betina Yaiko,,stone-tool use (oyster). Focal end,RN,ct:29334e2a21ae09f70000000000000000,,,Save data,5/9/2024 8:36,5/9/2024 8:36,+07:00,2024042601,263b5f35-87b2-42d1-a58e-3694618d7eb9,48d891ec-9f30-4d3a-8077-3be14f60f7b0,
5/9/2024,15:18:49,Granny,Black infant,,,,stone-tool use (oyster). Focal start,RN,ct:29334e2a21ae09f70000000000000000,,,Save data,5/9/2024 8:36,5/9/2024 8:18,+07:00,2024042601,7940e5a1-5750-486b-8aa1-5f152b409367,66ee2ceb-bc7d-4d27-a524-6bed420b599c,
5/9/2024,14:58:31,Legolas,,,,,rest. Focal start,RN,ct:29334e2a21ae09f70000000000000000,,,Save data,5/9/2024 8:36,5/9/2024 7:58,+07:00,2024042601,99558fdf-b731-4a20-a51a-20cba0dc968b,5a413e53-a5f9-409c-9049-0d6919767f10,
5/9/2024,13:38:30,Betina,,,,,rest. Focal start,RN,ct:29334e2a21ae09f70000000000000000,,,Save data,5/9/2024 8:36,5/9/2024 6:38,+07:00,2024042601,93adfcc2-238c-4c06-90ed-623c448b12c8,ea9db0f4-8bf2-4547-9911-5c358d88edf4,
5/9/2024,13:19:18,Kal,,,,,move. Focal end,RN,ct:29334e2a21ae09f70000000000000000,,,Save data,5/9/2024 6:19,5/9/2024 6:19,+07:00,2024042601,7ea02549-eba3-420c-bd82-0752ec147288,4ab195f0-e992-4406-9de3-3f27a6337a4b,
5/9/2024,13:02:47,Kal,,,,Bat,rest. Focal start,RN,ct:29334e2a21ae09f70000000000000000,,,Save data,5/9/2024 6:19,5/9/2024 6:02,+07:00,2024042601,8c8a0435-fb14-4f65-9f68-341adc079c41,50340d15-3894-4ec8-8ef9-54db7ba77970,
5/9/2024,13:00:33,Yaiko,,,,,foraging without tools. Focal end,RN,ct:29334e2a21ae09f70000000000000000,,,Save data,5/9/2024 6:00,5/9/2024 6:00,+07:00,2024042601,ed6e65d5-5f31-44d6-ba88-e9d9b01e9744,9d1bb241-5bca-4bd2-ae6a-556a558ea470,
5/9/2024,12:44:29,Yaiko,,,,,rest. Focal start,RN,ct:29334e2a21ae09f70000000000000000,,,Save data,5/9/2024 6:00,5/9/2024 5:44,+07:00,2024042601,89b08c06-f629-46f7-ae29-efa208765dac,5f334c19-e637-4df0-a36a-cf2ce216e67b,
5/9/2024,12:18:57,Kaya,Black infant,,Aura,,rest. Focal start,RN,ct:29334e2a21ae09f70000000000000000,,,Save data,5/9/2024 6:00,5/9/2024 5:18,+07:00,2024042601,f043aa9f-a1ea-48e9-a265-275f44ec9066,9ea6ddb8-7e63-476b-8300-6f017e73bba0,
5/9/2024,11:59:13,Ali,,,,Jim Lim,foraging without tools. Focal end,RN,ct:29334e2a21ae09f70000000000000000,,,Save data,5/9/2024 4:59,5/9/2024 4:59,+07:00,2024042601,c33d9b2b-1336-4ab4-943c-c1d1d4a5b03c,7077b3c4-80e8-41a0-96b3-62804146197b,
5/9/2024,11:42:58,Ali,,,,,foraging without tools. Focal start,RN,ct:29334e2a21ae09f70000000000000000,,,Save data,5/9/2024 4:59,5/9/2024 4:42,+07:00,2024042601,8d6d985d-7886-4cab-8bc8-fecf6dd220fd,51431cb3-e0eb-482f-99f3-c8a27549bcd3,
5/9/2024,11:35:48,Taipan,,,Jim Lim,,rest. Focal end,RN,ct:29334e2a21ae09f70000000000000000,,,Save data,5/9/2024 4:59,5/9/2024 4:35,+07:00,2024042601,6ac284f5-9f33-4265-8379-2bb4fcc2e616,566d9c7a-e6f2-44ea-a26a-320dca57233d,
5/9/2024,11:19:05,Taipan,,,,Juvenile 2 Jim Lim,foraging without tools. Focal start,RN,ct:29334e2a21ae09f70000000000000000,,,Save data,5/9/2024 4:59,5/9/2024 4:19,+07:00,2024042601,743aca16-1e68-4527-976d-df6824522f00,f3183c9d-8d7c-4ad4-8b89-8453ad840332,
5/9/2024,11:17:37,Jim Lim,Juvenile 2,,,,groom. Change Juv1 to Juv2 in focal as well. ,RN,ct:29334e2a21ae09f70000000000000000,,,Save data,5/9/2024 4:17,5/9/2024 4:17,+07:00,2024042601,1a7a7d16-fc0a-4ed9-83db-d3c17d165fb6,e194f302-d360-4e0f-8073-762858584679,
5/9/2024,11:00:15,Jim Lim,,,,,rest. ,RN,ct:29334e2a21ae09f70000000000000000,,,Save data,5/9/2024 4:17,5/9/2024 4:00,+07:00,2024042601,93a720f7-ba07-4886-b130-f144cc890c95,7a3c0c04-f8bb-46c2-8598-2f693c93afff,
5/9/2024,10:51:33,Taipan,,,,Juvenile 2,rest. Focal start,RN,ct:29334e2a21ae09f70000000000000000,,,Save data,5/9/2024 4:17,5/9/2024 3:51,+07:00,2024042601,4af1c11e-a5e9-4887-821f-b1db4fd7fdf3,67881ccf-8ffb-464a-91a7-63b3d9682dd2,
5/9/2024,9:24:40,Naina,Juvenile 1,,,,groom (emitter). Focal end,RN,ct:29334e2a21ae09f70000000000000000,,,Save data,5/9/2024 2:24,5/9/2024 2:24,+07:00,2024042601,589b9ce5-db28-4b81-9d13-c4b2cc9f87de,de2810e8-a2fe-400e-97ef-ed8d315a2fa3,
5/9/2024,9:05:36,Naina,,,,Juvenile 2,rest. Focal start,RN,ct:29334e2a21ae09f70000000000000000,,,Save data,5/9/2024 2:24,5/9/2024 2:05,+07:00,2024042601,89a6f18a-3c57-4af5-afd5-a7fb9e85ceb3,e63647c6-6df9-4b0a-b5f5-799068dfdd8e,
5/9/2024,9:03:22,Ali,,,Juvenile 1,Kal,foraging without tools. Focal end,RN,ct:29334e2a21ae09f70000000000000000,,,Save data,5/9/2024 2:03,5/9/2024 2:03,+07:00,2024042601,372e3d69-bc83-49a1-98c0-24a4fa05ffb4,b6ec01df-43cd-49cb-abf0-771a41a24aaa,
5/9/2024,8:47:25,Ali,,,Iyla,,rest. Focal start,RN,ct:29334e2a21ae09f70000000000000000,,,Save data,5/9/2024 2:03,5/9/2024 1:47,+07:00,2024042601,dd646486-d7dc-48ee-8614-7ef32df9b32e,f972d48a-61d7-4809-b681-41a47e9cd9bd,
5/9/2024,8:30:56,Betina,,,,,foraging without tools. Focal end,RN,ct:29334e2a21ae09f70000000000000000,,,Save data,5/9/2024 1:30,5/9/2024 1:30,+07:00,2024042601,5df5a910-370c-46dd-b42c-071a64dab979,7132b090-eb81-4abf-80c2-30e19b417475,
5/9/2024,8:14:28,Betina,,,,,rest. Focal start,RN,ct:29334e2a21ae09f70000000000000000,,,Save data,5/9/2024 1:30,5/9/2024 1:14,+07:00,2024042601,4a8cbe83-b1f2-4270-a0c8-be723ad236dc,7bb00e83-dc46-4806-9fc7-ca9510a1c386,
5/9/2024,8:02:31,Lip,Black infant,,,,rest. Focal end,RN,ct:29334e2a21ae09f70000000000000000,,,Save data,5/9/2024 1:30,5/9/2024 1:02,+07:00,2024042601,72561650-733a-463f-bcab-a94ec0723973,44120f8b-a972-4051-8675-ad3d0ceb79f4,
5/9/2024,7:46:05,Lip,Black infant,,,Black infant Vulva,rest.,RN,ct:29334e2a21ae09f70000000000000000,,,Save data,5/9/2024 1:30,5/9/2024 0:46,+07:00,2024042601,4597cb6d-4170-4e61-b338-d7cd0f200459,08d6d50f-9662-4bbd-ab09-30eb0fd8f43e,
5/9/2024,7:31:47,Bat,,,,Tin tin,stone-tool use (oyster). Focal end,RN,ct:29334e2a21ae09f70000000000000000,,,Save data,5/9/2024 1:30,5/9/2024 0:31,+07:00,2024042601,e4149a1a-6ab0-484d-a437-9c480a62d09c,6d9a34bd-37af-484f-9ae8-8b383a8ae307,
5/9/2024,7:14:30,Bat,,,,,foraging without tools. Focal start,RN,ct:29334e2a21ae09f70000000000000000,,,Save data,5/9/2024 1:30,5/9/2024 0:14,+07:00,2024042601,151569bd-1431-4dd3-8fca-65276d58a5ad,dc431d9d-129e-4f55-9928-a0e770861dda,
5/10/2024,16:03:59,Taipan,,,,,rest. Focal end,RN,ct:29334e2a21ae09f70000000000000000,,,Save data,5/10/2024 9:04,5/10/2024 9:03,+07:00,2024042601,b66dea9b-ff64-4902-9a88-ef70327165db,904db732-39e2-42ed-8b65-319e09f2c4de,
5/10/2024,15:44:55,Taipan,,,,Black infant Aura Kaya,stone-tool use (oyster). Focal start,RN,ct:29334e2a21ae09f70000000000000000,,,Save data,5/10/2024 9:04,5/10/2024 8:44,+07:00,2024042601,1564b956-4a53-4077-bb23-e66b63fdc06d,b9cca5ca-9539-4e6b-911c-3710634e3118,
5/10/2024,15:44:25,Kaya,Black infant,,Taipan,Black infant Lip,stone-tool use (oyster). Focal end,RN,ct:29334e2a21ae09f70000000000000000,,,Save data,5/10/2024 9:04,5/10/2024 8:44,+07:00,2024042601,94fea726-41cc-4314-b15e-463c32f5a758,d6c543af-8a49-4dd2-aff5-749a1c53b8b7,
5/10/2024,15:27:28,Kaya,Black infant,,Juvenile 1,Oreo,stone-tool use (oyster). Focal start,RN,ct:29334e2a21ae09f70000000000000000,,,Save data,5/10/2024 9:04,5/10/2024 8:27,+07:00,2024042601,c694e1a8-9fc0-461d-83dd-9113f2a6af56,e432c2f6-24ea-4764-aeba-9c8b0f4ce9b4,
5/10/2024,15:04:46,Belanda,,,,Juvenile 2,rest. Focal end,RN,ct:29334e2a21ae09f70000000000000000,,,Save data,5/10/2024 9:04,5/10/2024 8:04,+07:00,2024042601,df8dd5b0-3b27-4d36-9876-70c30b0075c0,5169f223-06b1-413e-8c0f-c1e3070c2344,
5/10/2024,14:48:48,Belanda,,,,,rest. Focal start,RN,ct:29334e2a21ae09f70000000000000000,,,Save data,5/10/2024 9:04,5/10/2024 7:48,+07:00,2024042601,2288f172-d867-40d3-9f6b-95655df0abe8,63ee1abd-1070-48f6-9e7c-b3f3ce9423d1,
5/10/2024,14:40:43,Pat,,Ted,,Juvenile 1 Naina,rest. Focal end,RN,ct:29334e2a21ae09f70000000000000000,,,Save data,5/10/2024 7:40,5/10/2024 7:40,+07:00,2024042601,457fcaab-0b8f-4be7-a0cb-1407c03a88d9,6389d08f-0261-42e2-a647-77a60604e0a4,
5/10/2024,14:23:40,Pat,,,,Black infant Vulva,rest. Focal start,RN,ct:29334e2a21ae09f70000000000000000,,,Save data,5/10/2024 7:40,5/10/2024 7:23,+07:00,2024042601,9d9250f7-5407-43d2-b559-1b71228ec28e,be58cb37-16e8-4869-aaf7-56e2ea1a2334,
5/10/2024,11:16:27,Robin,Juvenile 2,,,,foraging without tools. ,RN,ct:29334e2a21ae09f70000000000000000,,,Save data,5/10/2024 7:23,5/10/2024 4:16,+07:00,2024042601,0f8429eb-1c05-4338-8ee7-30e8232cadd4,f010397c-494d-4530-9b8a-986b76f93280,
5/10/2024,10:24:23,Tin tin,,,,,move. Focal start,RN,ct:29334e2a21ae09f70000000000000000,,,Save data,5/10/2024 7:23,5/10/2024 3:24,+07:00,2024042601,259ab0ca-907d-4af7-9b07-6ffe50be59ad,e2c06bb1-1188-44f7-89f0-6dd7e0f312c7,
5/10/2024,8:36:35,Babosa,,,,,Focal end,RN,ct:29334e2a21ae09f70000000000000000,,,Save data,5/10/2024 3:24,5/10/2024 1:36,+07:00,2024042601,fbe1a61d-a3f8-4eee-a450-88c8c1e75666,7116c40a-3ac0-4eca-8e07-3bba464ec213,
5/10/2024,8:18:55,Dandi,,,,,move. Focal start,RN,ct:29334e2a21ae09f70000000000000000,,,Save data,5/10/2024 3:24,5/10/2024 1:18,+07:00,2024042601,f1a00fc8-a400-4ca1-bda3-088eef625ef6,9aab70c3-46f6-4d8e-8eb6-f5d482767faf,
5/10/2024,7:54:41,Flame,,,,,rest. Focal end,RN,ct:29334e2a21ae09f70000000000000000,,,Save data,5/10/2024 0:54,5/10/2024 0:54,+07:00,2024042601,f574d598-14ab-4de9-9dbf-07f1da2625de,729b0bab-dca4-491b-9134-795579d4d9e9,
5/10/2024,7:37:33,Flame,,,Black infant Vulva,Ali Robin,stone-tool use. Focal start,RN,ct:29334e2a21ae09f70000000000000000,,,Save data,5/10/2024 0:54,5/10/2024 0:37,+07:00,2024042601,dc74b1b8-200d-4a11-aeeb-376e2a1eec85,8488a129-3ac3-4dfc-afe9-c9894cb911b2,
5/13/2024,18:10:53,Flame,Black infant,,,,stone-tool use (oyster). Focal end,RN,ct:29334e2a21ae09f70000000000000000,,,Save data,5/13/2024 11:10,5/13/2024 11:10,+07:00,2024042601,25a9a24e-dd77-4fe8-a61c-0427b601e8a2,01e7f02f-e482-48c2-9973-5b58eb4b503c,
5/13/2024,17:54:04,Flame,Black infant,,Juvenile 1 Taipan,Ali Pinky,stone-tool use (oyster). Focal start,RN,ct:29334e2a21ae09f70000000000000000,,,Save data,5/13/2024 11:10,5/13/2024 10:54,+07:00,2024042601,429aeca9-b094-4f8a-8c6e-ec740fb95fe5,57ba4f82-ef91-488f-aded-c1d8374360c9,
5/13/2024,17:48:36,Aura,,,,Santa,stone-tool use (oyster). Focal end,RN,ct:29334e2a21ae09f70000000000000000,,,Save data,5/13/2024 10:48,5/13/2024 10:48,+07:00,2024042601,2b9ceaad-a279-4711-9085-6ca98c6233a0,ea909fa2-aedd-4d14-a286-2e03a4b965e2,
5/13/2024,17:31:27,Aura,,,Santa,Black infant Juvenile 1 Lip,stone-tool use (oyster). Focal start,RN,ct:29334e2a21ae09f70000000000000000,,,Save data,5/13/2024 10:48,5/13/2024 10:31,+07:00,2024042601,0aff0f7e-c60b-4b9e-bb4d-1dc9895bcf8c,1bfd3d43-55ad-497c-bd52-81da3b741d41,
5/13/2024,17:30:05,Kaya,,Bat,,,stone-tool use (oyster). Focal end,RN,ct:29334e2a21ae09f70000000000000000,,,Save data,5/13/2024 10:48,5/13/2024 10:30,+07:00,2024042601,faa3915a-a17c-4e1e-96ae-dc6f1c3e040d,87b95971-be96-45f6-98a7-136aad4db613,
5/13/2024,17:13:16,Kaya,,,,Juvenile 1 Naina,stone-tool use (oyster). Focal start,RN,ct:29334e2a21ae09f70000000000000000,,,Save data,5/13/2024 10:48,5/13/2024 10:13,+07:00,2024042601,83b8837c-8b4a-4c48-b36b-2b962b8498ca,f4b91a29-0157-41ff-8ec5-552f8c0be61d,
5/13/2024,16:53:05,Taipan,,,,Juvenile 1,stone-tool use (oyster).,RN,ct:29334e2a21ae09f70000000000000000,,,Save data,5/13/2024 9:53,5/13/2024 9:53,+07:00,2024042601,b6e3f5cd-8690-4fc8-aeb1-3f3317882d0b,8f3ad91d-6be6-493b-ad7c-a5f8f01f781d,
5/13/2024,16:37:02,Taipan,,,Juvenile 2,,stone-tool use (oyster). Focal start,RN,ct:29334e2a21ae09f70000000000000000,,,Save data,5/13/2024 9:53,5/13/2024 9:37,+07:00,2024042601,a2b88d2b-8ede-4280-8c64-5780e296f6b9,6ec59269-1d69-4e9c-bc08-4b523c0b697e,
5/13/2024,15:49:42,Ted,,,,Harley,rest. Focal start,RN,ct:29334e2a21ae09f70000000000000000,,,Save data,5/13/2024 9:53,5/13/2024 8:49,+07:00,2024042601,26428f18-2574-470d-82ec-865fb89dafb2,1d1ef488-989c-4188-aa7c-2b9a6b29eaa3,
5/13/2024,15:46:31,Tutu,,Taipan,,,rest. Focal end,RN,ct:29334e2a21ae09f70000000000000000,,,Save data,5/13/2024 8:46,5/13/2024 8:46,+07:00,2024042601,47e3df2d-6b3a-4dbc-bd52-89ebd7edba5f,f4cc1a61-96da-40af-8caa-d66d3bb63a65,
5/13/2024,15:30:15,Tutu,,,Juvenile 1 Juvenile 2,Jim Lim,rest,RN,ct:29334e2a21ae09f70000000000000000,,,Save data,5/13/2024 8:30,5/13/2024 8:30,+07:00,2024042601,a2e5b410-21b4-4302-8a61-a11098a4847f,9aae7a0a-a6c3-413d-9dea-e0e7709ba9fe,
5/13/2024,15:26:00,Aura,,,,Yaiko,rest. Focal end,RN,ct:29334e2a21ae09f70000000000000000,,,Save data,5/13/2024 8:26,5/13/2024 8:26,+07:00,2024042601,9203ce5d-d76a-4d9c-8ad1-b2c62400fdd9,0770a6c8-87f6-4238-b3b0-630753c09582,
5/13/2024,15:10:11,Aura,,,,,rest. Focal start,RN,ct:29334e2a21ae09f70000000000000000,,,Save data,5/13/2024 8:26,5/13/2024 8:10,+07:00,2024042601,aef7b8ba-ac2e-4e40-8997-2d43c307a512,13f88dd3-b519-40c5-a3a2-38200ebaa4e9,
5/13/2024,13:24:31,Jim Lim,,,Juvenile 1,Juvenile 2,move. Focal end,RN,ct:29334e2a21ae09f70000000000000000,,,Save data,5/13/2024 6:24,5/13/2024 6:24,+07:00,2024042601,ce331f32-1736-4d73-92f6-7388cbe381a8,f528c293-6bb0-4cf6-a48c-2a4601ce8d97,
5/13/2024,13:08:23,Jim Lim,,F_Subadult,,,foraging without tools. Focal start,RN,ct:29334e2a21ae09f70000000000000000,,,Save data,5/13/2024 6:24,5/13/2024 6:08,+07:00,2024042601,2d48ff68-a116-4ae1-811c-d3e45794068b,75c6cf17-3374-47ea-a394-b6e1f6ba904b,
5/13/2024,12:51:58,Iyla,,,,,rest. Focal start,RN,ct:29334e2a21ae09f70000000000000000,,,Save data,5/13/2024 6:24,5/13/2024 5:51,+07:00,2024042601,1ef0640b-25f5-478c-920d-979e6e4702cc,55bf8ea6-22f1-49ad-9922-80acd636e8de,
5/13/2024,12:08:42,Dandi,,Juvenile 1,,, rest. Focal end,RN,ct:29334e2a21ae09f70000000000000000,,,Save data,5/13/2024 5:08,5/13/2024 5:08,+07:00,2024042601,2b4fd701-299e-42e9-b4ca-36431c011b32,7ce258a8-0efd-4697-90cb-e9eae1840240,
5/13/2024,11:51:12,Dandi,,,Juvenile 1 Pinky,,rest. Focal start,RN,ct:29334e2a21ae09f70000000000000000,,,Save data,5/13/2024 5:08,5/13/2024 4:51,+07:00,2024042601,8407d805-45a7-493f-a942-c3a53f5fc248,2287bbd2-83e3-4117-b3ad-10ebc84f8233,
5/13/2024,11:47:19,Pinky,,,,,rest. Focal end,RN,ct:29334e2a21ae09f70000000000000000,,,Save data,5/13/2024 4:47,5/13/2024 4:47,+07:00,2024042601,b219df69-f758-4dab-8eb0-2078045d5a28,6e442dd9-f7b0-4a63-a193-5d6be9099ed3,
5/13/2024,11:31:12,Pinky,,Juvenile 1,,,rest. Focal start,RN,ct:29334e2a21ae09f70000000000000000,,,Save data,5/13/2024 4:47,5/13/2024 4:31,+07:00,2024042601,d6ed6885-b4d4-4cfe-96c6-7fe8ac95a8d9,4b119e9a-65ff-476c-962d-986021e39977,
5/13/2024,10:05:09,Quindoline,,,,,rest. Focal end,RN,ct:29334e2a21ae09f70000000000000000,,,Save data,5/13/2024 4:47,5/13/2024 3:05,+07:00,2024042601,4978e973-da75-4080-b225-2a481d7f0aa6,400d4762-30f5-4f5e-b1b2-5f9916debf09,
5/13/2024,9:48:39,Quindoline,,,,Juvenile 2,move. Focal start,RN,ct:29334e2a21ae09f70000000000000000,,,Save data,5/13/2024 4:47,5/13/2024 2:48,+07:00,2024042601,86846db7-763c-46af-9ba2-1ccdccd4f9a9,8c1647e1-a313-47ba-8db9-0f86973040df,
5/13/2024,9:44:10,Robin,,,,Juvenile 2 Kal,move. Focal end,RN,ct:29334e2a21ae09f70000000000000000,,,Save data,5/13/2024 2:44,5/13/2024 2:44,+07:00,2024042601,04bbc339-7231-42a8-a48a-344e8b7b8514,47a65269-5368-406c-b1bc-3fdf1206e649,
5/13/2024,9:28:10,Robin,,,,,foraging without tools. Focal start,RN,ct:29334e2a21ae09f70000000000000000,,,Save data,5/13/2024 2:44,5/13/2024 2:28,+07:00,2024042601,2df0817a-694e-465d-aa79-a429fb8d1702,222bf857-82b9-4a8d-b3a6-8eeccac9ecbb,
5/13/2024,8:36:16,Whitney,,,,Tutu,foraging without tools. Focal end,RN,ct:29334e2a21ae09f70000000000000000,,,Save data,5/13/2024 1:36,5/13/2024 1:36,+07:00,2024042601,42d5af5d-b24a-45bf-a1ce-0311198201e2,92aa22f0-9163-42e4-b82e-40e677add658,
5/13/2024,8:18:50,Whitney,,,,,foraging without tools. Focal start,RN,ct:29334e2a21ae09f70000000000000000,,,Save data,5/13/2024 1:36,5/13/2024 1:18,+07:00,2024042601,c5852a49-59e4-4e2f-ac20-75280c6430a6,f241ad8d-5744-4b79-b701-693e5778b6da,
5/13/2024,7:56:50,Harley,,,,,move. Focal start,RN,ct:29334e2a21ae09f70000000000000000,,,Save data,5/13/2024 1:36,5/13/2024 0:56,+07:00,2024042601,4067cc09-68c5-451b-a40b-e8f5674c93a6,15000640-f34b-4f03-a5d8-169a82cfa72a,
5/13/2024,7:38:48,Santa,,Taipan,,Ali,foraging without tools. Focal end,RN,ct:29334e2a21ae09f70000000000000000,,,Save data,5/13/2024 0:38,5/13/2024 0:38,+07:00,2024042601,0688bb3e-266b-45e6-a99d-7112d56a53b5,1a7a5ee7-44c5-4e3d-8052-078297e4a9e6,
5/13/2024,7:22:08,Santa,,,,,stone-tool use. Focal start,RN,ct:29334e2a21ae09f70000000000000000,,,Save data,5/13/2024 0:38,5/13/2024 0:22,+07:00,2024042601,d3e5a60d-9c62-4112-8add-d55492ce39bf,db127a0a-59b0-4811-aa3f-152ebe613f70,
5/14/2024,14:53:24,Vulva,Black infant,Black infant Lip,,Juvenile 1 Juvenile 2,rest. Focal start,RN,ct:29334e2a21ae09f70000000000000000,,,Save data,5/14/2024 9:38,5/14/2024 7:53,+07:00,2024042601,101637fe-19b7-4bff-afd1-782e97c20090,2ed02e54-6324-456d-b61e-09e5cabf477c,
5/14/2024,13:53:50,Pinky,,,,,rest. Focal end,RN,ct:29334e2a21ae09f70000000000000000,,,Save data,5/14/2024 6:54,5/14/2024 6:53,+07:00,2024042601,e819f40e-1c17-499d-893b-d726af81105e,9e815feb-8f66-459b-afec-4d37b2f6672b,
5/14/2024,13:35:02,Pinky,,,,Black infant Ted Vulva,rest. Focal start,RN,ct:29334e2a21ae09f70000000000000000,,,Save data,5/14/2024 6:54,5/14/2024 6:35,+07:00,2024042601,c8bf857d-d744-4bdb-9b46-17dd1f334aeb,3dcc0438-91d9-4c52-8e6f-0ad793654b38,
5/14/2024,12:45:06,Belanda,,,,,rest. Focal end,RN,ct:29334e2a21ae09f70000000000000000,,,Save data,5/14/2024 6:54,5/14/2024 5:45,+07:00,2024042601,e9bf7fe5-387e-436f-9c2b-56ead2a06d05,63d7dc0b-30b9-41ed-8f5a-e6bfa1f47631,
5/14/2024,11:49:12,Pat,,,,,rest. Focal end,RN,ct:29334e2a21ae09f70000000000000000,,,Save data,5/14/2024 4:49,5/14/2024 4:49,+07:00,2024042601,9fd4f7d6-bddc-4786-b3e6-cd55c08cfaa3,ed1d9a2d-5bd0-441c-962c-9c141d17b2c3,
5/14/2024,11:32:29,Pat,,,,Juvenile 1,move. Focal start,RN,ct:29334e2a21ae09f70000000000000000,,,Save data,5/14/2024 4:49,5/14/2024 4:32,+07:00,2024042601,a8afb69a-3176-4fb4-b703-10bac724aa12,a5bcac22-5ce7-4bcc-afc8-cf184e130764,
5/14/2024,11:02:44,Lip,Black infant,,Aura,,rest. Focal start,RN,ct:29334e2a21ae09f70000000000000000,,,Save data,5/14/2024 4:02,5/14/2024 4:02,+07:00,2024042601,a94febbe-bb6b-416a-8d2a-4a89298ebc68,232cfb0e-de6a-4025-8e66-dce7b90ae2e4,
5/14/2024,10:46:01,Lip,,Jim Lim,Black infant Juvenile 1,Whitney,rest. Focal start,RN,ct:29334e2a21ae09f70000000000000000,,,Save data,5/14/2024 4:02,5/14/2024 3:46,+07:00,2024042601,95fbce16-4109-4964-8925-b5d2bbbe13f1,83f62cd3-f7d7-4f81-b54b-cbbf236185aa,
5/14/2024,10:20:01,Iyla,,,,,rest. Focal start,RN,ct:29334e2a21ae09f70000000000000000,,,Save data,5/14/2024 3:20,5/14/2024 3:20,+07:00,2024042601,27e6872d-0ba2-4395-83e4-2f028b5d7d39,ed82a74f-afaa-4e42-955a-a791c871b949,
5/14/2024,10:01:24,Iyla,,,,,foraging without tools. Focal start,RN,ct:29334e2a21ae09f70000000000000000,,,Save data,5/14/2024 3:20,5/14/2024 3:01,+07:00,2024042601,eb42b129-2e10-4743-89e5-296a6d0ea09c,04a99850-3052-46f7-98df-a794ea190266,
5/14/2024,9:33:14,Whitney,,,,,rest. Focal end,RN,ct:29334e2a21ae09f70000000000000000,,,Save data,5/14/2024 2:33,5/14/2024 2:33,+07:00,2024042601,01b19370-4d3c-4143-a89d-f41fac462a85,747e1b24-def1-4291-bd1f-d70e67fa3f31,
5/14/2024,9:16:29,Whitney,,,,,rest. Focal start,RN,ct:29334e2a21ae09f70000000000000000,,,Save data,5/14/2024 2:33,5/14/2024 2:16,+07:00,2024042601,9864535e-301a-490a-9523-eecc2a40da60,8b6dbf02-d63a-4e3f-8093-3ec7affb40c7,
5/14/2024,9:00:07,Cacao,,,,Juvenile 2,rest. Focal start,RN,ct:29334e2a21ae09f70000000000000000,,,Save data,5/14/2024 2:00,5/14/2024 2:00,+07:00,2024042601,27215e8d-ff9f-48a5-b501-fb0bcfa6af85,6865e0b5-3596-4632-83c2-d3f22fd5ccc9,
5/14/2024,8:55:19,Oreo,,,Juvenile 1 Belanda,,foraging without tools. Focal end,RN,ct:29334e2a21ae09f70000000000000000,,,Save data,5/14/2024 1:55,5/14/2024 1:55,+07:00,2024042601,e0b368eb-bf1c-485a-99ab-7a88934814c1,a4a79fd6-68ad-4f00-9cf5-fa26f92b98db,
5/14/2024,8:37:28,Oreo,,,,,rest. Focal start,RN,ct:29334e2a21ae09f70000000000000000,,,Save data,5/14/2024 1:55,5/14/2024 1:37,+07:00,2024042601,7943c8ef-7de3-4ae1-9389-bdc1ef0e0bd1,102cfee2-cc24-4d7d-a7a8-cc9ed873b773,
5/14/2024,8:21:47,Whitney,,,,,stone-tool use (oyster). Focal start,RN,ct:29334e2a21ae09f70000000000000000,,,Save data,5/14/2024 1:55,5/14/2024 1:21,+07:00,2024042601,304a4d40-8f71-4aed-af48-392810e760ac,90976c3c-8489-41a2-8d6b-2e2e06fe61fb,
5/16/2024,15:56:41,Kal,,Juvenile 1,,,move. Focal start,RN,ct:29334e2a21ae09f70000000000000000,,,Save data,5/17/2024 4:23,5/16/2024 8:56,+07:00,2024042601,447a45da-071e-4d74-9c55-cbdd1241a0d4,693f6fc9-fa3d-4fcf-b3ab-48ec97210329,
5/16/2024,15:37:55,Naina,,,,,rest. Focal end,RN,ct:29334e2a21ae09f70000000000000000,,,Save data,5/16/2024 8:38,5/16/2024 8:37,+07:00,2024042601,aef3b2d0-57ee-4aa2-9986-bc45699184ee,fbe154f4-6b11-45ca-92d6-bbff97dcd0bf,
5/16/2024,15:22:06,Naina,,,,,rest. Focal start,RN,ct:29334e2a21ae09f70000000000000000,,,Save data,5/16/2024 8:38,5/16/2024 8:22,+07:00,2024042601,78c64551-5880-447b-8168-f3a83ebf65f6,b9535248-f340-49f8-a335-23d8e01a5ee0,
5/16/2024,14:59:58,Bat,,,Juvenile 1 Juvenile 2,,rest. Focal end,RN,ct:29334e2a21ae09f70000000000000000,,,Save data,5/16/2024 8:00,5/16/2024 7:59,+07:00,2024042601,0eb33bdb-479f-4502-a0c3-366acab18b7d,0e62eaec-cd6f-4514-994b-7f82fafebdfb,
5/16/2024,14:43:33,Bat,,,Tutu,,rest. Focal start,RN,ct:29334e2a21ae09f70000000000000000,,,Save data,5/16/2024 7:59,5/16/2024 7:43,+07:00,2024042601,eb8eaed7-c4cc-4315-98fc-a1badf80dd01,991f9269-706b-480d-bf84-64908ecbd2ca,
5/16/2024,12:48:56,Taipan,,,,,foraging without tools. Focal start,RN,ct:29334e2a21ae09f70000000000000000,,,Save data,5/16/2024 5:49,5/16/2024 5:48,+07:00,2024042601,dc7d9823-8a55-4071-a0fa-32cba1503b82,df72c361-6f6a-469f-8257-1ba921fab92e,
5/16/2024,12:33:21,Taipan,,,,,rest. Focal start,RN,ct:29334e2a21ae09f70000000000000000,,,Save data,5/16/2024 5:49,5/16/2024 5:33,+07:00,2024042601,324924f8-6af6-425c-b47a-61048062910a,ff193a74-19c1-47b8-8268-100cc2cffdb1,
5/16/2024,12:20:22,Kal,,,,,rest. Focal start,RN,ct:29334e2a21ae09f70000000000000000,,,Save data,5/16/2024 5:49,5/16/2024 5:20,+07:00,2024042601,7d755421-2b12-4fad-8fac-89f94cf88c86,bdfff946-c0b7-4300-8159-875babb7619d,
5/16/2024,11:51:25,Lip,Black infant,,,Juvenile 1,stone-tool use (oyster). Focal end,RN,ct:29334e2a21ae09f70000000000000000,,,Save data,5/16/2024 4:51,5/16/2024 4:51,+07:00,2024042601,562f73de-aecf-4964-bf21-58d14fa5e176,ca42d164-6986-44e2-994f-ebf897954a2b,
5/16/2024,11:33:50,Lip,Black infant,Jim Lim,,,stone-tool use (oyster). Focal start,RN,ct:29334e2a21ae09f70000000000000000,,,Save data,5/16/2024 4:51,5/16/2024 4:33,+07:00,2024042601,354c9079-3242-4534-a701-8b5dddb63625,07b18b3b-e302-46c3-9113-a8ee4aad7957,
5/16/2024,11:12:41,Harley,,,,Naina,stone-tool use (oyster). Focal start,RN,ct:29334e2a21ae09f70000000000000000,,,Save data,5/16/2024 4:51,5/16/2024 4:12,+07:00,2024042601,eac915b8-51e7-47de-80a4-585765227594,bfe45b5f-8df5-4c4f-b2c0-07da9ae2dda0,
5/16/2024,11:09:22,Ali,,Juvenile 1 Kal,Black infant Robin Vulva,Juvenile 1 Belanda,rest. Focal end,RN,ct:29334e2a21ae09f70000000000000000,,,Save data,5/16/2024 4:51,5/16/2024 4:09,+07:00,2024042601,54ccad1a-8ad9-4f4d-a78b-9ef19102b9fc,7b476ea0-cee6-41df-b0f4-bc5d6e66c3a8,
5/16/2024,10:53:28,Ali,,,Bat,Oreo Yaiko,rest. Focal start,RN,ct:29334e2a21ae09f70000000000000000,,,Save data,5/16/2024 4:51,5/16/2024 3:53,+07:00,2024042601,0cd87bd7-1123-4206-b3c3-62b9c80ab503,37f66fc8-c8e0-4963-acb8-6c085cf1e54d,
5/16/2024,10:47:00,Lip,Black infant,,Juvenile 1,Naina Pinky,stone-tool use (oyster). Focal start,RN,ct:29334e2a21ae09f70000000000000000,,,Save data,5/16/2024 3:47,5/16/2024 3:47,+07:00,2024042601,83b0c607-f801-4d33-ba6c-c3f32981eb81,7cbda47f-5a52-4067-a1ad-3809873c1c4a,
5/16/2024,10:29:34,Pinky,,,,Old infant,rest. Focal end,RN,ct:29334e2a21ae09f70000000000000000,,,Save data,5/16/2024 3:29,5/16/2024 3:29,+07:00,2024042601,142feb21-423a-4be2-b807-5a4af98ddfa3,bf211cdb-d175-44d4-ac25-9a999d54f2a9,
5/16/2024,10:13:44,Pinky,,,Old infant Kal,Tin tin,stone-tool use (oyster). Focal start,RN,ct:29334e2a21ae09f70000000000000000,,,Save data,5/16/2024 3:29,5/16/2024 3:13,+07:00,2024042601,e6abb795-f583-4b23-b904-6f6dc9726aff,032bca3e-e0f6-4046-9377-bba8a5022833,
5/16/2024,10:11:33,Tin tin,,,Pinky,,rest. Focal end,RN,ct:29334e2a21ae09f70000000000000000,,,Save data,5/16/2024 3:11,5/16/2024 3:11,+07:00,2024042601,595bc417-5ac7-4abf-b66b-dd4ad5400282,e1ad7e9e-d2b8-45bb-abaa-2226f59f802f,
5/16/2024,9:55:06,Tin tin,,Juvenile 1,Pat,Juvenile 1 Juvenile 2 Legolas,rest. Focal start,RN,ct:29334e2a21ae09f70000000000000000,,,Save data,5/16/2024 3:11,5/16/2024 2:55,+07:00,2024042601,0b518539-1d52-4771-878b-65bc33aa5fd0,b6709c74-6fd9-4bc4-97ea-eae05dc01a92,
5/16/2024,9:51:57,Ali,,,Kal,,rest. Focal end,RN,ct:29334e2a21ae09f70000000000000000,,,Save data,5/16/2024 2:51,5/16/2024 2:51,+07:00,2024042601,d464593c-c6a5-49c0-a425-6058456ea093,c2cab15d-f46d-4ccd-a57f-1bebee17cc7c,
5/16/2024,9:45:51,Ali,,,,,stone-tool use (oyster). Focal start,RN,ct:29334e2a21ae09f70000000000000000,,,Save data,5/16/2024 2:52,5/16/2024 2:45,+07:00,2024042601,b9ea1a6a-37c0-4be4-b4f9-b9e2cbf2bc66,83ddbb90-43d0-4abc-a241-d1ff050d8d43,
5/16/2024,9:36:49,Harley,,,,,move. Focal end,RN,ct:29334e2a21ae09f70000000000000000,,,Save data,5/16/2024 2:37,5/16/2024 2:36,+07:00,2024042601,64caedbb-fec2-4f58-8272-1293e3f362ca,bd4e445c-b64d-4f6a-85ec-d4d0b5da6f06,
5/16/2024,9:30:24,Harley,,,,,stone-tool use (oyster). Focal start ,RN,ct:29334e2a21ae09f70000000000000000,,,Save data,5/16/2024 2:37,5/16/2024 2:30,+07:00,2024042601,37130533-e069-4721-b8ce-058c836b2c7f,bb198647-3398-45da-9d11-5af895d86d49,
5/16/2024,9:19:56,Jim Lim,,,F_Subadult,,rest. Focal start,RN,ct:29334e2a21ae09f70000000000000000,,,Save data,5/16/2024 2:26,5/16/2024 2:19,+07:00,2024042601,9c5f6578-065f-4ad3-b0bb-11ebe91a0fd4,2948bbd5-0736-4c53-8fd7-af9ff7e2715a,
5/16/2024,9:17:04,Jim Lim,,,,Taipan,foraging without tools. Focal start,RN,ct:29334e2a21ae09f70000000000000000,,,Save data,5/16/2024 2:26,5/16/2024 2:17,+07:00,2024042601,95f0b29b-9eff-4b59-9c37-0a3df1b9df14,c3b35066-dc41-4f2d-b9ce-6f66be3e7ad5,
5/16/2024,9:13:20,Flame,Black infant,,,,rest. Focal end,RN,ct:29334e2a21ae09f70000000000000000,,,Save data,5/16/2024 2:13,5/16/2024 2:13,+07:00,2024042601,69604f5f-3ad0-40ff-afad-047adf91bd61,7359a6e5-840e-4625-8496-5491e7b2b930,
5/16/2024,8:56:54,Flame,Black infant,Black infant Vulva,Harley,Belanda,stone-tool use (oyster). Focal start,RN,ct:29334e2a21ae09f70000000000000000,,,Save data,5/16/2024 2:13,5/16/2024 1:56,+07:00,2024042601,a1590ea3-722d-41d4-a1ac-3b9a5e8e5853,78dc72f8-cae1-462b-9ee2-3c627f1ae3a3,
5/16/2024,8:54:02,Whitney,,Juvenile 1 Harley,,,move. Focal end,RN,ct:29334e2a21ae09f70000000000000000,,,Save data,5/16/2024 1:54,5/16/2024 1:54,+07:00,2024042601,546464e5-571b-4242-b361-d789e10767ec,d7f39af5-ca88-43bb-8a93-b0a7e09adf80,
5/16/2024,8:36:07,Whitney,,,,Santa,stone-tool use (oyster). Focal start,RN,ct:29334e2a21ae09f70000000000000000,,,Save data,5/16/2024 1:54,5/16/2024 1:36,+07:00,2024042601,fb2f7166-7e95-4f6f-b1cd-30236e882a3b,55704059-ffb6-4bc8-b8ce-c07487223cfc,
5/16/2024,8:22:23,Jim Lim,,,Juvenile 1,,stone-tool use (oyster). Focal end,RN,ct:29334e2a21ae09f70000000000000000,,,Save data,5/16/2024 1:22,5/16/2024 1:22,+07:00,2024042601,aa75e012-3ced-4b01-bf31-dbfbeeeb64b5,c3850ea2-a24a-4818-b4e9-1338f9e8b056,
5/16/2024,8:06:09,Jim Lim,,Black infant Kaya,Juvenile 1,Juvenile 2,stone-tool use (oyster). Focal start,RN,ct:29334e2a21ae09f70000000000000000,,,Save data,5/16/2024 1:22,5/16/2024 1:06,+07:00,2024042601,8430e4c6-eb29-4b9a-93f2-92ea30891745,d86a7bbd-cf90-4b72-b226-32d8177842c4,
5/16/2024,8:03:25,Vulva,Black infant,,Iyla,Juvenile 1,stone-tool use (oyster). Focal end,RN,ct:29334e2a21ae09f70000000000000000,,,Save data,5/16/2024 1:03,5/16/2024 1:03,+07:00,2024042601,dcbbf6e7-868f-4331-834e-2e21ec0de0a8,b9513e6a-93cc-4770-be82-45cf904edb21,
5/16/2024,7:38:57,Vulva,Black infant,Juvenile 1,,Black infant Juvenile 1 Kaya,rest. Focal start,RN,ct:29334e2a21ae09f70000000000000000,,,Save data,5/16/2024 1:03,5/16/2024 0:38,+07:00,2024042601,eec76e8b-4041-44dd-9865-8660257dd94a,c7551a5c-8d22-4373-b33f-47bc482e0e3a,
5/16/2024,7:38:16,Ted,,,Juvenile 1 Pat,Juvenile 1,stone-tool use.,RN,ct:29334e2a21ae09f70000000000000000,,,Save data,5/16/2024 0:38,5/16/2024 0:38,+07:00,2024042601,72612655-3eea-429d-b5c2-d9ad9263cf29,4a3db53b-22dc-47a5-add2-a08763d01cb6,
5/16/2024,7:21:06,Ted,,,Juvenile 1,Juvenile 1,rest. Focal start,RN,ct:29334e2a21ae09f70000000000000000,,,Save data,5/16/2024 0:38,5/16/2024 0:21,+07:00,2024042601,86fd6e8f-d233-4f36-839e-0f1b950c8812,49ecfc96-1180-454e-828d-978f9c0b35aa,
5/17/2024,13:50:46,Iyla,,Juvenile 1,Juvenile 2,Taipan,stone-tool use (oyster). Focal end,RN,ct:29334e2a21ae09f70000000000000000,,,Save data,5/17/2024 6:50,5/17/2024 6:50,+07:00,2024042601,dcb1e89e-8369-4dfa-acc7-3c20af267ef7,49d027d3-d2b3-4574-8e71-da08342bd10e,
5/17/2024,13:34:18,Iyla,,,Dandi,Yaiko,stone-tool use (oyster). Focal start,RN,ct:29334e2a21ae09f70000000000000000,,,Save data,5/17/2024 6:50,5/17/2024 6:34,+07:00,2024042601,fca147cb-c4dc-4c7d-8e9e-d7c1c81f986e,4fbf0d40-0aad-48fa-8e85-8690feb9a3b7,
5/17/2024,13:15:24,Quindoline,,,Juvenile 1,,stone-tool use (oyster). Focal end,RN,ct:29334e2a21ae09f70000000000000000,,,Save data,5/17/2024 6:15,5/17/2024 6:15,+07:00,2024042601,0ea0c3f7-3808-4588-b7b5-9429386cffcc,dff8680f-2430-462e-8aad-01d2a6e7b5b1,
5/17/2024,12:59:03,Quindoline,,,,,stone-tool use (oyster). Focal start,RN,ct:29334e2a21ae09f70000000000000000,,,Save data,5/17/2024 6:15,5/17/2024 5:59,+07:00,2024042601,add70fff-12e7-4cb8-8676-8bf84b3d40d1,eb770689-92e2-4bf6-a135-1045a85d790a,
5/17/2024,12:48:04,Quindoline,Iyla,,,,groom (recepient). Focal end,RN,ct:29334e2a21ae09f70000000000000000,,,Save data,5/17/2024 5:48,5/17/2024 5:48,+07:00,2024042601,4561e65d-243d-497c-9eb4-740ddf4bf919,5e0b4738-4d98-4e9d-89b5-04e8fa345944,
5/17/2024,12:32:17,Quindoline,,,,,stone-tool use (oyster). Focal start,RN,ct:29334e2a21ae09f70000000000000000,,,Save data,5/17/2024 5:48,5/17/2024 5:32,+07:00,2024042601,8ab7a4f3-4fd9-43f8-b5ea-1983d9c873ab,02e7afa0-b105-407b-b60f-f8f6cbb330de,
5/17/2024,12:11:16,Iyla,,Juvenile 1,,,stone-tool use (oyster). Focal start,RN,ct:29334e2a21ae09f70000000000000000,,,Save data,5/17/2024 5:48,5/17/2024 5:11,+07:00,2024042601,fd85811b-61a6-41c6-98a9-eb9e7288bfed,1b636167-d303-436e-9e7f-8e29fb37c4fb,
5/17/2024,12:00:11,Santa,,,,,stone-tool use (oyster). Focal end,RN,ct:29334e2a21ae09f70000000000000000,,,Save data,5/17/2024 5:48,5/17/2024 5:00,+07:00,2024042601,bb8053dd-13ff-42a3-a01b-d2d5a91da98d,f8aba27f-0222-4384-9d16-7c38bc88114e,
5/17/2024,11:44:37,Santa,,,F_Subadult,Juvenile 1,stone-tool use (oyster). Focal start,RN,ct:29334e2a21ae09f70000000000000000,,,Save data,5/17/2024 5:48,5/17/2024 4:44,+07:00,2024042601,34568a4c-d679-48e3-9309-bc4a0a0baa85,c2dc4260-bc0c-433d-9607-9a6aaea22ab4,
5/17/2024,11:41:53,Kaya,Black infant,,Juvenile 1,,stone-tool use (oyster). Focal end,RN,ct:29334e2a21ae09f70000000000000000,,,Save data,5/17/2024 4:42,5/17/2024 4:41,+07:00,2024042601,c1f66c72-bedd-499b-a7fe-f6d563338853,fe6525ee-b997-43d0-a944-e23034f684c0,
5/17/2024,11:26:10,Kaya,,,Juvenile 1,Black infant,stone-tool use (oyster). Focal start,RN,ct:29334e2a21ae09f70000000000000000,,,Save data,5/17/2024 4:42,5/17/2024 4:26,+07:00,2024042601,a24399de-c0cd-40d1-9cce-4a819af5d160,355a7515-36a6-4f7b-9d92-09b9bda816ca,
5/17/2024,11:23:40,Dandi,Betina,Black infant Vulva,,,groom (emitter). Focal end,RN,ct:29334e2a21ae09f70000000000000000,,,Save data,5/17/2024 4:23,5/17/2024 4:23,+07:00,2024042601,365cd65a-d7c3-4bfe-9616-90459b56c692,98e35e3e-9541-4cf2-ba4b-85527ef2fa82,
5/17/2024,11:07:24,Dandi,,Juvenile 1,Juvenile 1,Juvenile 2,stone-tool use (oyster). Focal start,RN,ct:29334e2a21ae09f70000000000000000,,,Save data,5/17/2024 4:23,5/17/2024 4:07,+07:00,2024042601,99408a66-c166-48f7-93d8-6339dbbd8b21,c6ed17d5-adb3-4020-af84-9c590fca8827,
5/20/2024,15:33:33,Robin,,Juvenile 1,Juvenile 1 Harley,Yaiko,stone-tool use (oyster). Focal end,RN,ct:29334e2a21ae09f70000000000000000,,,Save data,5/20/2024 8:34,5/20/2024 8:33,+07:00,2024042601,bd17ec57-8991-4cf5-a45c-7b81acf753f4,83a2b1a2-2a40-4c7d-957d-e8232e7c736f,
5/20/2024,15:02:13,Robin,,Juvenile 1,Juvenile 1 Harley,Old infant Kaya,foraging without tools. Focal start,RN,ct:29334e2a21ae09f70000000000000000,,,Save data,5/20/2024 8:02,5/20/2024 8:02,+07:00,2024042601,61c78317-6a97-42e9-8605-886df528ff23,6554ee7b-c4a7-4cbc-bba9-4e0057174520,
5/20/2024,14:37:23,Yaiko,,Black infant Kaya,,Juvenile 1,stone-tool use (oyster). Focal end,RN,ct:29334e2a21ae09f70000000000000000,,,Save data,5/20/2024 7:37,5/20/2024 7:37,+07:00,2024042601,00001615-b87e-4ae6-98ca-2483ff4209b0,5b264539-afa2-4888-b0bc-152af54b7152,
5/20/2024,14:20:51,Yaiko,,Harley,,,stone-tool use (oyster). Focal start,RN,ct:29334e2a21ae09f70000000000000000,,,Save data,5/20/2024 7:37,5/20/2024 7:20,+07:00,2024042601,03d4be15-446d-480f-8964-348dbe1638ea,549d64ca-2072-404a-b300-df6a2b2ae123,
5/20/2024,14:16:44,Quindoline,,,,Juvenile 2,stone-tool use (oyster). Focal end,RN,ct:29334e2a21ae09f70000000000000000,,,Save data,5/20/2024 7:16,5/20/2024 7:16,+07:00,2024042601,323ab5e9-68ff-45c1-a8ca-47cf3e6c663c,7fa631a2-9784-43c4-a98c-b9476ba37d74,
5/20/2024,14:00:57,Quindoline,,,Juvenile 2 Santa,,stone-tool use (oyster). Focal start,RN,ct:29334e2a21ae09f70000000000000000,,,Save data,5/20/2024 7:16,5/20/2024 7:00,+07:00,2024042601,3ae2ced1-1bcb-4e16-9d1a-5e8896e30714,55cc28b5-b4b3-4429-be45-695761f97360,
5/20/2024,13:42:53,Harley,,,,,stone-tool use (oyster). Focal end,RN,ct:29334e2a21ae09f70000000000000000,,,Save data,5/20/2024 6:42,5/20/2024 6:42,+07:00,2024042601,bcdbe1e2-e469-4345-b21b-4b797f023e42,b012fa7c-1d3a-49d6-9d47-bd4bab341b0d,
5/20/2024,13:27:05,Harley,,,,Robin,stone-tool use (oyster). Focal start,RN,ct:29334e2a21ae09f70000000000000000,,,Save data,5/20/2024 6:42,5/20/2024 6:27,+07:00,2024042601,fe675fbb-81d5-4d5e-b142-01726ec8ddc9,09770215-fcd9-45d6-a314-9226bc58b07f,
5/20/2024,13:24:46,Whitney,,,,,stone-tool use (oyster). Focal end,RN,ct:29334e2a21ae09f70000000000000000,,,Save data,5/20/2024 6:42,5/20/2024 6:24,+07:00,2024042601,45a70677-cd63-41de-8bae-037af676abfa,16e7c73a-dd0e-465b-814a-f3460bab5dac,
5/20/2024,13:05:42,Whitney,,Juvenile 1,Black infant Lip,Black infant Aura,stone-tool use (oyster). Focal start,RN,ct:29334e2a21ae09f70000000000000000,,,Save data,5/20/2024 6:42,5/20/2024 6:05,+07:00,2024042601,3d416138-0300-429c-a375-a687e4a35ed0,320d1bbb-acc5-4fa5-aa4f-0f4e5fc4141d,
5/20/2024,13:00:34,Aura,Black infant,,Juvenile 1 Whitney,Juvenile 1,stone-tool use (oyster). Focal end,RN,ct:29334e2a21ae09f70000000000000000,,,Save data,5/20/2024 6:01,5/20/2024 6:00,+07:00,2024042601,dfa88e67-c3fe-49ef-a6ec-04352999c685,a1948f8a-aa17-4096-8f21-5c1f7f9860f8,
5/20/2024,12:44:25,Aura,Black infant,Juvenile 1,Juvenile 1,Black infant Vulva,stone-tool use (oyster). Focal start,RN,ct:29334e2a21ae09f70000000000000000,,,Save data,5/20/2024 5:44,5/20/2024 5:44,+07:00,2024042601,3125900c-ec2b-4780-a24e-197bc6b5d924,a12fd238-6b0f-46c4-8241-09f0e065132a,
5/20/2024,12:41:04,Taipan,,Juvenile 1,Juvenile 2 Tutu,Black infant Juvenile 1 Lip,stone-tool use (oyster).,RN,ct:29334e2a21ae09f70000000000000000,,,Save data,5/20/2024 5:43,5/20/2024 5:41,+07:00,2024042601,ef6511d4-d984-4eb7-904f-3d827beab307,5b09cea0-53e8-4206-977b-2ad61534428f,
5/20/2024,12:25:00,Taipan,,,Juvenile 1 Juvenile 2 Tutu,Betina,rest,RN,ct:29334e2a21ae09f70000000000000000,,,Save data,5/20/2024 5:41,5/20/2024 5:25,+07:00,2024042601,22b48b83-3327-4db8-958c-d7806cd4607f,60bd6820-10b0-45ee-97fc-2fb2985d9e94,
5/20/2024,11:04:54,Naina,,,,Robin,foraging without tools. Focal start,RN,ct:29334e2a21ae09f70000000000000000,,,Save data,5/20/2024 4:20,5/20/2024 4:04,+07:00,2024042601,761360c2-6922-4202-af51-11fbc2ba20da,73e1eb55-d49c-441f-bf0d-87bf0a2d9a78,
5/20/2024,10:56:13,Lip,Black infant,,Robin,,foraging without tools. Focal end,RN,ct:29334e2a21ae09f70000000000000000,,,Save data,5/20/2024 3:56,5/20/2024 3:56,+07:00,2024042601,5d4bf890-aafe-4f9d-933c-e1941d085818,482c322e-ce97-48fa-88af-786871080245,
5/20/2024,10:39:37,Lip,Black infant,,Black infant Kaya Vulva,,rest. Focal start,RN,ct:29334e2a21ae09f70000000000000000,,,Save data,5/20/2024 3:56,5/20/2024 3:39,+07:00,2024042601,1b3fbd6f-1fff-46c6-9a25-b9448b0c4559,57b4d54d-fbc9-4df8-b928-47d6d8fbaf40,
5/20/2024,10:37:38,Pinky,,Juvenile 1,,,rest. Focal end,RN,ct:29334e2a21ae09f70000000000000000,,,Save data,5/20/2024 3:38,5/20/2024 3:37,+07:00,2024042601,f6cca94e-627f-41fb-abca-aa66aa3118e5,5be9fad2-fe5e-4991-ad1f-766258979a00,
5/20/2024,10:22:02,Pinky,,,Juvenile 1,,rest. Focal start,RN,ct:29334e2a21ae09f70000000000000000,,,Save data,5/20/2024 3:37,5/20/2024 3:22,+07:00,2024042601,a2aa5f23-b76b-4f66-ad75-fe3175fc1464,1c3769e8-3646-4bba-b215-4244c5771dd0,
5/20/2024,9:41:01,Granny,Black infant,,,Juvenile 2,move. Focal end,RN,ct:29334e2a21ae09f70000000000000000,,,Save data,5/20/2024 2:41,5/20/2024 2:41,+07:00,2024042601,4f0a617e-ee97-4891-9f75-ddcc06cc4e46,c7b2d78f-cbbd-46a1-a994-71bab2b968a6,
5/20/2024,9:18:49,Granny,Black infant,,,,foraging without tools. Focal start,RN,ct:29334e2a21ae09f70000000000000000,,,Save data,5/20/2024 2:41,5/20/2024 2:18,+07:00,2024042601,2c87ef0c-f878-453a-97ca-0f77943b0323,d2e0af97-3961-4628-b0e0-c42d85c8534f,
5/20/2024,9:00:08,Vulva,Black infant,,Lip,,rest. Focal end,RN,ct:29334e2a21ae09f70000000000000000,,,Save data,5/20/2024 2:00,5/20/2024 2:00,+07:00,2024042601,b97ffcbf-c61c-4a1b-83ef-8ea0d4edaca2,b8b85f7d-7067-4124-b337-20bc5bfdcc7d,
5/20/2024,8:44:25,Vulva,Black infant,,,Naina,rest. Focal start,RN,ct:29334e2a21ae09f70000000000000000,,,Save data,5/20/2024 2:00,5/20/2024 1:44,+07:00,2024042601,965ae186-33ec-4556-8557-e1a32fafbcdb,1d36d048-9829-4a0b-affc-1fb4fc9a2a62,
5/20/2024,8:37:05,Cacao,,,,,rest. Focal start,RN,ct:29334e2a21ae09f70000000000000000,,,Save data,5/20/2024 2:00,5/20/2024 1:37,+07:00,2024042601,e9b55ac6-e4dd-4ee1-9364-58790eda170e,5b00981b-533e-4737-987b-3925ebb0fbcc,
5/20/2024,7:49:51,Iyla,Black infant,,Juvenile 1,Juvenile 1 Naina,foraging without tools. Focal start,RN,ct:29334e2a21ae09f70000000000000000,,,Save data,5/20/2024 2:00,5/20/2024 0:49,+07:00,2024042601,a8f9a955-7225-466a-a222-376fa1da4db8,ffad950f-3dbd-4aed-a75e-3ec9f07af4df,
5/20/2024,7:47:45,Jim Lim,,,,,rest. Focal end,RN,ct:29334e2a21ae09f70000000000000000,,,Save data,5/20/2024 0:47,5/20/2024 0:47,+07:00,2024042601,41058826-8142-4b87-adef-b2d1004579bc,0a797ca8-a0b8-44f7-98f6-9c181c0d5577,
5/20/2024,7:32:08,Jim Lim,,,,,foraging without tools. Focal start,RN,ct:29334e2a21ae09f70000000000000000,,,Save data,5/20/2024 0:47,5/20/2024 0:32,+07:00,2024042601,df2441d4-d37b-4dff-8f30-16c6107860d6,1525ae68-a939-4e9c-8264-14abbccd2a6b,
5/21/2024,13:50:36,Betina,,,Bat,Tutu,stone-tool use (oyster).,RN,ct:29334e2a21ae09f70000000000000000,,,Save data,5/21/2024 8:50,5/21/2024 6:50,+07:00,2024042601,e0c18256-1f3a-487f-8944-b043fb4ae1cf,26514851-94f5-4302-a83a-389baf760010,
5/21/2024,13:34:10,Betina,,,Tutu,Bat,stone-tool use (oyster).,RN,ct:29334e2a21ae09f70000000000000000,,,Save data,5/21/2024 8:50,5/21/2024 6:34,+07:00,2024042601,00aabf63-a2b2-4428-96cc-a29485ca8d4c,ac20ea11-1ce2-4265-8782-803f9dcd24d6,
5/21/2024,10:24:26,Pat,,,,,move. Focal end,RN,ct:29334e2a21ae09f70000000000000000,,,Save data,5/21/2024 6:33,5/21/2024 3:24,+07:00,2024042601,02c15f22-37a8-42cd-9165-a4ff41b67682,ef747ac8-ae7b-4efb-8e6b-d47c0095784c,
5/21/2024,10:08:06,Pat,,,Juvenile 1,Juvenile 1 Juvenile 2,rest. Focal start,RN,ct:29334e2a21ae09f70000000000000000,,,Save data,5/21/2024 3:08,5/21/2024 3:08,+07:00,2024042601,4c6e6b76-cd6c-4b3f-9062-0c4183927a22,69deccda-e3f9-4dae-bfc6-8713213c479d,
5/23/2024,17:31:36,Bat,,,,Tutu,stone-tool use (oyster). Focal end,RN,ct:29334e2a21ae09f70000000000000000,,,Save data,5/23/2024 10:33,5/23/2024 10:31,+07:00,2024042601,67b34522-f085-4ad4-a630-c9cc2227389a,09c841a2-3066-4fd1-8d99-67f224221306,
5/23/2024,17:15:50,Bat,,,,,foraing without tools. Focal start. ,RN,ct:29334e2a21ae09f70000000000000000,,,Save data,5/23/2024 10:32,5/23/2024 10:15,+07:00,2024042601,28070c1f-762e-401d-8e62-68cb96d3afae,567016b1-66f8-44b4-97e8-4f25880a54da,
5/23/2024,17:11:48,Oreo,,,,Robin,"stone-tool use, Focal end",RN,ct:29334e2a21ae09f70000000000000000,,,Save data,5/23/2024 10:14,5/23/2024 10:11,+07:00,2024042601,82053697-fb3b-411a-8ec8-0931417c381c,213a8f8f-474f-48fd-91e1-1568af4a7af4,
5/23/2024,16:54:49,Oreo,,Harley,Juvenile 1,Bat,"stone-tool use, focal start",RN,ct:29334e2a21ae09f70000000000000000,,,Save data,5/23/2024 9:55,5/23/2024 9:54,+07:00,2024042601,c4a73c67-0992-441e-bb69-02924c08b8bc,fd0a8081-b089-4bc4-a823-8964fd424cf1,
5/23/2024,16:51:18,Santa,,Black infant Aura,,Black infant Iyla Jim Lim,"stone-tool use, Focal end",RN,ct:29334e2a21ae09f70000000000000000,,,Save data,5/23/2024 9:51,5/23/2024 9:51,+07:00,2024042601,f0292db4-a386-4c1b-8108-8cab088e720b,1705f11a-67a2-436a-ba1a-75f6dd19a8d9,
5/23/2024,16:35:02,Santa,,,Juvenile 1 Juvenile 2 Taipan,Naina,"Focal start, stone-tool use",RN,ct:29334e2a21ae09f70000000000000000,,,Save data,5/23/2024 9:51,5/23/2024 9:35,+07:00,2024042601,0b337a73-75fd-4355-950f-d5729b455200,34e7a4ca-996d-45f8-be70-7fa92117140c,
5/23/2024,16:30:54,Jim Lim,,,,Black infant Kaya,"stone-tool use, Focal end",RN,ct:29334e2a21ae09f70000000000000000,,,Save data,5/23/2024 9:51,5/23/2024 9:30,+07:00,2024042601,95643d3b-56fc-470a-a18f-ae7ea19cd535,617c29ff-9b53-47c5-b872-e9d3e2d8efbc,
5/23/2024,16:14:57,Jim Lim,,,,Oreo,"Focak start, stone-tool use",RN,ct:29334e2a21ae09f70000000000000000,,,Save data,5/23/2024 9:14,5/23/2024 9:14,+07:00,2024042601,ce12edc4-3527-4d71-bce0-7f2e959d4668,fe6491af-b9c2-4bac-bba5-9ce9d21b1490,
5/23/2024,16:12:06,Kaya,Black infant,Juvenile 1,Black infant Robin Vulva,Juvenile 1,stone-tool use behavior,RN,ct:29334e2a21ae09f70000000000000000,,,Save data,5/23/2024 9:12,5/23/2024 9:12,+07:00,2024042601,16f3ee34-1be6-4af5-9118-fbf8a47115ec,4157a261-741e-48ff-ac83-4712e7259907,
5/23/2024,15:55:05,Kaya,Black infant,Quindoline Robin,Juvenile 1 Cacao,Juvenile 1,"Foraging, stone-tool use",RN,ct:29334e2a21ae09f70000000000000000,,,Save data,5/23/2024 9:12,5/23/2024 8:55,+07:00,2024042601,23698866-38d3-4046-b9e1-66ab7132f64d,fa6c762a-d174-498d-aa5f-f15260f75964,
5/23/2024,14:24:27,Belanda,,,,,move,RN,ct:29334e2a21ae09f70000000000000000,,,Save data,5/23/2024 7:24,5/23/2024 7:24,+07:00,2024042601,6face005-f541-4a19-bd7b-ba92218e29c2,0e3864f5-8fdc-41cf-a869-81384964f6d4,
5/23/2024,14:08:11,Belanda,,,,,"Focal start, resting",RN,ct:29334e2a21ae09f70000000000000000,,,Save data,5/23/2024 7:24,5/23/2024 7:08,+07:00,2024042601,99d1cbfc-d3bf-4849-939a-b71e71131bdb,eceedb60-7782-4f7a-ba8c-ac57c082c803,
5/23/2024,13:42:32,Lip,Black infant,,,,resting ,RN,ct:29334e2a21ae09f70000000000000000,,,Save data,5/23/2024 7:24,5/23/2024 6:42,+07:00,2024042601,444fb4c8-f2d4-4f37-9221-7b6f4e5780c8,415ab655-4957-4b8f-af97-9c912958a669,
5/23/2024,11:34:21,Naina,Kal,,Bat,Juvenile 1 Ali,groom (emitter),RN,ct:29334e2a21ae09f70000000000000000,,,Save data,5/23/2024 6:42,5/23/2024 4:34,+07:00,2024042601,60953e71-91e7-42d3-bc78-12f7b67f1739,4b818a95-2cb3-4c27-be28-6ab5125d1224,
5/23/2024,11:27:54,Naina,Kal,,Bat,Ali,groom (receptor),RN,ct:29334e2a21ae09f70000000000000000,,,Save data,5/23/2024 6:42,5/23/2024 4:27,+07:00,2024042601,c14e2c85-90b2-42c5-9316-12bd15fa4313,7fa6f874-62a0-4a07-bb74-eb435e89d39b,
5/23/2024,11:23:46,Ali,,Juvenile 1 Bat,,Kal Naina,rest,RN,ct:29334e2a21ae09f70000000000000000,,,Save data,5/23/2024 6:42,5/23/2024 4:23,+07:00,2024042601,5535b158-7e71-46fc-9f24-092d362f7359,2a60db6e-bc41-4be7-bce8-2e71efdcf219,
5/23/2024,11:07:02,Ali,,Bat,Juvenile 1,Kal,rest,RN,ct:29334e2a21ae09f70000000000000000,,,Save data,5/23/2024 6:42,5/23/2024 4:07,+07:00,2024042601,a8052d61-f808-4b5b-b49a-76cee3a122cd,d23fa99e-8370-48ab-ac22-fc46b504fcc9,
5/23/2024,10:59:06,Pinky,Juvenile 1 Juvenile 2,,,,groom (emitter). Focal end,RN,ct:29334e2a21ae09f70000000000000000,,,Save data,5/23/2024 6:42,5/23/2024 3:59,+07:00,2024042601,db6f8919-b298-4f7d-ab70-10b76c82af47,81cca3a1-f27e-41c4-87ed-3730ae22e277,
5/23/2024,10:51:54,Pinky,Juvenile 2,,,,groom (receptor). Focal start,RN,ct:29334e2a21ae09f70000000000000000,,,Save data,5/23/2024 3:58,5/23/2024 3:51,+07:00,2024042601,5e592210-c0e7-4759-97ba-f9bd2aa861db,70e4661d-4e1b-4c16-a2ed-332abccf73e2,
5/23/2024,10:48:55,Ted,Tutu,,,,affiliative. Focal end,RN,ct:29334e2a21ae09f70000000000000000,,,Save data,5/23/2024 3:58,5/23/2024 3:48,+07:00,2024042601,5b3cbd3e-4498-42ad-9f72-97583f5f015e,1c3226c7-7c8f-49c2-88a7-ee05daa00e01,
5/23/2024,10:32:18,Ted,,,Juvenile 1 F_Adult,,rest. Start,RN,ct:29334e2a21ae09f70000000000000000,,,Save data,5/23/2024 3:58,5/23/2024 3:32,+07:00,2024042601,a4a30dce-9cfc-43fa-b89c-be99cd8f7cf4,fe50a787-2a23-4b5d-a79a-92d58bf9be05,
5/23/2024,9:50:05,Quindoline,,,Juvenile 1,,move. Focal start,RN,ct:29334e2a21ae09f70000000000000000,,,Save data,5/23/2024 3:58,5/23/2024 2:50,+07:00,2024042601,601f6598-cf88-4db8-ad22-a4a693e37dde,63b9cb1d-538b-400f-8737-76b22c6b8038,
5/23/2024,9:29:16,Quindoline,,,,,rest. Focal start,RN,ct:29334e2a21ae09f70000000000000000,,,Save data,5/23/2024 3:58,5/23/2024 2:29,+07:00,2024042601,9cf14de2-b242-49b6-bd6a-3aa5250a1ffd,51560011-209b-484c-ba69-89b410b524d2,
5/23/2024,9:07:28,Taipan,,,,,foraging without tools.Focal start,RN,ct:29334e2a21ae09f70000000000000000,,,Save data,5/23/2024 3:58,5/23/2024 2:07,+07:00,2024042601,e326b5f1-d273-44cf-92d2-23908cec36ae,66511676-0df3-43e4-aefd-a459313fe47e,
5/23/2024,8:52:23,Betina,,,Jim Lim,,rest. Focal end,RN,ct:29334e2a21ae09f70000000000000000,,,Save data,5/23/2024 1:52,5/23/2024 1:52,+07:00,2024042601,ac9588bc-6ef2-4d83-bd1a-a3ed912757d2,65f664fd-dba2-4f6a-94a3-c8684bf2dad0,
5/23/2024,8:36:31,Betina,,,,,rest. Focal start,RN,ct:29334e2a21ae09f70000000000000000,,,Save data,5/23/2024 1:52,5/23/2024 1:36,+07:00,2024042601,1ff7115d-7380-491d-8dc4-5b8f81f66627,68e408e7-11bf-489a-b43b-9477e7491203,
5/23/2024,7:32:26,Naina,,,,,rest. Focal end,RN,ct:29334e2a21ae09f70000000000000000,,,Save data,5/23/2024 0:32,5/23/2024 0:32,+07:00,2024042601,8057d51f-31c3-4b3b-ad03-e8de72576ba7,53cd98ff-526e-4b7f-ac63-6364d2138ce4,
5/23/2024,7:16:40,Naina,,Pat,,,foraging without tools. Focal start,RN,ct:29334e2a21ae09f70000000000000000,,,Save data,5/23/2024 0:32,5/23/2024 0:16,+07:00,2024042601,220e5e48-b283-4042-9cbd-b5ac79830694,da5b0f76-0093-4efc-be3a-19331f15b110,
5/23/2024,7:02:41,Whitney,,,,Black infant F_Adult Flame Yaiko,rest. Focal start,RN,ct:29334e2a21ae09f70000000000000000,,,Save data,5/23/2024 0:32,5/23/2024 0:02,+07:00,2024042601,cb907f2e-338a-4c5c-ba9e-6dfc320c85de,60a9f4d0-8d2e-410e-a27c-e535d6bf8c88,
5/26/2024,14:59:33,Tutu,Tutu,,,Naina,Start. resting,RN,ct:29334e2a21ae09f70000000000000000,,,Save data,5/27/2024 23:35,5/26/2024 7:59,+07:00,2024042601,f27fdda3-51ec-49c0-99fd-9725d5177753,ac214169-c789-48db-a349-ee5e89f903c5,
5/26/2024,14:58:41,Tutu,,,,,resting,RN,ct:29334e2a21ae09f70000000000000000,,,Save data,5/27/2024 23:35,5/26/2024 7:58,+07:00,2024042601,40ef35dc-05b4-4320-b91e-5dfcbf853293,911a3ef7-ed76-441c-9ad6-a9e5e459cbfd,
5/26/2024,14:50:46,Kaya,Black infant,,,,resting. Focal end,RN,ct:29334e2a21ae09f70000000000000000,,,Save data,5/26/2024 7:50,5/26/2024 7:50,+07:00,2024042601,b86e7d28-35b7-442b-846b-448a0c0b3a68,6120720b-b326-42d8-8ef7-0a8aa3abb34f,
5/26/2024,14:35:17,Kaya,Black infant,,,,resting. Focal start,RN,ct:29334e2a21ae09f70000000000000000,,,Save data,5/26/2024 7:50,5/26/2024 7:35,+07:00,2024042601,a0a30eb5-43ee-413a-88c8-b64c054cf519,5904ac22-6ced-4a53-a7e7-f5a3b072483e,
5/26/2024,14:15:51,Bat,,,,Pat,resting. Focal end,RN,ct:29334e2a21ae09f70000000000000000,,,Save data,5/26/2024 7:15,5/26/2024 7:15,+07:00,2024042601,1d3f2496-3c44-4cbe-aed1-06af832eaa85,11d8c0e9-f114-40f4-9856-ce7d146340e3,
5/26/2024,13:59:55,Bat,,,,Pat,resting. Focal start,RN,ct:29334e2a21ae09f70000000000000000,,,Save data,5/26/2024 7:15,5/26/2024 6:59,+07:00,2024042601,fd9c1c6d-c97f-4ad0-9a30-5a38c2239f45,22ff5c7e-b422-4046-a329-7377b762395c,
5/26/2024,13:45:04,Legolas,,,,,"resting, focal start",RN,ct:29334e2a21ae09f70000000000000000,,,Save data,5/26/2024 6:59,5/26/2024 6:45,+07:00,2024042601,f029ab81-6c7a-4acf-a9cb-acaa1dfe7330,d44126d3-526b-4b51-84e5-6592c0726ea5,
5/26/2024,13:19:29,Legolas,Pinky,,,,Grooming. Focal start,RN,ct:29334e2a21ae09f70000000000000000,,,Save data,5/26/2024 6:59,5/26/2024 6:19,+07:00,2024042601,069f8301-e7e2-4a2b-bfad-275f3487c42f,f5eb007c-b081-475f-8089-a70349d3e306,
5/26/2024,11:58:01,Robin,,,,,move. Focal end,RN,ct:29334e2a21ae09f70000000000000000,,,Save data,5/26/2024 4:58,5/26/2024 4:58,+07:00,2024042601,fb3c14d1-3044-42ab-83ed-75fd4a6cf5a9,83e1f95f-43d3-46d5-b60d-ae575bd8e300,
5/26/2024,11:42:04,Robin,,,,,foraging without tools. Focal start,RN,ct:29334e2a21ae09f70000000000000000,,,Save data,5/26/2024 4:58,5/26/2024 4:42,+07:00,2024042601,47e20707-1dcc-4293-8720-56e505940c38,62ebea91-dacf-4e69-88c2-3d5842339bd3,
5/26/2024,11:25:52,Yaiko,,,,,foraging without tools. Focal end,RN,ct:29334e2a21ae09f70000000000000000,,,Save data,5/26/2024 4:25,5/26/2024 4:25,+07:00,2024042601,074e22d8-24f1-42a2-9feb-c101032e3902,6bd8ed79-9664-4e95-8b18-e062a8fef3b7,
5/26/2024,11:09:35,Yaiko,,,,,"move, focal start",RN,ct:29334e2a21ae09f70000000000000000,,,Save data,5/26/2024 4:25,5/26/2024 4:09,+07:00,2024042601,dce33c4c-419a-4b46-bde7-5f817efda37f,73768813-ce3e-4d9a-95bc-f93154574463,
5/26/2024,10:57:53,Ali,,,,,foraging without tools. Focal end,RN,ct:29334e2a21ae09f70000000000000000,,,Save data,5/26/2024 3:57,5/26/2024 3:57,+07:00,2024042601,63d5f21e-e4e0-4025-97cb-a7c199b0cd28,c0fd667e-4ad4-47c4-9d69-d50dd665f5b1,
5/26/2024,10:41:51,Ali,,,,,"resting, focal start",RN,ct:29334e2a21ae09f70000000000000000,,,Save data,5/26/2024 3:57,5/26/2024 3:41,+07:00,2024042601,c871d7c0-3163-44b2-9091-7b67c9ce9f28,0536f139-92dc-446d-aac9-2ae12145d0da,
5/26/2024,10:30:07,Legolas,,,,,"resting, focal start",RN,ct:29334e2a21ae09f70000000000000000,,,Save data,5/26/2024 3:57,5/26/2024 3:30,+07:00,2024042601,2145051b-80d0-480d-86af-24728e806dff,1eb09137-3cc4-4a1a-b511-1aa610461239,
5/26/2024,10:00:27,Ali,,,,Pat,"resting, Focal start",RN,ct:29334e2a21ae09f70000000000000000,,,Save data,5/26/2024 3:57,5/26/2024 3:00,+07:00,2024042601,cf7ea3b6-8ffa-4fe1-ad5d-28d1b94fc00a,a081488f-eedb-4d61-91c9-8b8d596179de,
5/26/2024,9:58:34,Pat,,,,,"move, focal end",RN,ct:29334e2a21ae09f70000000000000000,,,Save data,5/26/2024 2:58,5/26/2024 2:58,+07:00,2024042601,2eae0a55-202c-492b-88ba-2a6aaf439e7c,6651050f-1322-4dfd-9497-9a56c3367e31,
5/26/2024,9:43:03,Pat,,,,Ali,"foraging without tools, focl.start",RN,ct:29334e2a21ae09f70000000000000000,,,Save data,5/26/2024 2:58,5/26/2024 2:43,+07:00,2024042601,0a59ea99-e623-4ce5-9aa7-15a515954232,88d83b46-14b8-4729-80e8-bdfae6224e6c,
5/26/2024,9:37:31,Ali,,,Old infant,,"resting, focal start",RN,ct:29334e2a21ae09f70000000000000000,,,Save data,5/26/2024 2:37,5/26/2024 2:37,+07:00,2024042601,d4fe4d69-58f2-4d5e-b81b-31c813e10191,b5b16d02-64a5-4758-a1ee-40ce1a64ba9b,
5/26/2024,9:04:03,Ted,,,,,resting. Focal start,RN,ct:29334e2a21ae09f70000000000000000,,,Save data,5/26/2024 2:37,5/26/2024 2:04,+07:00,2024042601,85be54be-ff97-47a6-b154-585e54f338ff,22f05c80-b4eb-4876-844a-75e73f6fc358,
5/26/2024,8:47:46,Naina,,,,,"resting, focal end",RN,ct:29334e2a21ae09f70000000000000000,,,Save data,5/26/2024 1:47,5/26/2024 1:47,+07:00,2024042601,8a02b9a9-080e-4dea-9314-caf48978b67f,2dc0ae8d-28c7-4162-8e1f-dfd1548156d1,
5/26/2024,8:32:02,Naina,,,,,"Focal start, resting",RN,ct:29334e2a21ae09f70000000000000000,,,Save data,5/26/2024 1:47,5/26/2024 1:32,+07:00,2024042601,001a6e7f-13d5-4af5-a3b4-0254fa297e21,0a749294-b1cc-4026-9045-451f824850e9,
5/26/2024,8:21:26,Quindoline,Black infant,,Black infant Lip,,"stone-tool use, focal start",RN,ct:29334e2a21ae09f70000000000000000,,,Save data,5/26/2024 1:47,5/26/2024 1:21,+07:00,2024042601,f3ece5dd-4cac-47af-bd2f-415513471ac8,f8e89491-b2aa-4609-9d71-78ea1ca7562e,
5/26/2024,8:19:46,Taipan,,,Black infant Jim Lim Kaya,Yaiko,"stone-tool use, focal end",RN,ct:29334e2a21ae09f70000000000000000,,,Save data,5/26/2024 1:19,5/26/2024 1:19,+07:00,2024042601,a643f709-30ad-4ada-8b9e-a016accc5b33,cff1e7f0-224d-44d8-89b5-1d84a574655f,
5/26/2024,8:02:57,Taipan,,,,F_Subadult,"Focal start, stone-tool use",RN,ct:29334e2a21ae09f70000000000000000,,,Save data,5/26/2024 1:19,5/26/2024 1:02,+07:00,2024042601,02036df2-2ac7-428a-89b3-9a662864db5a,18c50483-5206-47dc-873d-6b5b734317b5,
5/26/2024,7:54:14,Santa,,,,Black infant Kaya,stone-tool use,RN,ct:29334e2a21ae09f70000000000000000,,,Save data,5/26/2024 0:54,5/26/2024 0:54,+07:00,2024042601,fdf5c19f-7c1d-4571-a786-339791b2f2cf,bf1587ed-f6f2-4c45-83d4-5ade302b2ce2,
5/26/2024,7:47:48,Cacao,,,,Black infant Quindoline,"stone-tool use, QND just passing by",RN,ct:29334e2a21ae09f70000000000000000,,,Save data,5/26/2024 0:47,5/26/2024 0:47,+07:00,2024042601,4b1765f9-154a-46fb-9be2-3834b19bd558,40293dda-b283-4d28-b9e8-113ca31a4bc5,
5/26/2024,7:31:19,Cacao,,,,Black infant Vulva,stone-tool use,RN,ct:29334e2a21ae09f70000000000000000,,,Save data,5/26/2024 0:47,5/26/2024 0:31,+07:00,2024042601,d8d2d007-4492-4925-bc01-883fe288e687,fbb9b16f-a51e-4c09-8ee0-b9e077d1ce78,
5/28/2024,16:26:08,Iyla,,,,Belanda,resting. Focal start,RN,ct:29334e2a21ae09f70000000000000000,,,Save data,5/29/2024 0:38,5/28/2024 9:26,+07:00,2024042601,3bcb8fe8-7017-4a14-9132-e770a92874e9,079452f9-54ad-41ff-ac45-4d755a0aa05b,
5/28/2024,16:11:37,Babosa,Naina,,,,Grooming. Focal end. ,RN,ct:29334e2a21ae09f70000000000000000,,,Save data,5/28/2024 9:11,5/28/2024 9:11,+07:00,2024042601,628d8802-83db-45cb-acd6-fe1d0267bf91,2c779139-ab63-46e8-9509-522930d43e87,
5/28/2024,15:55:05,Babosa,Tutu,,,Jim Lim,Grooming. Focal start,RN,ct:29334e2a21ae09f70000000000000000,,,Save data,5/28/2024 9:11,5/28/2024 8:55,+07:00,2024042601,1506c308-5213-46d2-aca8-5da2e52f6e6e,de6371c3-afd2-4960-81f1-559ddf27bb34,
5/28/2024,14:56:35,Quindoline,Black infant Naina,Juvenile 1,,,resting. Focal start,RN,ct:29334e2a21ae09f70000000000000000,,,Save data,5/28/2024 9:11,5/28/2024 7:56,+07:00,2024042601,6c085591-d5cb-4525-9eb7-ba51dead4617,1b8005a0-77db-4d57-b166-2f2ae6a7e7d5,
5/28/2024,14:53:29,Tutu,,,,Belanda,foraging without tools. Focal end,RN,ct:29334e2a21ae09f70000000000000000,,,Save data,5/28/2024 9:11,5/28/2024 7:53,+07:00,2024042601,7764e133-f2f6-4beb-b280-73ae37081712,b7f53f4e-f6dd-4a2d-92ca-3672cca5144f,
5/28/2024,14:34:06,Tutu,,,,,foraging without tools. Focal start,RN,ct:29334e2a21ae09f70000000000000000,,,Save data,5/28/2024 9:11,5/28/2024 7:34,+07:00,2024042601,3d428b85-b019-4fa3-878f-eeda503d4a41,f1a64cf8-9548-43b8-aa1b-b6e23b6d8ed5,
5/28/2024,14:24:57,Belanda,,,,,foraging without tools. Focal end,RN,ct:29334e2a21ae09f70000000000000000,,,Save data,5/28/2024 7:24,5/28/2024 7:24,+07:00,2024042601,9034b486-98ac-4c1e-b1a8-6d5af3707642,83d693ff-d55f-4bee-aa37-2dbc72509c16,
5/28/2024,14:09:11,Belanda,,,,,resting. Focal start,RN,ct:29334e2a21ae09f70000000000000000,,,Save data,5/28/2024 7:09,5/28/2024 7:09,+07:00,2024042601,8a9c0414-9834-4645-89e8-5db1dbb88502,8c8f63f7-da26-4a11-b82e-9bdf1cdb4e61,
5/28/2024,11:55:29,Taipan,,,,,searching. Focal start,RN,ct:29334e2a21ae09f70000000000000000,,,Save data,5/28/2024 7:08,5/28/2024 4:55,+07:00,2024042601,59de259a-ff71-4758-94fe-beee1712bace,b46b541d-f5bb-4b22-a7f4-012f0b77be2d,
5/28/2024,10:33:22,Jim Lim,,,,,foraging without tools. Focal end,RN,ct:29334e2a21ae09f70000000000000000,,,Save data,5/28/2024 3:33,5/28/2024 3:33,+07:00,2024042601,4d58ac5b-c5c8-4430-b1f4-592efd033bcd,acddf440-6a29-4310-b870-d1e275d4928f,
5/28/2024,10:17:27,Jim Lim,,,,,rest. Focal start,RN,ct:29334e2a21ae09f70000000000000000,,,Save data,5/28/2024 3:33,5/28/2024 3:17,+07:00,2024042601,f94a16ce-089a-4d76-b95c-0c4176cce43c,95f2b996-fc22-4e8f-8684-3a9af1296f93,
5/28/2024,9:57:15,Robin,Juvenile 1 Harley,Black infant Vulva,Juvenile 1 Legolas,,Grooming. Focal end,RN,ct:29334e2a21ae09f70000000000000000,,,Save data,5/28/2024 2:57,5/28/2024 2:57,+07:00,2024042601,11d714c0-9f31-4f2b-86ad-20795dce92af,9dcb9cb3-c2a4-4055-9c50-bb9a99791c24,
5/28/2024,9:40:21,Robin,Harley,,,Juvenile 2 Legolas,Grooming. Focal start.,RN,ct:29334e2a21ae09f70000000000000000,,,Save data,5/28/2024 2:57,5/28/2024 2:40,+07:00,2024042601,26710389-b349-43e9-adf6-9d183403cf33,a3a7b24e-9b50-4e8a-abdc-67b4d8c44353,
5/28/2024,9:37:13,Harley,,,,Juvenile 1 Oreo Whitney,rest. Focal end,RN,ct:29334e2a21ae09f70000000000000000,,,Save data,5/28/2024 2:37,5/28/2024 2:37,+07:00,2024042601,3dd68b91-8a53-45e2-86f6-863cc8876929,a5a59623-1de2-43b2-82e4-fa93c7938c3e,
5/28/2024,9:21:20,Harley,,,,,stone-tool use. Focal start,RN,ct:29334e2a21ae09f70000000000000000,,,Save data,5/28/2024 2:37,5/28/2024 2:21,+07:00,2024042601,e7e1c319-e18c-41a3-8a72-56812ee2768c,91e583bd-b03d-445b-bad5-9f176c78a0ee,
5/28/2024,9:05:31,Aura,Black infant,,,Oreo,stone-tool use. Focal start,RN,ct:29334e2a21ae09f70000000000000000,,,Save data,5/28/2024 2:37,5/28/2024 2:05,+07:00,2024042601,986b20b9-5586-47f4-9a33-8a23f0e00fda,6d6f1063-f6ff-44ae-b922-5e42cddc59b3,
5/28/2024,8:38:45,Harley,,,,,foraging without tools. Focal start,RN,ct:29334e2a21ae09f70000000000000000,,,Save data,5/28/2024 2:37,5/28/2024 1:38,+07:00,2024042601,6c206c5a-445c-4cec-b0b3-f91c9a3b7b6b,5ca6a8b4-db53-4297-8b09-c9585749bae4,
5/28/2024,8:12:45,Aura,Black infant,,,,foraging without tools. Focal start,RN,ct:29334e2a21ae09f70000000000000000,,,Save data,5/28/2024 1:12,5/28/2024 1:12,+07:00,2024042601,66036523-3c4c-4629-9791-b86b2e596064,b4a05c37-ddb2-4c59-8494-15e7910fb8a8,
5/28/2024,8:11:06,Yaiko,,,,,foraging without tools. Focal end,RN,ct:29334e2a21ae09f70000000000000000,,,Save data,5/28/2024 1:11,5/28/2024 1:11,+07:00,2024042601,c6214763-7150-4ccb-a641-9588f5b26761,477c7031-070d-43aa-a6a2-3a4d02002759,
5/28/2024,7:55:19,Harley,,,,,Not a very reliable scan. foraging without tools. Focal start,RN,ct:29334e2a21ae09f70000000000000000,,,Save data,5/28/2024 1:11,5/28/2024 0:55,+07:00,2024042601,0e39f7e9-68b8-4ac3-abbc-006459b76d5d,160a0e4e-be71-4505-bb55-cf1ee115c395,
5/28/2024,7:29:21,Kaya,Black infant,,,,foraging without tools. Focal start,RN,ct:29334e2a21ae09f70000000000000000,,,Save data,5/28/2024 1:11,5/28/2024 0:29,+07:00,2024042601,d7641365-76d3-438c-9930-cc44d896b09e,8249fa25-b64b-4b55-915c-352b734debcb,
5/28/2024,6:45:18,Lip,Black infant,Pinky,Juvenile 1,,stone-tool use. Focal start,RN,ct:29334e2a21ae09f70000000000000000,,,Save data,5/28/2024 1:11,5/27/2024 23:45,+07:00,2024042601,ac979da5-b1f4-4bfb-8174-80f107719745,33e059a9-d324-4fbf-831b-590f7a0a44c8,
5/29/2024,15:03:55,Ted,,,,,movement. Focal end,RN,ct:29334e2a21ae09f70000000000000000,,,Save data,5/29/2024 8:03,5/29/2024 8:03,+07:00,2024042601,d8bfc1f6-180d-4202-b659-96d277a09a49,705a7472-3e22-4e54-9763-1088fdd9e4fe,
5/29/2024,14:48:06,Ted,Ali,Legolas,,Juvenile 1,rest. FocL start,RN,ct:29334e2a21ae09f70000000000000000,,,Save data,5/29/2024 8:03,5/29/2024 7:48,+07:00,2024042601,64d94d4f-a5c7-4456-aeab-dde9ffa0c4c5,ed6f99e5-b10f-450f-af80-49967172bd8e,
5/29/2024,14:24:12,Pinky,Kal,Juvenile 1,,,Grooming. Focal end,RN,ct:29334e2a21ae09f70000000000000000,,,Save data,5/29/2024 7:24,5/29/2024 7:24,+07:00,2024042601,e4b76d6e-23c7-47ba-b696-4a446152cbc2,b3077a56-af06-43dd-b46c-7112cbb69804,
5/29/2024,14:08:33,Pinky,,,Juvenile 1,Pat Belanda,rest. Focal start,RN,ct:29334e2a21ae09f70000000000000000,,,Save data,5/29/2024 7:24,5/29/2024 7:08,+07:00,2024042601,6897f613-9cf7-4a96-84c3-50656c507bef,6a66debb-e550-4e67-94ba-c5105682cf9a,
5/29/2024,14:05:47,Granny,Black infant,F_Subadult Cacao,,,rest. Focal end,RN,ct:29334e2a21ae09f70000000000000000,,,Save data,5/29/2024 7:24,5/29/2024 7:05,+07:00,2024042601,38dfdcac-ed74-4d05-9ebc-f42db2d393ca,7ad1b745-4733-4cb7-8c8f-556eecccf168,
5/29/2024,13:49:17,Granny,Black infant,,,,foraging without tools. Focal start,RN,ct:29334e2a21ae09f70000000000000000,,,Save data,5/29/2024 7:24,5/29/2024 6:49,+07:00,2024042601,a8f18b4f-4e5a-4c6c-9e30-09aac6a1bdc1,6659cd62-62a9-47a9-9df6-8526ccb7a912,
5/29/2024,13:34:07,Dandi,Betina,,,,Grooming. Focal start,RN,ct:29334e2a21ae09f70000000000000000,,,Save data,5/29/2024 7:24,5/29/2024 6:34,+07:00,2024042601,d6fdc6e0-d182-46b4-990d-9f90cf8bac1b,2512c013-73bf-460d-b492-323db5f52db3,
5/29/2024,13:28:15,Granny,Juvenile 2,Black infant,,,Grooming. Focal end,RN,ct:29334e2a21ae09f70000000000000000,,,Save data,5/29/2024 6:28,5/29/2024 6:28,+07:00,2024042601,7577e922-573b-4d77-9d5c-a89c20e3bc26,50b6e003-9edd-4bae-b928-4a22862f1ae1,
5/29/2024,13:12:21,Granny,Black infant,,,,resting. Focal start,RN,ct:29334e2a21ae09f70000000000000000,,,Save data,5/29/2024 6:28,5/29/2024 6:12,+07:00,2024042601,e06c8ef9-2f35-4b42-9209-a18e9cd8d7a6,436ecb90-89a9-4ca6-b11f-81464c28db89,
5/29/2024,12:09:47,Granny,,Black infant,,,rest. Focal start,RN,ct:29334e2a21ae09f70000000000000000,,,Save data,5/29/2024 6:28,5/29/2024 5:09,+07:00,2024042601,b6ce5fe1-cbce-492b-b734-d1e2cc1ed477,436a5b23-bbc1-44b2-9996-bcca9a1c2516,
5/29/2024,11:59:41,Naina,,,,,rest. Focal end,RN,ct:29334e2a21ae09f70000000000000000,,,Save data,5/29/2024 4:59,5/29/2024 4:59,+07:00,2024042601,142f78d4-2fe2-402a-915c-86252ac37f50,4262c45c-721a-4d4e-99fe-e05f87359191,
5/29/2024,11:43:15,Naina,,,,,Foraging qithout tools.,RN,ct:29334e2a21ae09f70000000000000000,,,Save data,5/29/2024 4:59,5/29/2024 4:43,+07:00,2024042601,b4577833-d499-42c3-9582-1f0a5b94e2ef,58d5c710-cd28-42c5-b624-bdd94f8af280,
5/29/2024,11:28:47,Pat,Naina,,,,Grooming. Focal strat,RN,ct:29334e2a21ae09f70000000000000000,,,Save data,5/29/2024 4:59,5/29/2024 4:28,+07:00,2024042601,5b5c715e-3521-4a1b-bb5d-f503dc5e7eea,ffbd8a38-bad1-478d-af93-f016b0f7dd23,
5/29/2024,11:26:04,Naina,Pat,,,,Grooming. Focal end,RN,ct:29334e2a21ae09f70000000000000000,,,Save data,5/29/2024 4:26,5/29/2024 4:26,+07:00,2024042601,62ab9dcd-ea97-4cbe-aff2-88890375148d,b7c5d3a4-da15-4cf7-88a1-a0909f7c2344,
5/29/2024,11:10:25,Naina,,,,,rest. Focal start,RN,ct:29334e2a21ae09f70000000000000000,,,Save data,5/29/2024 4:26,5/29/2024 4:10,+07:00,2024042601,5858cead-3d5e-467f-8488-56a51362ecd6,b94e3c01-7dd3-4cc3-8d72-c82ed576bad7,
5/29/2024,10:50:05,Lip,F_Subadult,Black infant,,,Grooming. Focal start,RN,ct:29334e2a21ae09f70000000000000000,,,Save data,5/29/2024 4:26,5/29/2024 3:50,+07:00,2024042601,2a923308-990e-4af8-b960-32794782b8e1,b87c1ea1-0d9f-4bb2-bf07-c587a46ecd6e,
5/29/2024,10:18:13,Pinky,,,,,rest. Focal start,RN,ct:29334e2a21ae09f70000000000000000,,,Save data,5/29/2024 3:45,5/29/2024 3:18,+07:00,2024042601,314c1964-e752-4aa7-9368-828b7da3a77d,1fdec568-66ed-41af-8a19-dce22b6b537f,
5/29/2024,8:30:30,Quindoline,Black infant,,,,foraging without tools. Focal end,RN,ct:29334e2a21ae09f70000000000000000,,,Save data,5/29/2024 1:30,5/29/2024 1:30,+07:00,2024042601,1abaa1f4-ec6e-407e-a6f4-a91ed2cd010f,d05ca379-58ef-42c0-8913-1b96af41959a,
5/29/2024,8:14:55,Quindoline,Black infant,,,,rest. Focal start,RN,ct:29334e2a21ae09f70000000000000000,,,Save data,5/29/2024 1:14,5/29/2024 1:14,+07:00,2024042601,d50363af-afa2-4185-b25d-4f9665f6a004,ab3f79f4-eaf3-4299-86e4-19a28de685c2,
5/29/2024,7:54:20,Kaya,Black infant,,,,resting. Focal end,RN,ct:29334e2a21ae09f70000000000000000,,,Save data,5/29/2024 0:54,5/29/2024 0:54,+07:00,2024042601,0f4ba433-b53c-47b9-b371-43f9bd678ed0,e4c26015-ca11-40d6-9d48-32b7b0a0af67,
5/29/2024,7:38:41,Kaya,Black infant,,,Black infant Juvenile 1 Vulva,resting. Focal start,RN,ct:29334e2a21ae09f70000000000000000,,,Save data,5/29/2024 0:54,5/29/2024 0:38,+07:00,2024042601,feacb408-8213-4462-aedc-76e6ea62e5c9,63d297d8-018f-4485-9a4f-2edd7c83d946,
6/2/2024,16:54:48,Yaiko,,,,,foraging without tools. Focal end,RN,ct:29334e2a21ae09f70000000000000000,,,Save data,6/2/2024 9:54,6/2/2024 9:54,+07:00,2024042601,3fd147f2-7e3b-4215-a3d8-332e61c8ebee,146f933f-bfe4-4ff8-9c11-b62de5dce4e0,
6/2/2024,16:39:06,Yaiko,,,,,Foraging without tool. Focal start,RN,ct:29334e2a21ae09f70000000000000000,,,Save data,6/2/2024 9:54,6/2/2024 9:39,+07:00,2024042601,0bebd700-493d-47b5-b22b-ce33cce64b80,93c7789f-f396-43ce-98f0-62912448b62c,
6/2/2024,16:24:52,Cacao,,,,Ted,foraging without tools,RN,ct:29334e2a21ae09f70000000000000000,,,Save data,6/2/2024 9:54,6/2/2024 9:24,+07:00,2024042601,d9b11e5a-ad7c-49d0-b780-97940b813f83,c402c53f-bbcf-419c-ae0b-8e8d0e759e03,
6/2/2024,16:08:15,Vulva,Black infant,,,,"Focal start, move",RN,ct:29334e2a21ae09f70000000000000000,,,Save data,6/2/2024 9:54,6/2/2024 9:08,+07:00,2024042601,590c3186-0fae-4fc0-b7fb-161ceeb2fa67,e4763a54-421c-4ae5-a90c-316da998d6d3,
6/2/2024,16:00:06,Vulva,Black infant,,Black infant Juvenile 1 Quindoline,Iyla,move. Focal start,RN,ct:29334e2a21ae09f70000000000000000,,,Save data,6/2/2024 9:54,6/2/2024 9:00,+07:00,2024042601,457bfaab-c548-4f6a-a5d2-68e94d1bd2c4,adee6017-4f00-47e0-8dc5-7a963744e94a,
6/2/2024,15:44:06,Santa,,,,,foraging without tools. Focal end,RN,ct:29334e2a21ae09f70000000000000000,,,Save data,6/2/2024 8:44,6/2/2024 8:44,+07:00,2024042601,287b3697-076f-4f6e-bc68-b23d4af5eb68,138cd704-9140-401d-8145-9a555042632d,
6/2/2024,15:28:07,Santa,,,,,foraging without tools. Focal start,RN,ct:29334e2a21ae09f70000000000000000,,,Save data,6/2/2024 8:44,6/2/2024 8:28,+07:00,2024042601,1aab381f-2163-44d3-88b9-4df5dff4ba8a,9f80790b-a2d9-4446-9953-7574f8803707,
6/2/2024,15:20:44,Santa,,,,,rest,RN,ct:29334e2a21ae09f70000000000000000,,,Save data,6/2/2024 8:20,6/2/2024 8:20,+07:00,2024042601,3415400d-89ce-458d-a4ae-d9ca6cf22022,b64ee924-9caa-4e7b-a0eb-e2f82ec2f6eb,
6/2/2024,15:07:09,Whitney,,,,,Drink. Focal start,RN,ct:29334e2a21ae09f70000000000000000,,,Save data,6/2/2024 8:20,6/2/2024 8:07,+07:00,2024042601,ae483801-21ab-475b-a6b9-4e82fb989b6c,3c9e7fbe-8a35-4b07-973b-f28bf534fefd,
6/2/2024,15:01:15,Kal,Naina,,,,Grooming. Focal end,RN,ct:29334e2a21ae09f70000000000000000,,,Save data,6/2/2024 8:01,6/2/2024 8:01,+07:00,2024042601,fad12b3b-418c-43ef-af6c-cc50f6c8fc4d,027a64f9-181f-47f6-a7aa-112d75f3d1cd,
6/2/2024,14:45:38,Kal,Pinky,Juvenile 1 Pat,Juvenile 1 Juvenile 2,Juvenile 2,rest. Focal ztart,RN,ct:29334e2a21ae09f70000000000000000,,,Save data,6/2/2024 8:01,6/2/2024 7:45,+07:00,2024042601,136ede83-217d-48c1-ac07-e85431edc06a,342e47c5-8f1e-425d-ba5a-38f620187551,
6/2/2024,14:25:17,Naina,,,,,foraging without tools. Focal end,RN,ct:29334e2a21ae09f70000000000000000,,,Save data,6/2/2024 7:25,6/2/2024 7:25,+07:00,2024042601,2002b6a9-7ab1-4b8f-9d68-93a207cb80c4,7cd6f103-8c23-42b1-bcef-c97dd16254f2,
6/2/2024,14:09:36,Naina,Pat,,,,Grooming. Focal end,RN,ct:29334e2a21ae09f70000000000000000,,,Save data,6/2/2024 7:25,6/2/2024 7:09,+07:00,2024042601,2d682207-2159-4568-8998-958989786a2d,a5646eea-ea3b-465f-87fa-77f9e4b5b2df,
6/2/2024,14:01:22,Betina,,,,,rest. Focal start,RN,ct:29334e2a21ae09f70000000000000000,,,Save data,6/2/2024 7:01,6/2/2024 7:01,+07:00,2024042601,6d633dbf-2e7e-4b0f-89bc-1bdae1569f67,134d9b00-6341-40ec-8aa9-e97b5dd42fc6,
6/2/2024,13:18:56,Ted,Jim Lim,,,Juvenile 2,Grooming. Focal start,RN,ct:29334e2a21ae09f70000000000000000,,,Save data,6/2/2024 7:01,6/2/2024 6:18,+07:00,2024042601,aaef5cfc-3c1b-4c05-9153-b4320188b417,f65f0297-4ba7-40e7-8e07-2c191f7bc00a,
6/2/2024,13:12:07,Jim Lim,,,,Ted,rest. Focal end,RN,ct:29334e2a21ae09f70000000000000000,,,Save data,6/2/2024 6:12,6/2/2024 6:12,+07:00,2024042601,f4450aa9-e549-44c1-9b5c-e6c5bb585c19,e2e1690e-0616-4812-b5b4-12ed18a9fae8,
6/2/2024,12:56:08,Jim Lim,,Black infant Flame,,Juvenile 1,move. Focal start,RN,ct:29334e2a21ae09f70000000000000000,,,Save data,6/2/2024 6:12,6/2/2024 5:56,+07:00,2024042601,d18bbfc8-141a-4bb2-9886-1bc91cf85904,bcb31b8c-2e7d-42bb-9004-2e1fedd4cbf1,
6/2/2024,12:43:12,Pinky,F_Subadult,,,Juvenile 1,Grooming. Focal end,RN,ct:29334e2a21ae09f70000000000000000,,,Save data,6/2/2024 5:43,6/2/2024 5:43,+07:00,2024042601,8f7916ec-d6dc-4705-9326-2956053709ac,386238c3-9ea0-4a77-8c05-c517eb9f7d71,
6/2/2024,12:27:33,Pinky,F_Subadult,,Juvenile 1,,Grooming. Focal start,RN,ct:29334e2a21ae09f70000000000000000,,,Save data,6/2/2024 5:43,6/2/2024 5:27,+07:00,2024042601,a8be315f-0e79-498f-b7bd-22677abbc9ed,254ca640-5202-4cda-96d7-0504c99823a2,
6/2/2024,12:20:55,Iyla,Black infant Quindoline,Black infant Vulva,F_Subadult,,Grooming. Focal end,RN,ct:29334e2a21ae09f70000000000000000,,,Save data,6/2/2024 5:20,6/2/2024 5:20,+07:00,2024042601,06c07df2-f5a7-4fbb-a430-4c8d8ac980ab,19b41614-22ac-4d68-ab89-671813d5f753,
6/2/2024,12:04:48,Iyla,,Black infant F_Subadult Quindoline Vulva,,,resting. Focal start,RN,ct:29334e2a21ae09f70000000000000000,,,Save data,6/2/2024 5:20,6/2/2024 5:04,+07:00,2024042601,3009afff-6935-4981-b1ce-7dbd43fffe5f,75fabc2d-c2ac-43f6-8572-14e4fd926265,
6/3/2024,15:57:08,Robin,,Juvenile 1,Legolas,,move. Focal start,RN,ct:29334e2a21ae09f70000000000000000,,,Save data,6/4/2024 1:44,6/3/2024 8:57,+07:00,2024042601,ee26c885-0474-4e05-95a1-5f96ca57e66f,14838265-8bc4-4315-9aa3-3e50b68f7afe,
6/3/2024,15:37:39,Kaya,Black infant,,,Ted,rest. Focal end,RN,ct:29334e2a21ae09f70000000000000000,,,Save data,6/3/2024 8:37,6/3/2024 8:37,+07:00,2024042601,e4c5ec82-2602-4c49-8c8d-7dc6164b368b,891bf238-2c4f-4b73-8de7-22d58f6058c7,
6/3/2024,15:22:06,Kaya,Black infant,,,Yaiko,rest. Focal start,RN,ct:29334e2a21ae09f70000000000000000,,,Save data,6/3/2024 8:37,6/3/2024 8:22,+07:00,2024042601,f9891677-51ca-4418-95b2-42d54253a8b9,cd1a33ae-cac9-4c8e-851e-a25aabf270b4,
6/3/2024,15:20:45,Oreo,,,,,rest. Focal end,RN,ct:29334e2a21ae09f70000000000000000,,,Save data,6/3/2024 8:20,6/3/2024 8:20,+07:00,2024042601,f638e5a0-8d53-48dc-ba43-ce98b0d75b5d,11903d7b-7727-4fc6-8db1-7b5b54f91852,
6/3/2024,15:05:12,Oreo,,,,,rest. Focal start,RN,ct:29334e2a21ae09f70000000000000000,,,Save data,6/3/2024 8:20,6/3/2024 8:05,+07:00,2024042601,8e8a0e8d-5d39-47cc-843f-c2b061a1c76e,7fb115d8-11d6-4141-ad15-2846c76c5fc8,
6/3/2024,15:03:29,Taipan,F_Subadult,,,,Grooming. Focal start,RN,ct:29334e2a21ae09f70000000000000000,,,Save data,6/3/2024 8:20,6/3/2024 8:03,+07:00,2024042601,bb1813ab-3791-49e3-89ac-4c54aba0248f,76708c1a-4520-46f8-b782-6223e52b25a5,
6/3/2024,14:46:50,Taipan,F_Subadult,,,,rest. Focal start,RN,ct:29334e2a21ae09f70000000000000000,,,Save data,6/3/2024 8:20,6/3/2024 7:46,+07:00,2024042601,546b8d90-5e35-411b-b17e-db0ab6dbb172,f94c1e5a-4c37-4a22-aca1-3ebfbe8a2efc,
6/3/2024,14:42:13,Betina,,,,,foraging without tools. Focal end,RN,ct:29334e2a21ae09f70000000000000000,,,Save data,6/3/2024 7:42,6/3/2024 7:42,+07:00,2024042601,881fe9ac-960f-4aa4-a2ba-28f1e1556758,60dcfef0-e223-4212-9dbc-c3e95a153c75,
6/3/2024,14:26:32,Betina,,,,,rest. Focal start,RN,ct:29334e2a21ae09f70000000000000000,,,Save data,6/3/2024 7:42,6/3/2024 7:26,+07:00,2024042601,389a38db-aa8f-42f3-b3de-05e027a93853,ebaaa0e7-a0c9-4eac-bffd-b12ab884ee77,
6/3/2024,14:19:35,Belanda,,,,,foraging without tools. Focal end,RN,ct:29334e2a21ae09f70000000000000000,,,Save data,6/3/2024 7:19,6/3/2024 7:19,+07:00,2024042601,fda120b0-a236-433b-a714-72a501042f0a,3c74f60d-2a46-4af8-93ac-1581ca18f434,
6/3/2024,14:03:44,Belanda,,,,,foraging without tools. Focal start,RN,ct:29334e2a21ae09f70000000000000000,,,Save data,6/3/2024 7:19,6/3/2024 7:03,+07:00,2024042601,cb72b709-9dd8-4560-b69f-a6faa587f1b2,4b9b41eb-3bdc-40fd-961d-5cc12bac4dd5,
6/3/2024,14:02:25,Ted,,,Juvenile 1,Juvenile 1 Juvenile 2,foraging without tools. Focal end,RN,ct:29334e2a21ae09f70000000000000000,,,Save data,6/3/2024 7:02,6/3/2024 7:02,+07:00,2024042601,61676a81-0a8c-4c57-afc0-d97e126fa08d,1e25e1e8-d5aa-405a-8eb6-d80928b31a7e,
6/3/2024,13:46:41,Ted,,,,Black infant Vulva,Foraging wothout tools. Focal start,RN,ct:29334e2a21ae09f70000000000000000,,,Save data,6/3/2024 7:02,6/3/2024 6:46,+07:00,2024042601,39229f99-733f-4720-80ec-7c12c566befd,1e9480e9-e0aa-4400-bb2f-01c31c7d61a0,
6/3/2024,13:45:20,Vulva,Black infant,,Ted,,"foraging without tools. Focal end. Consider the scan, delay because of phone. ",RN,ct:29334e2a21ae09f70000000000000000,,,Save data,6/3/2024 6:45,6/3/2024 6:45,+07:00,2024042601,9eabfe12-b902-4d5a-b60c-c816e4bed76b,31116bba-6fe7-4c59-9c75-7ef9179c8589,
6/3/2024,13:28:28,Vulva,Black infant,,,,foraging without tools. Focal start ,RN,ct:29334e2a21ae09f70000000000000000,,,Save data,6/3/2024 6:45,6/3/2024 6:28,+07:00,2024042601,0da950cb-690e-4acc-a5eb-8f51905247c1,b4319d28-d10f-4686-b478-36d6beba8c8a,
6/3/2024,13:06:48,Taipan,Black infant,,,Ted,rest. Focal start,RN,ct:29334e2a21ae09f70000000000000000,,,Save data,6/3/2024 6:45,6/3/2024 6:06,+07:00,2024042601,faddc920-3731-4d29-91fe-60f5344e99b1,de222120-e6d5-4a98-9e44-f419d2353809,
6/3/2024,11:21:49,Harley,,,,,foraging without tools. Focal start ,RN,ct:29334e2a21ae09f70000000000000000,,,Save data,6/3/2024 5:11,6/3/2024 4:21,+07:00,2024042601,caa45bdc-6e75-465a-b972-e1c32d067987,fc112913-843a-42b5-80ff-6d36842a042e,
6/3/2024,11:08:58,Taipan,,,,,foraging without tools. FOCAL START,RN,ct:29334e2a21ae09f70000000000000000,,,Save data,6/3/2024 5:11,6/3/2024 4:08,+07:00,2024042601,b6a95e1a-4a2d-4f4f-b634-7cdb8b5d2796,c0776494-d037-47a6-a03a-694851b1f1f5,
6/3/2024,10:46:39,Aura,Black infant,,,,rest. Focal start,RN,ct:29334e2a21ae09f70000000000000000,,,Save data,6/3/2024 5:11,6/3/2024 3:46,+07:00,2024042601,895357d2-1d1b-478c-9ac7-615c0983681f,4640cc16-a3c1-4f38-a32c-35bd0798533a,
6/3/2024,10:37:49,Taipan,,,,,foraging without tools. Focal start,RN,ct:29334e2a21ae09f70000000000000000,,,Save data,6/3/2024 5:11,6/3/2024 3:37,+07:00,2024042601,230cddb6-05f1-45cc-accc-5764726d62bc,225305e3-4410-4a7e-ab83-d0d9dcd88d70,
6/3/2024,10:27:34,Taipan,,,,,rest. Focal start,RN,ct:29334e2a21ae09f70000000000000000,,,Save data,6/3/2024 5:11,6/3/2024 3:27,+07:00,2024042601,acc8198d-6248-48af-b5f6-9f48c43e43cc,66964c57-f255-4303-877f-1c646c4d3bcc,
6/3/2024,10:08:04,Taipan,,,Juvenile 2,,foraging without tools. Focal start,RN,ct:29334e2a21ae09f70000000000000000,,,Save data,6/3/2024 5:11,6/3/2024 3:08,+07:00,2024042601,bdef2e34-75f8-4389-bb29-0e0c6feb0de7,de547299-5cba-4b3a-a841-886df0c165b1,
6/3/2024,10:06:53,Lip,Black infant,,,Taipan Yaiko,foraging without tools. Focal end,RN,ct:29334e2a21ae09f70000000000000000,,,Save data,6/3/2024 3:06,6/3/2024 3:06,+07:00,2024042601,ff77c86e-4079-4aa2-a89e-dc0eabc434d8,1e5435a2-4470-4b79-8976-588f7016a95e,
6/3/2024,9:50:54,Lip,Black infant,,,,foraging without tools. Focal start,RN,ct:29334e2a21ae09f70000000000000000,,,Save data,6/3/2024 2:50,6/3/2024 2:50,+07:00,2024042601,822dfbc7-3d6c-4ee5-9b32-2047c678b7ec,5ac6a54c-3e22-49f3-a265-be779b7dc73a,
6/4/2024,14:58:52,Lip,Black infant,,,,Foraging with stone-tool use. Focal start,RN,ct:29334e2a21ae09f70000000000000000,,,Save data,6/5/2024 7:51,6/4/2024 7:58,+07:00,2024042601,17fa3cc3-d4f3-41ef-851a-42685987360c,0d0a1486-6054-4fe4-ac56-3da4ac763aed,
6/4/2024,14:06:41,Santa,,,,,foraging without tools. Focal end,RN,ct:29334e2a21ae09f70000000000000000,,,Save data,6/4/2024 7:06,6/4/2024 7:06,+07:00,2024042601,b219bb1e-dbee-4927-ba69-d69b9f2c6177,5712ec28-5510-4882-9f32-ff14ddc494e5,
6/4/2024,13:51:00,Santa,,,,Ali,rest. Focal start,RN,ct:29334e2a21ae09f70000000000000000,,,Save data,6/4/2024 7:06,6/4/2024 6:51,+07:00,2024042601,fcb362d3-58a3-4869-88d5-83ece24c219f,21ef559a-6f0c-4f22-a93a-7d6ecc7b72e0,
6/4/2024,13:08:37,Whitney,,,,,stone-tool use. The group is in the forest. Only WTN here. Focal start,RN,ct:29334e2a21ae09f70000000000000000,,,Save data,6/4/2024 7:06,6/4/2024 6:08,+07:00,2024042601,806cbfb6-80b5-4201-b7b1-37585cbd5091,627508df-2ba4-4d07-85ae-f388cb39c990,
6/4/2024,12:21:45,Pat,,,,,foraging without tools. Focal end,RN,ct:29334e2a21ae09f70000000000000000,,,Save data,6/4/2024 5:21,6/4/2024 5:21,+07:00,2024042601,fe8e5089-dd21-45eb-9b86-505064af59b8,19428983-6ede-4777-9e07-e0fe41f44c96,
6/4/2024,12:05:54,Pat,,,,,foraging without tools. Focal start,RN,ct:29334e2a21ae09f70000000000000000,,,Save data,6/4/2024 5:21,6/4/2024 5:05,+07:00,2024042601,83a132f9-f8ab-4c3a-b8b7-05ad058ef3b4,21d190ab-524f-45f2-9292-e5585f028664,
6/4/2024,12:01:13,Ali,,,Bat,,foraging without tools. Focal start,RN,ct:29334e2a21ae09f70000000000000000,,,Save data,6/4/2024 5:21,6/4/2024 5:01,+07:00,2024042601,34b1b73f-5319-47d0-bbc8-943b5ef174f0,8c8f2c7e-b795-4506-be88-7d82096fe80f,
6/4/2024,11:26:56,Tin tin,,,,,rest. Focal start,RN,ct:29334e2a21ae09f70000000000000000,,,Save data,6/4/2024 5:21,6/4/2024 4:26,+07:00,2024042601,3e9e0e4b-46ad-447c-a29c-a7dafa14149a,b7e76cf6-d69a-4fe7-b7a3-b9b0b2cb7fdf,
6/4/2024,10:49:17,Iyla,,,,Juvenile 1,foraging without tools. Focal end,RN,ct:29334e2a21ae09f70000000000000000,,,Save data,6/4/2024 3:49,6/4/2024 3:49,+07:00,2024042601,3916fb40-bc98-4f15-a2a0-04f7517d4fbb,1fd3fb69-d81e-4299-8803-3c896f402079,
6/4/2024,10:33:17,Iyla,Juvenile 2,,,Juvenile 2,Grooming. Focal start,RN,ct:29334e2a21ae09f70000000000000000,,,Save data,6/4/2024 3:49,6/4/2024 3:33,+07:00,2024042601,c39991c0-0b23-4e5a-a93b-086bfff4d80e,29b76304-03b3-450f-8bb8-8f446377eeeb,
6/4/2024,9:59:59,Taipan,,,,,move. Focal end.,RN,ct:29334e2a21ae09f70000000000000000,,,Save data,6/4/2024 3:49,6/4/2024 2:59,+07:00,2024042601,241edcf6-8a69-4dc5-b66a-2f130f0c6e94,f15eae2a-558f-4419-9dee-5cef17974b09,
6/4/2024,9:51:51,Taipan,,,Juvenile 2,,foraging without tools. Focal star,RN,ct:29334e2a21ae09f70000000000000000,,,Save data,6/4/2024 3:49,6/4/2024 2:51,+07:00,2024042601,f0ae9a4e-2e75-4f7c-8fc0-3c109544c203,90de69bd-89f5-4dc4-8bb5-4809509818c5,
6/4/2024,9:00:35,Yaiko,,,,,foraging without tools. Focal end,RN,ct:29334e2a21ae09f70000000000000000,,,Save data,6/4/2024 2:00,6/4/2024 2:00,+07:00,2024042601,7fcad4c2-8024-433a-a196-1bcd0127d853,71589d4a-0646-4548-b664-7ab0a8dcdf2b,
6/4/2024,8:44:39,Yaiko,,,,,rest. Focal start,RN,ct:29334e2a21ae09f70000000000000000,,,Save data,6/4/2024 2:00,6/4/2024 1:44,+07:00,2024042601,af06f3bb-d61e-4b89-855e-7652953da272,e22279c3-f172-4126-85a2-95c44e7f5d6c,
6/4/2024,7:04:19,Harley,Black infant,,,,foraging without tools. Focal start,RN,ct:29334e2a21ae09f70000000000000000,,,Save data,6/4/2024 2:00,6/4/2024 0:04,+07:00,2024042601,a60f9fc7-2bcd-4e0f-aba7-cbe03e38c89a,b06f9fa7-50a1-4893-b593-7fd83a7b8214,
6/5/2024,16:43:58,Pinky,,,,Taipan,stone-tool use. Focal end,RN,ct:29334e2a21ae09f70000000000000000,,,Save data,6/5/2024 9:44,6/5/2024 9:43,+07:00,2024042601,d72abc43-7050-40e7-ab19-444a2492ecc4,29e51bd4-9be2-48ad-8d1f-0d41b2c65e2e,
6/5/2024,16:28:17,Pinky,,,,F_Subadult,stone-tool use. Focal start,RN,ct:29334e2a21ae09f70000000000000000,,,Save data,6/5/2024 9:44,6/5/2024 9:28,+07:00,2024042601,a2140862-d5dd-4a9c-b431-09eb48187a47,56a1a890-b8e5-4784-a995-cab1b6848ff5,
6/5/2024,16:07:28,Lip,Black infant,F_Subadult,,,rest. Focal end,RN,ct:29334e2a21ae09f70000000000000000,,,Save data,6/5/2024 9:07,6/5/2024 9:07,+07:00,2024042601,5eb6a26a-c044-49a6-bcbd-64e780299035,ef276f91-636d-4e10-b512-8b297bb45b3a,
6/5/2024,15:51:31,Lip,,,,,stone-tool use. Focal start,RN,ct:29334e2a21ae09f70000000000000000,,,Save data,6/5/2024 8:51,6/5/2024 8:51,+07:00,2024042601,7998ea99-2fd5-418e-8b01-23d89a7c9012,c8757f9f-06dc-485b-81de-a338d1434c2b,
6/5/2024,15:46:45,Harley,,,Black infant Jim Lim Vulva,,rest. Focal end,RN,ct:29334e2a21ae09f70000000000000000,,,Save data,6/5/2024 8:46,6/5/2024 8:46,+07:00,2024042601,423f12b8-884e-404c-99c4-9025c3b01ceb,8b23a385-0451-4521-97ab-ace1661e2f80,
6/5/2024,15:30:54,Harley,,,Naina,,stone-tool use. Focal start,RN,ct:29334e2a21ae09f70000000000000000,,,Save data,6/5/2024 8:46,6/5/2024 8:30,+07:00,2024042601,440e34d1-3bfa-4079-a538-2d1929a6b456,db8cd4bb-5abf-4a53-b299-40ee970832a0,
6/5/2024,15:27:10,Naina,,,,Harley,stone-tool use. Focal end,RN,ct:29334e2a21ae09f70000000000000000,,,Save data,6/5/2024 8:27,6/5/2024 8:27,+07:00,2024042601,72a47c45-9b46-45f2-8337-f6c98f564846,ec355d6c-e47e-4659-a41d-0211ae1f4c1a,
6/5/2024,15:10:55,Naina,,,,,stone-tool use. Focal start,RN,ct:29334e2a21ae09f70000000000000000,,,Save data,6/5/2024 8:27,6/5/2024 8:10,+07:00,2024042601,50fcb765-7886-4ca9-9522-b34df35cc54c,ba61a7ef-f687-4d57-b863-8726079f55e4,
6/5/2024,14:52:04,Naina,,,,,Foraging with tools. Focal start,RN,ct:29334e2a21ae09f70000000000000000,,,Save data,6/5/2024 8:27,6/5/2024 7:52,+07:00,2024042601,98266d10-3853-4687-bc9a-2979d6eb2b5e,b5fbb83b-4058-4d1a-aef8-2c90558e3c91,
6/10/2024,18:18:43,Jim Lim,,,Black infant,Juvenile 2 Lip,stone-tool use. Focal end,RN,ct:29334e2a21ae09f70000000000000000,,,Save data,6/10/2024 11:18,6/10/2024 11:18,+07:00,2024042601,8b61ccdb-108b-4c3b-91a1-50c865f9b66e,e8221f07-eb1a-45e2-9528-c15b2482db26,
6/10/2024,18:01:51,Jim Lim,,Black infant Lip,,F_Subadult,stone-tool use. Focal start,RN,ct:29334e2a21ae09f70000000000000000,,,Save data,6/10/2024 11:18,6/10/2024 11:01,+07:00,2024042601,9bb19102-0484-451c-874d-c9a7b8ddccfe,8f0cd4e4-25b8-4e7c-b70e-810373b45402,
6/10/2024,17:58:13,Robin,,,Juvenile 1,Juvenile 1,stone-tool use. Focal end,RN,ct:29334e2a21ae09f70000000000000000,,,Save data,6/10/2024 10:58,6/10/2024 10:58,+07:00,2024042601,2ddbb07d-e136-4515-b237-be8fe286f41b,5c81e076-e9ac-4b3c-8aa1-e40d7e31d4c8,
6/10/2024,17:42:34,Robin,,,,Oreo,stone-tool use. Focal start,RN,ct:29334e2a21ae09f70000000000000000,,,Save data,6/10/2024 10:58,6/10/2024 10:42,+07:00,2024042601,cb7ffd13-3704-43d0-90ab-e3a2f42d6e9b,643eb8fb-eccf-4be9-849a-78b916b729c2,
6/10/2024,17:40:28,Dandi,,,,Ali,stone-tool use. Focal end,RN,ct:29334e2a21ae09f70000000000000000,,,Save data,6/10/2024 10:40,6/10/2024 10:40,+07:00,2024042601,2554c45a-8e64-4c89-a16b-b61d6236c6e7,f98a3f9b-7a2c-435d-aedb-7fc679796710,
6/10/2024,17:24:39,Dandi,,Robin,Betina,Harley,stone-tool use. Focal start,RN,ct:29334e2a21ae09f70000000000000000,,,Save data,6/10/2024 10:40,6/10/2024 10:24,+07:00,2024042601,802f7740-5fa1-4689-aaf0-0bcbe7aeca83,41f64db6-6451-40ae-911b-5cde61d1661e,
6/10/2024,11:51:05,Harley,,Juvenile 1,Robin,,rest. Focal end,RN,ct:29334e2a21ae09f70000000000000000,,,Save data,6/10/2024 4:51,6/10/2024 4:51,+07:00,2024042601,6065261e-6c76-42d1-8dca-83958f2c4601,8789cab6-b5ed-49ae-9038-93fc3be21641,
6/10/2024,11:35:44,Harley,Robin,Juvenile 1,,,Groom. ,RN,ct:29334e2a21ae09f70000000000000000,,,Save data,6/10/2024 4:51,6/10/2024 4:35,+07:00,2024042601,3ec95210-7c2d-4963-af47-1c92dde4acad,2698c5e6-2edb-4400-ba98-958b1a820af7,
6/10/2024,11:27:02,Harley,Robin,,Juvenile 1,,Grooming. Focal start,RN,ct:29334e2a21ae09f70000000000000000,,,Save data,6/10/2024 4:51,6/10/2024 4:27,+07:00,2024042601,4e1d04eb-a43d-4b89-a5d6-967784395c2e,4c46e47c-376e-4ed1-af2c-030de8737de3,
6/10/2024,10:47:19,Granny,Pinky,Legolas F_Subadult,,,rest. Focal end,RN,ct:29334e2a21ae09f70000000000000000,,,Save data,6/10/2024 3:47,6/10/2024 3:47,+07:00,2024042601,bf91e5af-5065-44b7-9bbd-ea87ac3595e8,c4bf817a-0ceb-4f9b-aa1c-f66c867c94e4,
6/10/2024,10:31:09,Granny,Black infant Pinky,Juvenile 1,,,Grooming. Focal start,RN,ct:29334e2a21ae09f70000000000000000,,,Save data,6/10/2024 3:47,6/10/2024 3:31,+07:00,2024042601,5328c3bc-4e6a-4ce8-8382-b074d25072b4,f24ad304-de5a-4287-90f4-a18b35717fbc,
6/10/2024,10:18:46,Pinky,,Juvenile 1,,,movement. Focal end,RN,ct:29334e2a21ae09f70000000000000000,,,Save data,6/10/2024 3:18,6/10/2024 3:18,+07:00,2024042601,f7294f9b-6dec-4f08-b68a-feadb8dae55c,63ffeeaf-2e7d-4956-8ee3-f5a44771655b,
6/10/2024,10:03:07,Pinky,,Pat,Juvenile 1,Naina,rest. Focal start,RN,ct:29334e2a21ae09f70000000000000000,,,Save data,6/10/2024 3:18,6/10/2024 3:03,+07:00,2024042601,51b739ee-125c-40fd-b6be-af4835e267f1,f1785a70-6e3c-45de-9601-3c575b33dabc,
6/10/2024,9:19:26,Quindoline,Black infant,Juvenile 1,Ted,,stone-tool use. Focal start,RN,ct:29334e2a21ae09f70000000000000000,,,Save data,6/10/2024 3:18,6/10/2024 2:19,+07:00,2024042601,63f11709-71aa-4f0b-aa0f-63c4fb6cb945,45ca11bc-3f2f-431f-8f18-afae44d0f740,
6/10/2024,9:16:09,Ted,,Black infant Lip Vulva,,Black infant Juvenile 1 Quindoline,stone-tool use. Focal end,RN,ct:29334e2a21ae09f70000000000000000,,,Save data,6/10/2024 2:16,6/10/2024 2:16,+07:00,2024042601,3153f80f-7fce-4eb9-9fa6-c8cfcf63f734,b1855cfd-29c7-4b69-beb8-925c05f59c99,
6/10/2024,8:59:47,Ted,,Kal Pinky,F_Subadult,Juvenile 1 Pat Oreo,foraging without tools. Focal end,RN,ct:29334e2a21ae09f70000000000000000,,,Save data,6/10/2024 2:16,6/10/2024 1:59,+07:00,2024042601,9d629c8b-c86e-4144-8bee-e0fc3e58a3da,8899807e-3d4c-4b4f-af7c-bd53dc5d5020,
6/10/2024,8:57:11,Iyla,Juvenile 1,,,Belanda,Grooming. Focal end,RN,ct:29334e2a21ae09f70000000000000000,,,Save data,6/10/2024 1:57,6/10/2024 1:57,+07:00,2024042601,cad70061-d38f-4fb3-a80f-6b4ca83c9de6,3f8f27e2-910b-47de-a0ce-131269dfff22,
6/10/2024,8:41:29,Iyla,,,,Black infant Harley Vulva,stone-tool use. Focal start,RN,ct:29334e2a21ae09f70000000000000000,,,Save data,6/10/2024 1:41,6/10/2024 1:41,+07:00,2024042601,028167c6-584b-4ef9-bdcb-2789672e573c,289f4347-492f-4fb9-b13a-f023cec5d9c1,
6/10/2024,8:38:39,Vulva,Black infant,,Iyla,Harley,stone-tool use. Focal end. ,RN,ct:29334e2a21ae09f70000000000000000,,,Save data,6/10/2024 1:38,6/10/2024 1:38,+07:00,2024042601,b888cf1b-872e-4bfc-bbe8-4a071e366067,eba427cb-ec11-45e9-a2c5-ae3b150ea70f,
6/10/2024,8:22:46,Vulva,Black infant,,Juvenile 1,Bat,stone-tool use. Focal start,RN,ct:29334e2a21ae09f70000000000000000,,,Save data,6/10/2024 1:22,6/10/2024 1:22,+07:00,2024042601,d044f995-4ca5-4ffb-919f-52ad5f3abbd6,1f548a68-9523-46f4-b143-5672063df4d9,
6/10/2024,8:21:09,Cacao,,,,,stone-tool use. Focal end,RN,ct:29334e2a21ae09f70000000000000000,,,Save data,6/10/2024 1:21,6/10/2024 1:21,+07:00,2024042601,0f7d0d0f-3725-4163-aee3-ea19e379c031,592d6352-b6aa-4135-be32-f1b979606576,
6/10/2024,8:05:34,Cacao,,Juvenile 1,,Jim Lim,stone-tool use. Focal start,RN,ct:29334e2a21ae09f70000000000000000,,,Save data,6/10/2024 1:21,6/10/2024 1:05,+07:00,2024042601,7962c6e9-9b6b-46bb-99a2-f3c1f5aa3adb,bdf57709-abe5-4666-a6ff-bd08a4701983,
6/10/2024,8:01:40,Oreo,,,,Dandi Yaiko,foraging without tools. Focal end,RN,ct:29334e2a21ae09f70000000000000000,,,Save data,6/10/2024 1:01,6/10/2024 1:01,+07:00,2024042601,9ef67452-928a-43cf-aaca-83d4efcca675,143c1826-15d8-4316-ad63-b151327ceb23,
6/10/2024,7:45:43,Oreo,,,,Juvenile 1 Kaya Naina,stone-tool use. Focal start,RN,ct:29334e2a21ae09f70000000000000000,,,Save data,6/10/2024 1:01,6/10/2024 0:45,+07:00,2024042601,c005c693-f9e6-42f1-954b-d366e6974e3c,a0de5c7e-c156-433b-9a35-08c190e46641,
6/10/2024,7:42:04,Taipan,,F_Subadult Robin,Whitney,,stone-tool use. Focal end,RN,ct:29334e2a21ae09f70000000000000000,,,Save data,6/10/2024 0:42,6/10/2024 0:42,+07:00,2024042601,875e1dff-cadf-424e-be90-193c3f1339fe,0c88873d-d376-4599-82e1-ad3f0de6277c,
6/10/2024,7:26:10,Taipan,,,Robin,Whitney,stone-tool use. Focal strt,RN,ct:29334e2a21ae09f70000000000000000,,,Save data,6/10/2024 0:42,6/10/2024 0:26,+07:00,2024042601,ba312613-3182-4616-a432-9a5a85bcf170,e9caff96-e784-473d-9053-7534cf104b8b,
6/10/2024,6:51:20,Betina,,,,,No one on shore. Just her. Foraging with tools. Focal start,RN,ct:29334e2a21ae09f70000000000000000,,,Save data,6/10/2024 0:42,6/9/2024 23:51,+07:00,2024042601,d679cd3b-cb80-4e7c-950c-0713e7306b7b,d0a39790-7350-4ea7-a75d-3fa20f839377,
6/11/2024,14:47:51,Santa,,,,,foraging without tools. Focal end,RN,ct:29334e2a21ae09f70000000000000000,,,Save data,6/12/2024 0:21,6/11/2024 7:47,+07:00,2024042601,2f1aa4f2-53fd-45e9-98b4-beb502a1de89,05238653-47e5-4312-a43a-a34709f9d734,
6/11/2024,14:32:03,Santa,,,,,rest. Focal start,RN,ct:29334e2a21ae09f70000000000000000,,,Save data,6/12/2024 0:21,6/11/2024 7:32,+07:00,2024042601,e4076d18-20c0-439d-b06c-0ab209d72696,8f04a152-b459-4f88-adc1-2ff9d1bed1f8,
6/11/2024,13:01:57,Tutu,,,,Black infant F_Subadult Vulva,SAF - Eina,RN,ct:29334e2a21ae09f70000000000000000,,,Save data,6/11/2024 6:01,6/11/2024 6:01,+07:00,2024042601,06dc8ed8-3f2b-4a54-a4bb-f3903fbe6205,591b8639-7e3c-4b40-a884-fe1b3bdd8bda,
6/11/2024,12:46:04,Tutu,,,,,rest. Focal start,RN,ct:29334e2a21ae09f70000000000000000,,,Save data,6/11/2024 5:46,6/11/2024 5:46,+07:00,2024042601,ee0a18a9-61a8-4f32-aacc-c4255b5018fa,e76ceb99-e2f0-407d-b920-d073d87059bb,
6/11/2024,12:45:20,Whitney,,,,,move. Focal end,RN,ct:29334e2a21ae09f70000000000000000,,,Save data,6/11/2024 5:45,6/11/2024 5:45,+07:00,2024042601,546c417d-e446-45d6-b986-63cdee2c2896,c51080fd-f972-47cb-84f8-592d03dd4008,
6/11/2024,12:30:02,Whitney,,,,,rest. Focal start,RN,ct:29334e2a21ae09f70000000000000000,,,Save data,6/11/2024 5:45,6/11/2024 5:30,+07:00,2024042601,808c8ba3-70b1-4a45-b860-ed5e20bae804,58d0aac8-f4f6-4fc9-8977-b2bfc0a6bb73,
6/11/2024,12:18:37,Pat,,,Robin,,move. Focal end,RN,ct:29334e2a21ae09f70000000000000000,,,Save data,6/11/2024 5:18,6/11/2024 5:18,+07:00,2024042601,efd90d75-218d-48d4-aaa8-8c177681092a,eb21cc72-b709-461b-b162-b6148237b397,
6/11/2024,12:03:03,Pat,Robin,,,,Grooming. Focal start,RN,ct:29334e2a21ae09f70000000000000000,,,Save data,6/11/2024 5:03,6/11/2024 5:03,+07:00,2024042601,6224dc22-076e-4af1-9e54-79c275c4b108,c6d86139-00b4-4fe6-9432-199ac1c0bd16,
6/11/2024,11:00:21,Betina,,,,,foraging without tools. Focal end.,RN,ct:29334e2a21ae09f70000000000000000,,,Save data,6/11/2024 5:03,6/11/2024 4:00,+07:00,2024042601,58da7da1-a174-43fb-82d3-d6225d7c1e91,db32ab76-df74-4f95-9770-717fc8b75863,
6/11/2024,10:44:40,Betina,,,,,rest. Focal start,RN,ct:29334e2a21ae09f70000000000000000,,,Save data,6/11/2024 5:03,6/11/2024 3:44,+07:00,2024042601,399fdb95-dfd4-444a-afdb-7aff2c2b117f,e3d027cb-9c72-4236-814d-fe812f16ceb3,
6/11/2024,10:04:47,Tutu,,,,Bat Pat,foraging without tools. Focal start,RN,ct:29334e2a21ae09f70000000000000000,,,Save data,6/11/2024 5:02,6/11/2024 3:04,+07:00,2024042601,04348033-e67c-4916-9749-2beb4a1c25f8,5bf484a7-711c-4d75-8e1e-bdc86455d7ca,
6/11/2024,8:32:54,Flame,Black infant,,,Belanda Tin tin,stone-tool use in Pig Island. Focal end,RN,ct:29334e2a21ae09f70000000000000000,,,Save data,6/11/2024 5:02,6/11/2024 1:32,+07:00,2024042601,3fa28b17-d9d6-452e-ad18-0bf336f7dfd8,a8326f5c-ad5c-45c9-9c82-ea096339edef,
6/11/2024,8:09:57,Flame,Black infant,,,,stone-tool use. Focal start,RN,ct:29334e2a21ae09f70000000000000000,,,Save data,6/11/2024 5:02,6/11/2024 1:09,+07:00,2024042601,d7ee385b-0d28-407b-a998-64d7cd0df191,362dae10-82a1-4d92-a75d-408e1f795d35,
6/11/2024,7:33:08,Quindoline,Black infant,,,,move. Focal end,RN,ct:29334e2a21ae09f70000000000000000,,,Save data,6/11/2024 0:33,6/11/2024 0:33,+07:00,2024042601,2a2c9782-5f4c-4687-bf27-810bbfc6d22c,37e6ed03-afa4-453e-9cbe-30cc1248ea11,
6/11/2024,7:17:03,Quindoline,Black infant,,,Robin,stone-tool use. Focal start,RN,ct:29334e2a21ae09f70000000000000000,,,Save data,6/11/2024 0:17,6/11/2024 0:17,+07:00,2024042601,0c4fb549-eb08-488b-bb45-822362578049,107e75a4-48b1-4050-ac97-a0a002e5db2c,
6/11/2024,7:14:19,Flame,Black infant,,Oreo,,rest. Focal end,RN,ct:29334e2a21ae09f70000000000000000,,,Save data,6/11/2024 0:14,6/11/2024 0:14,+07:00,2024042601,b0e5b7cf-9363-404e-90c0-740c14a5b57a,8bd710ae-1193-4ace-87ed-44afd6c7af2a,
6/11/2024,6:57:53,Flame,,,,Betina Jim Lim,stone-tool use. Focal start,RN,ct:29334e2a21ae09f70000000000000000,,,Save data,6/10/2024 23:57,6/10/2024 23:57,+07:00,2024042601,2d9ba3a7-e3c2-41a0-a48f-d7419edd63c8,62b36a12-a494-46b0-99d6-480f408736b1,
6/12/2024,10:20:27,Taipan,Juvenile 1,Whitney,,Juvenile 2 Legolas,Grooming. Focal end,RN,ct:29334e2a21ae09f70000000000000000,,,Save data,6/12/2024 3:20,6/12/2024 3:20,+07:00,2024042601,df540127-6662-4d7f-b9e3-a9dd99b15160,e9d75937-61e6-45e2-859f-3b30fde08348,
6/12/2024,10:04:20,Taipan,,,Black infant Flame,Juvenile 1,stone-tool use. Focal start,RN,ct:29334e2a21ae09f70000000000000000,,,Save data,6/12/2024 3:20,6/12/2024 3:04,+07:00,2024042601,8163af5e-94e5-4f99-80d6-0eabdfd8b60c,811fd976-7e83-474e-a97e-dedf62afd288,
6/12/2024,8:46:46,Harley,,,,,stone-tool use. Focal start,RN,ct:29334e2a21ae09f70000000000000000,,,Save data,6/12/2024 3:03,6/12/2024 1:46,+07:00,2024042601,d8273575-9821-4bac-91fb-b5f85b630274,e60d40e2-33fa-4390-a0ef-ef453f68bdc2,
6/12/2024,8:42:19,Vulva,Black infant,Whitney,,Black infant Lip Naina,stone-tool use. Focal start,RN,ct:29334e2a21ae09f70000000000000000,,,Save data,6/12/2024 3:03,6/12/2024 1:42,+07:00,2024042601,cfaf1872-6270-4889-847c-bf26d0b1f627,ea8483a0-6ee9-41fc-a5a7-c78b03d39a23,
6/12/2024,8:37:00,Iyla,,,,Black infant Flame,rest. Focal end,RN,ct:29334e2a21ae09f70000000000000000,,,Save data,6/12/2024 1:37,6/12/2024 1:37,+07:00,2024042601,20767f4a-e05b-4dd5-a2fd-d433aa27e9b5,d3346d8e-78f9-44b7-8596-4acb80981e58,
6/12/2024,8:21:11,Iyla,,,Juvenile 1,Lip,stone-tool use. Focal start,RN,ct:29334e2a21ae09f70000000000000000,,,Save data,6/12/2024 1:21,6/12/2024 1:21,+07:00,2024042601,f2f10ee4-28b9-4026-8aa5-416ba0f658de,dede12da-b96b-40b2-980d-e58722fe438e,
6/12/2024,8:15:08,Kaya,,Juvenile 1,Robin,Harley,stone-tool use. Focal start,RN,ct:29334e2a21ae09f70000000000000000,,,Save data,6/12/2024 1:21,6/12/2024 1:15,+07:00,2024042601,72c5509a-31eb-4ed3-8a8c-b349fc7df55c,0a25ca16-c88f-4058-b30f-35736175357e,
6/12/2024,8:12:13,Cacao,Rambo,,,,Grooming. Focal end,RN,ct:29334e2a21ae09f70000000000000000,,,Save data,6/12/2024 1:12,6/12/2024 1:12,+07:00,2024042601,4d760c39-83b2-4559-ad6c-d8cb4814825e,725495ef-cae9-4f9d-8fa2-06e0413faadc,
6/12/2024,7:56:32,Cacao,,,,Robin,stone-tool use. Focal start,RN,ct:29334e2a21ae09f70000000000000000,,,Save data,6/12/2024 0:56,6/12/2024 0:56,+07:00,2024042601,63274bb5-dd58-4a0b-a204-9e5e55ba25c0,229aac5c-d63b-42a9-bcf0-cf6bc9c4a238,
6/12/2024,7:54:07,Aura,,Black infant,,,foraging without tools. Focal end,RN,ct:29334e2a21ae09f70000000000000000,,,Save data,6/12/2024 0:54,6/12/2024 0:54,+07:00,2024042601,cf60367d-031b-4248-a705-470255a16324,b6446d4a-786b-441f-bb93-4a79c04f0312,
6/12/2024,7:38:22,Aura,Black infant,,,Whitney,stone-tool use. Focal start,RN,ct:29334e2a21ae09f70000000000000000,,,Save data,6/12/2024 0:54,6/12/2024 0:38,+07:00,2024042601,43e0f6ae-927b-44e6-b551-76a1bdb23caf,57ca2a5f-2c85-4571-9bb8-cfade61ade7b,
6/12/2024,7:37:38,Lip,Black infant,Juvenile 1,,,rest. Focal end,RN,ct:29334e2a21ae09f70000000000000000,,,Save data,6/12/2024 0:37,6/12/2024 0:37,+07:00,2024042601,0b181b46-a3c0-42d7-9705-f204e3966035,aafe0875-4be8-4eb5-a985-2363bbd3a7a4,
6/12/2024,7:22:05,Lip,Black infant,,,Betina,stone-tool use. Focal start,RN,ct:29334e2a21ae09f70000000000000000,,,Save data,6/12/2024 0:22,6/12/2024 0:22,+07:00,2024042601,079ccde9-5c1e-4e82-97b9-83aba61571e8,83451b92-145d-43de-8b12-9cc88bd5ec7d,
6/14/2024,14:33:54,Naina,,,,,move. Focal end,RN,ct:29334e2a21ae09f70000000000000000,,,Save data,6/14/2024 7:33,6/14/2024 7:33,+07:00,2024042601,14d9fc1d-3a49-47cd-a2d2-1621c075aef9,d1a7cf44-e973-47e0-b80d-c9277fc370b0,
6/14/2024,14:18:34,Naina,,,,Belanda,rest. Focal start,RN,ct:29334e2a21ae09f70000000000000000,,,Save data,6/14/2024 7:33,6/14/2024 7:18,+07:00,2024042601,d064bcf5-ffbf-417c-add3-261ca894b2a0,785663b2-5c8d-4c86-af85-6578d71e3caa,
6/14/2024,14:16:51,Jim Lim,,,,,move. Focal end,RN,ct:29334e2a21ae09f70000000000000000,,,Save data,6/14/2024 7:16,6/14/2024 7:16,+07:00,2024042601,3d338994-42dc-4fb0-be34-7186a1548383,7b8ed3ce-c680-459e-a0e6-8b510076be19,
6/14/2024,14:01:14,Jim Lim,,,Pat,Juvenile 2,move. Focal start,RN,ct:29334e2a21ae09f70000000000000000,,,Save data,6/14/2024 7:16,6/14/2024 7:01,+07:00,2024042601,aeb48963-bda2-41b1-bfb0-95b003dfd1a7,cf4230fa-b432-457a-a8ec-c9d86eae697b,
6/14/2024,13:50:31,Whitney,,,,,rest. Focal start,RN,ct:29334e2a21ae09f70000000000000000,,,Save data,6/14/2024 7:16,6/14/2024 6:50,+07:00,2024042601,da97a94e-33db-454d-9b7f-4e28f711e41f,b1725577-7619-414d-a7e5-18cecfa71d32,
6/14/2024,12:59:31,Quindoline,Black infant,,,Robin,Foraging with tools. Focal start,RN,ct:29334e2a21ae09f70000000000000000,,,Individuals,6/14/2024 7:16,6/14/2024 5:59,+07:00,2024042601,f0c6c612-a12d-4edd-8885-badf579244d5,b1725577-7619-414d-a7e5-18cecfa71d32,
6/14/2024,12:47:30,Pinky,Juvenile 1 Juvenile 2,,Old infant Juvenile 1 Juvenile 2 Quindoline,Harley Jim Lim,Groom. Focal end,RN,ct:29334e2a21ae09f70000000000000000,,,Save data,6/14/2024 5:47,6/14/2024 5:47,+07:00,2024042601,29c327dd-e1c7-4bf5-b38a-87e963ed5161,a7c7e529-4d8f-4005-ab74-57c63477fa3a,
6/14/2024,12:30:57,Pinky,,Juvenile 1,,Granny Oreo,rest. Focal start,RN,ct:29334e2a21ae09f70000000000000000,,,Save data,6/14/2024 5:47,6/14/2024 5:30,+07:00,2024042601,ef0183d8-2fd0-4e84-9f1a-bad187c6e022,6a8a183e-eae9-4ccf-a1a1-3134f815e04f,
6/14/2024,11:59:46,Whitney,,,,Juvenile 1 Juvenile 2,rest,RN,ct:29334e2a21ae09f70000000000000000,,,Save data,6/14/2024 5:47,6/14/2024 4:59,+07:00,2024042601,caf0bd89-19cd-4769-9147-e931de4dcbc4,0f33d24e-c1a9-4acd-9cc5-04d3ac084a54,
6/14/2024,11:49:49,Robin,,,,,move. Focal end,RN,ct:29334e2a21ae09f70000000000000000,,,Save data,6/14/2024 4:49,6/14/2024 4:49,+07:00,2024042601,29b2c55c-c710-4176-801c-84324acf0617,d0086dca-572a-4781-b901-0a2eea7957e1,
6/14/2024,11:34:17,Robin,,,,,rest. Focal start,RN,ct:29334e2a21ae09f70000000000000000,,,Save data,6/14/2024 4:49,6/14/2024 4:34,+07:00,2024042601,e06c661e-d877-43a8-9e48-6a410021876a,bdff3fef-3cf2-482b-841d-104ab4d0c9ea,
6/14/2024,11:27:20,Vulva,Black infant,,,,stone-tool use. Focal end,RN,ct:29334e2a21ae09f70000000000000000,,,Save data,6/14/2024 4:27,6/14/2024 4:27,+07:00,2024042601,c7586548-7452-4a30-9f36-966fc75fe9a5,acd49b23-054b-4451-a508-1ba18edb5a5d,
6/14/2024,11:10:42,Vulva,Black infant,Juvenile 2,Yaiko,Juvenile 1 Juvenile 2,stone-tool use. Focal start,RN,ct:29334e2a21ae09f70000000000000000,,,Save data,6/14/2024 4:27,6/14/2024 4:10,+07:00,2024042601,906eecbc-fcc9-4c3d-a529-bbe85d9cfe57,2bdc09e2-8353-41dd-8a14-c24214096217,
6/14/2024,11:07:30,Cacao,,,,,rest. Focal end,RN,ct:29334e2a21ae09f70000000000000000,,,Save data,6/14/2024 4:07,6/14/2024 4:07,+07:00,2024042601,076c3447-1f64-443d-9481-b3a84eb49769,df5e5b6f-035a-4521-b33b-b78e12452eb9,
6/14/2024,10:51:58,Cacao,,Black infant Quindoline,,,stone-tool use. Focal start,RN,ct:29334e2a21ae09f70000000000000000,,,Save data,6/14/2024 4:07,6/14/2024 3:51,+07:00,2024042601,a3e28b4c-a653-4b91-b021-4836a8c149f8,6f6c1775-be78-425c-b9b2-14b79f390f28,
6/14/2024,10:48:55,Belanda,,,Harley Robin,,rest. Focal end,RN,ct:29334e2a21ae09f70000000000000000,,,Save data,6/14/2024 3:48,6/14/2024 3:48,+07:00,2024042601,1347ae7e-2b48-46cc-8c35-3023ce0c2fc6,0a40b5e8-cb4a-43f6-a91e-83fbd0e88c3e,
6/14/2024,10:32:53,Belanda,,,,,stone-tool use. Focal start,RN,ct:29334e2a21ae09f70000000000000000,,,Save data,6/14/2024 3:32,6/14/2024 3:32,+07:00,2024042601,0987a9b0-ce8e-480e-8b8f-53804bafd6d6,4ab5678f-1b27-4950-9bd4-15f63729bd94,
6/14/2024,10:20:13,Aura,Black infant,,,,move. Focal end,RN,ct:29334e2a21ae09f70000000000000000,,,Save data,6/14/2024 3:20,6/14/2024 3:20,+07:00,2024042601,03af2134-5585-4df1-81da-967dd54eec18,54b565fb-d953-492d-abfd-abd433d8b0ff,
6/14/2024,10:04:38,Aura,Black infant,,,,stone-tool use. Focal start,RN,ct:29334e2a21ae09f70000000000000000,,,Save data,6/14/2024 3:20,6/14/2024 3:04,+07:00,2024042601,d43c98cf-d16c-41c9-a6a7-8654e298a420,92f3318b-0bd2-4f1f-8082-e0153bdc731f,
6/14/2024,9:44:33,Harley,,,,,stone-tool use. Focal end,RN,ct:29334e2a21ae09f70000000000000000,,,Save data,6/14/2024 2:44,6/14/2024 2:44,+07:00,2024042601,960fb869-5996-4667-9703-2204d3324519,bd9f44af-6cee-41c7-82fd-c0d38c29dba1,
6/14/2024,9:28:41,Harley,,,,,stone-tool use. Focal start,RN,ct:29334e2a21ae09f70000000000000000,,,Save data,6/14/2024 2:44,6/14/2024 2:28,+07:00,2024042601,8d316a40-5165-439a-9d6c-1aef309cb745,be5fa5a1-054c-448a-ab56-0d2a5d73ba28,
6/15/2024,12:16:10,Pinky,,Juvenile 2,,,move. Focal end,RN,ct:29334e2a21ae09f70000000000000000,,,Save data,6/15/2024 5:16,6/15/2024 5:16,+07:00,2024042601,733a7aab-3431-4109-9c6f-92dcbc306089,4802deac-2993-42fd-b065-346a56629eac,
6/15/2024,12:00:29,Pinky,,Juvenile 1,,Juvenile 2,stone-tool use. Focal start,RN,ct:29334e2a21ae09f70000000000000000,,,Save data,6/15/2024 5:16,6/15/2024 5:00,+07:00,2024042601,2ec1d9a9-bd7f-49ac-ad92-adb07a713e80,dfe56904-462c-4f34-8776-88f76fec8ae2,
6/15/2024,11:58:35,Tutu,,,,,stone-tool use. Focal end,RN,ct:29334e2a21ae09f70000000000000000,,,Save data,6/15/2024 4:58,6/15/2024 4:58,+07:00,2024042601,8d9ce389-7cc4-44df-af17-edc249964006,6e76eac6-2f4c-4013-9aab-ce7d3b5131f8,
6/15/2024,11:42:45,Tutu,,Cacao,,,stone-tool use. Focal start,RN,ct:29334e2a21ae09f70000000000000000,,,Save data,6/15/2024 4:58,6/15/2024 4:42,+07:00,2024042601,7febbec2-e725-4e9c-a987-9624d2fe0dd6,e861a250-1fb2-4544-b845-80497a5ce6c3,
6/15/2024,11:41:07,Lip,,,,,move. Focal end,RN,ct:29334e2a21ae09f70000000000000000,,,Save data,6/15/2024 4:41,6/15/2024 4:41,+07:00,2024042601,57ad9851-5b5c-462d-9dfc-c89e4f1db706,0bf4e8c7-1b96-419b-8d04-b2007009d28a,
6/15/2024,11:26:20,Lip,,,,,stone-tool use. Focal start,RN,ct:29334e2a21ae09f70000000000000000,,,Save data,6/15/2024 4:41,6/15/2024 4:26,+07:00,2024042601,2c4ccbc7-180d-4c0b-8009-69879eae6ba8,46243483-94c0-4714-abc7-59bae2ffa4e7,
6/15/2024,10:56:26,Whitney,,,,,stone-tool use. Focal end,RN,ct:29334e2a21ae09f70000000000000000,,,Save data,6/15/2024 3:56,6/15/2024 3:56,+07:00,2024042601,c16806bb-58f7-4d1e-b113-cb5f6f6619e4,fe647fac-5a6a-4ba3-84b0-da8be90b0a4d,
6/15/2024,10:40:35,Whitney,,,,Black infant Quindoline,stone-tool use. Focal start,RN,ct:29334e2a21ae09f70000000000000000,,,Save data,6/15/2024 3:40,6/15/2024 3:40,+07:00,2024042601,7891cd0a-c21c-4979-9aff-3ea66865cbf7,8a47d352-ea03-4a2d-9ecf-2c8c0f63107d,
6/15/2024,10:31:07,Granny,,,,,stone-tool use. Focal start,RN,ct:29334e2a21ae09f70000000000000000,,,Save data,6/15/2024 3:40,6/15/2024 3:31,+07:00,2024042601,7caa7495-e87b-4bd0-a0cd-134c5e67f216,7755f82c-9655-4b85-a031-48f3e5a78632,
6/15/2024,10:20:59,Yaiko,Juvenile 2,Juvenile 1,Juvenile 1,,Groom. Focal end,RN,ct:29334e2a21ae09f70000000000000000,,,Save data,6/15/2024 3:20,6/15/2024 3:20,+07:00,2024042601,8bab175d-c753-43a4-ab0a-0cf0501433a7,4d362eda-fb1e-4146-99ff-f6a432bf88e4,
6/15/2024,10:05:18,Yaiko,,,,,stone-tool use. Focal start,RN,ct:29334e2a21ae09f70000000000000000,,,Save data,6/15/2024 3:05,6/15/2024 3:05,+07:00,2024042601,f8bb8bb6-d3cd-4988-8802-a7704dff86cd,693fa071-31e4-46c1-ab29-d0aeb5284dc7,
6/15/2024,9:49:30,Yaiko,,,,,stone-tool use. Focal start,RN,ct:29334e2a21ae09f70000000000000000,,,Save data,6/15/2024 3:05,6/15/2024 2:49,+07:00,2024042601,2bac33f6-d4ed-46ea-a602-2b07f9faf64a,7649137d-b117-4520-b976-56c706ee7bb8,
6/15/2024,9:46:58,Kaya,,,Juvenile 1,Pat,stone-tool use. Focal end,RN,ct:29334e2a21ae09f70000000000000000,,,Save data,6/15/2024 3:04,6/15/2024 2:46,+07:00,2024042601,bf53d46d-eb49-4d3b-9637-69221e2464b4,ee9d00bb-eb9b-4939-9a7f-51d6d6a8483b,
6/15/2024,9:30:55,Kaya,,,,Black infant Jim Lim Quindoline,stone-tool use. Focal start,RN,ct:29334e2a21ae09f70000000000000000,,,Save data,6/15/2024 3:04,6/15/2024 2:30,+07:00,2024042601,ff93a6de-7ab2-46aa-9864-c35eadc5ec10,aadc7c5b-76ae-43da-8713-ebb277cecfcb,
6/17/2024,15:36:55,Quindoline,Black infant,Santa,,,stone-tool use. Focal start,RN,ct:29334e2a21ae09f70000000000000000,,,Save data,6/18/2024 5:26,6/17/2024 8:36,+07:00,2024042601,2eee9ccb-ddc7-4d18-8f8a-2f6835bb22af,a587e73b-2c4b-4143-b8f2-87342e2c3478,
6/17/2024,15:06:41,Kaya,,,,Black infant Vulva,foraging without tools. Focal end,RN,ct:29334e2a21ae09f70000000000000000,,,Save data,6/17/2024 8:06,6/17/2024 8:06,+07:00,2024042601,58cfaca0-6b4a-4178-96b6-c4ff94b8649b,20b4bfa4-a72c-4f4b-93d9-00f83d146190,
6/17/2024,14:50:54,Kaya,Black infant Vulva,,,,Groom. Focal start ,RN,ct:29334e2a21ae09f70000000000000000,,,Save data,6/17/2024 8:06,6/17/2024 7:50,+07:00,2024042601,ca7f55df-3479-4ebf-a356-54c1bf6b5b3d,38b8f386-6cc0-4e79-910d-33891405edad,
6/17/2024,14:34:41,Whitney,,,Juvenile 1,,stone-tool use. Focal wnd,RN,ct:29334e2a21ae09f70000000000000000,,,Save data,6/17/2024 8:06,6/17/2024 7:34,+07:00,2024042601,2eadccbe-9827-4afb-85b8-424a8f42380f,1b9f1010-a156-4d78-b820-1c24d902b789,
6/17/2024,14:19:07,Whitney,,,,,stone-tool use. Foca start,RN,ct:29334e2a21ae09f70000000000000000,,,Save data,6/17/2024 8:06,6/17/2024 7:19,+07:00,2024042601,bebcebd2-3fea-4fd8-8674-e926ea21d506,f1c3ccfc-f48d-48ab-b30a-14931a30a575,
6/17/2024,14:17:02,Jim Lim,,Juvenile 1,Kal,Juvenile 2,rest. Focal end,RN,ct:29334e2a21ae09f70000000000000000,,,Save data,6/17/2024 7:17,6/17/2024 7:17,+07:00,2024042601,c847111e-bcc6-43cb-8a00-57a502102f93,c5249bd5-11e9-4b53-837e-910aa6849afc,
6/17/2024,14:01:22,Jim Lim,,Juvenile 1,Black infant Vulva,Juvenile 2,rest. Focal start,RN,ct:29334e2a21ae09f70000000000000000,,,Save data,6/17/2024 7:17,6/17/2024 7:01,+07:00,2024042601,b04350fb-8e27-42b0-a8c4-e9b5a3eb2c54,6133323b-2e92-4ce5-bfef-8b7208795066,
6/17/2024,13:58:39,Iyla,,,,Lip,stone-tool use. Focal end,RN,ct:29334e2a21ae09f70000000000000000,,,Save data,6/17/2024 6:58,6/17/2024 6:58,+07:00,2024042601,455ab938-1878-421e-a15a-bbf8444355fa,b1d23c41-c944-41a0-8139-c46a1dc49661,
6/17/2024,13:43:12,Iyla,,,,,stone-tool use. Focal start,RN,ct:29334e2a21ae09f70000000000000000,,,Save data,6/17/2024 6:58,6/17/2024 6:43,+07:00,2024042601,d5a838b9-9da4-4ccf-b402-d2f0de57ac83,2ea15396-deef-4336-ba1c-706021f32fe8,
6/17/2024,13:41:41,Naina,,,Ted,Pat Iyla,stone-tool use. Focal e d,RN,ct:29334e2a21ae09f70000000000000000,,,Save data,6/17/2024 6:41,6/17/2024 6:41,+07:00,2024042601,c697f7e2-d256-4212-8ff3-44269e0dad10,9abaae4c-181e-4eba-a85b-09eb3faa0dd8,
6/17/2024,13:25:52,Naina,,Pat,,,stone-tool use. Focal start ,RN,ct:29334e2a21ae09f70000000000000000,,,Save data,6/17/2024 6:41,6/17/2024 6:25,+07:00,2024042601,ecf701db-6273-4e0d-b4e0-8723be867eed,2ad4543a-614a-4c64-8730-7f8115d29675,
6/17/2024,13:23:49,Dandi,,,,Betina,foraging without tools. Focal end ,RN,ct:29334e2a21ae09f70000000000000000,,,Save data,6/17/2024 6:23,6/17/2024 6:23,+07:00,2024042601,b0fd25b9-0f9e-4661-971d-8e80e35d8887,7756f66e-6d2c-4e80-a6ca-7eb2a54daeeb,
6/17/2024,13:07:53,Dandi,,,,Black infant Flame Oreo,Foraging. Focal start,RN,ct:29334e2a21ae09f70000000000000000,,,Save data,6/17/2024 6:23,6/17/2024 6:07,+07:00,2024042601,cd09c58a-bcf8-499b-bec0-e05049b89905,cf1d36fd-0c39-4389-9648-37286f168477,
6/17/2024,13:06:02,Flame,Black infant Oreo,,,,Socializing. Focal end,RN,ct:29334e2a21ae09f70000000000000000,,,Save data,6/17/2024 6:23,6/17/2024 6:06,+07:00,2024042601,bb766b0b-b82c-494e-ac41-7e8ef5bf9990,e06e0dc0-e937-4729-b1f9-c50a1a789e9d,
6/17/2024,12:50:04,Flame,Black infant,,Juvenile 2,,stone-tool use. Focal start ,RN,ct:29334e2a21ae09f70000000000000000,,,Save data,6/17/2024 5:50,6/17/2024 5:50,+07:00,2024042601,2cebcfc7-4e3d-4380-8f13-ac0db6ba0657,f266ed9f-3f24-4cf7-b3aa-2ad4fedb54c7,
6/17/2024,12:44:04,Harley,,,Juvenile 1,,stone-tool use. Focal end ,RN,ct:29334e2a21ae09f70000000000000000,,,Save data,6/17/2024 5:44,6/17/2024 5:44,+07:00,2024042601,ae333deb-db16-4a11-a244-c1496ee4c707,47e9e718-b123-4d68-a4ac-a74eeb4d6547,
6/17/2024,12:28:00,Harley,,,,Juvenile 1,stone-tool use. Focal start ,RN,ct:29334e2a21ae09f70000000000000000,,,Save data,6/17/2024 5:44,6/17/2024 5:28,+07:00,2024042601,891d2582-720e-40b3-bfd3-6752626d6839,313665e3-4af7-4479-91b3-1320fa022446,
6/17/2024,11:59:48,Santa,,,,,move. Focal end,RN,ct:29334e2a21ae09f70000000000000000,,,Save data,6/17/2024 4:59,6/17/2024 4:59,+07:00,2024042601,42a67f07-561a-4e53-81cc-dbe387832689,6fa88721-adc2-4542-b69b-74ebb03fa0b8,
6/17/2024,11:44:17,Santa,,,Juvenile 1,Juvenile 2 Whitney,stone-tool use. Focal start,RN,ct:29334e2a21ae09f70000000000000000,,,Save data,6/17/2024 4:59,6/17/2024 4:44,+07:00,2024042601,928369ce-0da1-47a1-a616-76e348c65f3f,3e6e0f4b-69d0-42e1-aff0-f783add2a775,
6/17/2024,11:38:59,Aura,Black infant,,,,stone-tool use. Focal end,RN,ct:29334e2a21ae09f70000000000000000,,,Save data,6/17/2024 4:39,6/17/2024 4:38,+07:00,2024042601,cc3bf8ea-a960-4e03-8d10-0be4a9b19c69,495b2564-3797-41d5-828f-0cbc2a7647e8,
6/17/2024,11:23:12,Aura,Black infant,,,F_Subadult,stone-tool use. Focal start ,RN,ct:29334e2a21ae09f70000000000000000,,,Save data,6/17/2024 4:39,6/17/2024 4:23,+07:00,2024042601,e104c2b9-8a22-496e-b92c-1b1b7ef884c7,24d2c54e-388f-41bc-a012-dc126ab7de79,
6/17/2024,11:21:29,Vulva,Black infant,Juvenile 1 Harley,,Juvenile 1 Robin,stone-tool use. Focal end,RN,ct:29334e2a21ae09f70000000000000000,,,Save data,6/17/2024 4:21,6/17/2024 4:21,+07:00,2024042601,a65227ec-1150-4f8e-b03c-518dcc7bed24,086d63b7-b3cf-451a-af72-e99912f1d834,
6/17/2024,11:04:16,Vulva,Black infant,Black infant Aura,,Juvenile 1 Pinky,stone-tool use. Focal strt,RN,ct:29334e2a21ae09f70000000000000000,,,Save data,6/17/2024 4:21,6/17/2024 4:04,+07:00,2024042601,bc745c08-cd68-42a9-ae44-78efe089d3f3,98118dda-e4f2-4f08-9416-c05a76642951,
6/17/2024,10:04:26,Bat,,,,,rest. Focal end,RN,ct:29334e2a21ae09f70000000000000000,,,Save data,6/17/2024 4:20,6/17/2024 3:04,+07:00,2024042601,da54f9e2-7bff-4c74-aa0a-5ecb6146b5ee,eed304fd-cd9a-4b19-8b67-d81e7fe5134f,
6/17/2024,9:48:38,Bat,,,Juvenile 1,Harley,rest. Focal start,RN,ct:29334e2a21ae09f70000000000000000,,,Save data,6/17/2024 4:20,6/17/2024 2:48,+07:00,2024042601,15b619d2-cb8e-49ca-9bed-5c029f7b0812,700334ba-a87d-4361-9ce2-5a7942c0cb6b,
6/18/2024,16:24:56,Cacao,,,Juvenile 1,Naina,stone-tool use. Focal end,RN,ct:29334e2a21ae09f70000000000000000,,,Save data,6/18/2024 9:25,6/18/2024 9:24,+07:00,2024042601,217fc658-35aa-4a91-9289-50d52e97d080,0e804293-4d7e-40a4-b673-fdd8983c925f,
6/18/2024,16:09:18,Cacao,,Pat,,Kaya Naina,stone-tool use. Focal start,RN,ct:29334e2a21ae09f70000000000000000,,,Save data,6/18/2024 9:25,6/18/2024 9:09,+07:00,2024042601,91463406-ba8a-4095-b1b3-66cdd49c3a09,b548e423-b41f-4381-8a94-17cf679f5c1c,
6/18/2024,15:59:50,Belanda,,,,,foraging without tools. Focal end ,RN,ct:29334e2a21ae09f70000000000000000,,,Save data,6/18/2024 8:59,6/18/2024 8:59,+07:00,2024042601,316aa183-2c1a-4ca6-889a-dd829ae5d8a0,d73c5e47-461e-4edb-8720-43f89696cf5d,
6/18/2024,15:43:58,Belanda,,,,,Forging without tools. Focal start,RN,ct:29334e2a21ae09f70000000000000000,,,Save data,6/18/2024 8:59,6/18/2024 8:43,+07:00,2024042601,f04c53bf-bb08-41d4-a1b6-95d91919ebcf,d23e8142-ad62-49b3-99d7-29fa7a17aec5,
6/18/2024,14:26:29,Yaiko,,,,,foraging without tools. Focal end ,RN,ct:29334e2a21ae09f70000000000000000,,,Save data,6/18/2024 8:43,6/18/2024 7:26,+07:00,2024042601,bbf27ac0-b2b2-43af-9639-3086340c9a72,ceb81298-5800-4faf-b094-05fc6fb79571,
6/18/2024,14:10:36,Yaiko,,,,Oreo,stone-tool use. Focal start,RN,ct:29334e2a21ae09f70000000000000000,,,Save data,6/18/2024 8:43,6/18/2024 7:10,+07:00,2024042601,43f5cf2b-b445-4803-8f97-708c128f8e6e,f9c50811-58e1-4c61-a2ad-afd8ac9915d9,
6/18/2024,13:24:11,Cacao,,,Santa,Juvenile 1 Pat,stone-tool use. Focal start,RN,ct:29334e2a21ae09f70000000000000000,,,Save data,6/18/2024 8:43,6/18/2024 6:24,+07:00,2024042601,af5c0c92-1875-45d9-bb83-e41a538e0b3d,9998ee8d-c7bd-4ffa-8772-8df74ca5b4c2,
6/18/2024,13:20:52,Pinky,,,Whitney,Juvenile 2,stone-tool use. Focal end,RN,ct:29334e2a21ae09f70000000000000000,,,Save data,6/18/2024 6:23,6/18/2024 6:20,+07:00,2024042601,3ae6bdb6-a920-4249-a7ca-2b806fdedeef,351fd87d-29d9-45ff-aad9-5bec504807b1,
6/18/2024,13:05:00,Pinky,,,,Black infant Juvenile 2 Aura,stone-tool use. Focal start,RN,ct:29334e2a21ae09f70000000000000000,,,Save data,6/18/2024 6:21,6/18/2024 6:05,+07:00,2024042601,351685c7-d1ba-40ab-9f2b-35059e7e9760,cb0ec509-8dc2-44e6-96fe-ef8f5b06e0ce,
6/18/2024,13:03:30,Quindoline,Black infant,,,,stone-tool use. Focal start,RN,ct:29334e2a21ae09f70000000000000000,,,Save data,6/18/2024 6:03,6/18/2024 6:03,+07:00,2024042601,0d3724e8-0ad9-49f2-a0b1-79e3706d860c,6eb83492-a1f3-4dbc-bad1-14d538b6699a,
6/18/2024,12:47:45,Quindoline,Black infant,,,Pinky,stone-tool use. Focal start,RN,ct:29334e2a21ae09f70000000000000000,,,Save data,6/18/2024 6:03,6/18/2024 5:47,+07:00,2024042601,0f814ec3-cdbf-45e9-b1ae-22b122054a26,9750a067-b7b7-4140-b68c-614ce489f5c4,
6/18/2024,12:44:43,Lip,Black infant Aura,,,,Groom. Focal end,RN,ct:29334e2a21ae09f70000000000000000,,,Save data,6/18/2024 5:44,6/18/2024 5:44,+07:00,2024042601,499dde5c-2d06-42ad-a81c-58e71945aa7b,18a80023-5d29-4a08-a005-3fae1293b0f7,
6/18/2024,12:29:01,Lip,Black infant,,,,stone-tool use. Focal start,RN,ct:29334e2a21ae09f70000000000000000,,,Save data,6/18/2024 5:44,6/18/2024 5:29,+07:00,2024042601,9012f0b7-ee66-43eb-8828-9b7bc73cc0cd,8a4c5b28-ec3a-4214-ab70-3cf3a29e3781,
6/18/2024,12:22:52,Lip,Black infant,,,,stone-tool use. Focal start,RN,ct:29334e2a21ae09f70000000000000000,,,Individuals,6/18/2024 5:44,6/18/2024 5:22,+07:00,2024042601,d0a6c466-d4e5-4baa-bcfe-d3c3b3f10b68,bde721b8-4841-40a9-aa3b-bde39a11c360,
6/18/2024,12:16:01,Harley,,,,,stone-tool use. Focal start,RN,ct:29334e2a21ae09f70000000000000000,,,Save data,6/18/2024 5:44,6/18/2024 5:16,+07:00,2024042601,420ae591-d0a7-4988-9295-5055438f4c34,d002aa16-2b00-468b-8923-70ed1e38b305,
6/19/2024,14:04:09,Tutu,,,,,stone-tool use. Focal end,RN,ct:29334e2a21ae09f70000000000000000,,,Save data,6/19/2024 7:04,6/19/2024 7:04,+07:00,2024042601,6e187985-03da-47e8-b095-411e8f0bb417,f32543cb-e0e5-4780-b642-902b5dc1a3e3,
6/19/2024,13:48:38,Tutu,,,,Babosa,stone-tool use. Focal start,RN,ct:29334e2a21ae09f70000000000000000,,,Save data,6/19/2024 7:04,6/19/2024 6:48,+07:00,2024042601,5524f7f6-26d7-4d5b-9a2a-6e02c3243a60,9ef8d9b1-e48e-4a58-b664-0210cec503d7,
6/19/2024,13:29:42,Whitney,,,,,stone-tool use. Focal end,RN,ct:29334e2a21ae09f70000000000000000,,,Save data,6/19/2024 6:29,6/19/2024 6:29,+07:00,2024042601,a367dd3c-342e-45af-9573-fd0477f90f50,da99e56e-f238-4f45-859a-4908b168dcf8,
6/19/2024,13:13:58,Whitney,,,Juvenile 1,,stone-tool use. Focal start,RN,ct:29334e2a21ae09f70000000000000000,,,Save data,6/19/2024 6:29,6/19/2024 6:13,+07:00,2024042601,83fe6993-51d0-4248-842b-e0615fda9ffa,276283cf-b31f-4662-b8ac-9e3be4eae530,
6/19/2024,13:08:30,Kaya,,Black infant Juvenile 1 Vulva,Iyla,,rest. Focal end,RN,ct:29334e2a21ae09f70000000000000000,,,Save data,6/19/2024 6:08,6/19/2024 6:08,+07:00,2024042601,db29bcf9-7302-4920-b1eb-f58d5d898ee0,98d59b06-afd9-4da9-8223-96786063e703,
6/19/2024,12:52:40,Kaya,,,,,stone-tool use. Focal start,RN,ct:29334e2a21ae09f70000000000000000,,,Save data,6/19/2024 6:08,6/19/2024 5:52,+07:00,2024042601,a30b3d8b-4c65-4022-b5d9-b5505b92e19d,81bd2992-c75d-4d06-8fed-65105845a718,
6/19/2024,11:27:05,Betina,,,,,rest. Focal end,RN,ct:29334e2a21ae09f70000000000000000,,,Save data,6/19/2024 4:27,6/19/2024 4:27,+07:00,2024042601,a7402292-17f0-410f-96b3-40badff5d75e,2260a32f-e6d7-4186-8190-68c1d627b912,
6/19/2024,11:11:14,Betina,,,,Juvenile 1,stone-tool use. Focal satrt,RN,ct:29334e2a21ae09f70000000000000000,,,Save data,6/19/2024 4:27,6/19/2024 4:11,+07:00,2024042601,4b171ad3-da6d-4db1-99e4-3227ab5176ed,50842e02-92d7-42d2-86d5-f96efecefa1c,
6/19/2024,9:58:15,Babosa,Robin,,,,Grooming. Focal end,RN,ct:29334e2a21ae09f70000000000000000,,,Save data,6/19/2024 2:58,6/19/2024 2:58,+07:00,2024042601,47f1117d-00f6-481b-8882-a411d68d05ad,5d286096-7340-4fb1-b082-65c34daa40ef,
6/19/2024,9:39:50,Babosa,,Robin Taipan,,,Grooming. Focal start,RN,ct:29334e2a21ae09f70000000000000000,,,Save data,6/19/2024 2:39,6/19/2024 2:39,+07:00,2024042601,4860fde5-dd5d-4408-8d2f-614088ce8194,a9a04962-fa35-436c-bf0a-af511f7f2b35,
6/19/2024,9:37:24,Taipan,,,,Robin,foraging without tools. Focal end ,RN,ct:29334e2a21ae09f70000000000000000,,,Save data,6/19/2024 2:39,6/19/2024 2:37,+07:00,2024042601,dfdf367f-fdeb-466e-b68b-409bc58ded5e,3a3524a3-d2af-4758-a827-b3d91e9c8c18,
6/19/2024,9:21:41,Taipan,,Babosa,,,foraging without tools. Focal start ,RN,ct:29334e2a21ae09f70000000000000000,,,Save data,6/19/2024 2:39,6/19/2024 2:21,+07:00,2024042601,0aa7895f-aa52-448d-bae1-b041d28918dc,44f5677f-063c-4f31-8ed8-20de1853365b,
6/19/2024,9:04:01,Legolas,,,,Robin,foraging without tools. Focal end ,RN,ct:29334e2a21ae09f70000000000000000,,,Save data,6/19/2024 2:39,6/19/2024 2:04,+07:00,2024042601,ca60c5dc-3812-427f-aa73-369a21bd2709,6f72bc2e-cc1e-4d67-8742-5f048703c90e,
6/19/2024,8:48:17,Legolas,,Juvenile 2,Juvenile 1,,foraging without tools. Focal start ,RN,ct:29334e2a21ae09f70000000000000000,,,Save data,6/19/2024 2:39,6/19/2024 1:48,+07:00,2024042601,18530d4f-dc3d-4630-9df1-ed9c9f28da25,d8c149d3-9b2a-43d9-91b2-0eaf6459f40e,
6/21/2024,17:28:06,Iyla,,Juvenile 1,,Ali,rest. Focal end,RN,ct:29334e2a21ae09f70000000000000000,,,Save data,6/22/2024 0:01,6/21/2024 10:28,+07:00,2024042601,49579c3b-3801-4a53-8c70-cfd3e049bca7,34c4265e-33b2-4f3d-be65-3cceefe25120,
6/21/2024,17:12:11,Iyla,,,,Juvenile 2 Cacao,stone-tool use. Focal start,RN,ct:29334e2a21ae09f70000000000000000,,,Save data,6/22/2024 0:01,6/21/2024 10:12,+07:00,2024042601,80ad084e-ded2-4d61-9877-b4c993a64b70,33c1d672-e90c-4473-b3f1-63d54e1befa3,
6/21/2024,17:09:34,Granny,,Juvenile 1,,Quindoline,stone-tool use.,RN,ct:29334e2a21ae09f70000000000000000,,,Individuals,6/22/2024 0:01,6/21/2024 10:09,+07:00,2024042601,806bf382-71f7-4cc5-a3ed-e2d22d921093,a308814d-b552-473d-802d-ba040be3b1ec,
6/21/2024,16:53:46,Granny,,Vulva,,,stone-tool use. Focal start,RN,ct:29334e2a21ae09f70000000000000000,,,Save data,6/22/2024 0:01,6/21/2024 9:53,+07:00,2024042601,a1ab13a6-87ee-43ee-86a7-e60e06cb46cf,89f6c56f-d666-4470-bf9b-573784ce5327,
6/21/2024,16:46:39,Vulva,Black infant,,Juvenile 1,Santa,stone-tool use. Focal start. ,RN,ct:29334e2a21ae09f70000000000000000,,,Save data,6/22/2024 0:01,6/21/2024 9:46,+07:00,2024042601,0e7da275-2e08-4ffb-ad6a-64fbaa1427d4,737be9e4-bfa7-4237-869d-cec81fd3ae3c,
6/21/2024,16:40:48,Quindoline,Black infant,,,,stone-tool use. Focal end,RN,ct:29334e2a21ae09f70000000000000000,,,Save data,6/21/2024 9:40,6/21/2024 9:40,+07:00,2024042601,a3b99ed9-58c7-490b-83da-12d49c8e2ac4,65619955-2320-4caf-be43-cc70b117d54d,
6/21/2024,16:25:08,Quindoline,,Juvenile 1,Juvenile 1,Jim Lim,stone-tool use. Focal start,RN,ct:29334e2a21ae09f70000000000000000,,,Save data,6/21/2024 9:25,6/21/2024 9:25,+07:00,2024042601,3d524938-7279-4848-af08-8e00507664a6,7d6e32e9-4b7e-490c-aa37-7edf307f170b,
6/21/2024,16:08:10,Naina,Ted,,,,Grooming. Focal end,RN,ct:29334e2a21ae09f70000000000000000,,,Save data,6/21/2024 9:08,6/21/2024 9:08,+07:00,2024042601,2ae32174-c877-4390-ba3a-30d449c6c465,00adb1bb-3b6a-44f5-82c1-04d798f96a16,
6/21/2024,15:52:30,Naina,Ted,,,,Groom. Focal start,RN,ct:29334e2a21ae09f70000000000000000,,,Save data,6/21/2024 9:08,6/21/2024 8:52,+07:00,2024042601,49348a6c-b549-473b-8e68-991c248da377,dda568d4-cadf-4476-b4e3-72fdbf682ae0,
6/21/2024,15:50:56,Vulva,Black infant Juvenile 2,Juvenile 1,,Black infant Kaya Oreo Quindoline,Groom. Focal end,RN,ct:29334e2a21ae09f70000000000000000,,,Save data,6/21/2024 8:50,6/21/2024 8:50,+07:00,2024042601,53bc6519-db66-473d-95b4-0be55435a325,366b14c7-adbd-4a38-b28f-76569a626d7c,
6/21/2024,15:34:54,Vulva,Black infant,,,Kaya,stone-tool use. Focal start,RN,ct:29334e2a21ae09f70000000000000000,,,Save data,6/21/2024 8:50,6/21/2024 8:34,+07:00,2024042601,b2be4413-3f72-4ed9-a006-face3f5c8944,710af798-1afc-4e4d-ba7b-be5f2e533187,
6/21/2024,15:10:38,Kaya,Juvenile 1,,,,Grooming. Focal end,RN,ct:29334e2a21ae09f70000000000000000,,,Save data,6/21/2024 8:10,6/21/2024 8:10,+07:00,2024042601,cdef49f5-2686-4bae-ae18-41479308e16a,ef68eaab-f1cb-49d4-9e53-f01c52807752,
6/21/2024,14:54:54,Kaya,,Juvenile 1,Juvenile 1,Juvenile 2,stone-tool use. Focal start,RN,ct:29334e2a21ae09f70000000000000000,,,Save data,6/21/2024 8:10,6/21/2024 7:54,+07:00,2024042601,ea696022-53f6-434d-ac52-ba88ff85a93d,984aa258-601a-4b7d-9e79-d49e407adf59,
6/21/2024,14:52:09,Jim Lim,,,,,Foragi g without tools. Focal end ,RN,ct:29334e2a21ae09f70000000000000000,,,Save data,6/21/2024 8:10,6/21/2024 7:52,+07:00,2024042601,ec49d527-c7d8-4b2f-83f2-0c8520124470,ab70e53e-5a04-4b3c-87ea-3452954cb8ba,
6/21/2024,14:36:08,Jim Lim,Pat,,,,Groom. Focal start,RN,ct:29334e2a21ae09f70000000000000000,,,Save data,6/21/2024 8:10,6/21/2024 7:36,+07:00,2024042601,93982fa4-5f03-4cf6-b681-c36347b2f5e4,dc5d5d6e-2232-4d3a-9ebe-812d6ef9d4ec,
6/21/2024,14:24:17,Aura,Black infant,,,Juvenile 2,stone-tool use. Focal start,RN,ct:29334e2a21ae09f70000000000000000,,,Save data,6/21/2024 8:10,6/21/2024 7:24,+07:00,2024042601,5d326138-2147-428a-91cd-b77968acd0cb,a3debdab-cbaf-494e-be66-f24d82cd5e67,
6/21/2024,14:19:06,Lip,Black infant,,,,stone-tool use. Focal end,RN,ct:29334e2a21ae09f70000000000000000,,,Save data,6/21/2024 7:19,6/21/2024 7:19,+07:00,2024042601,ca7994f9-fc19-4e96-82c8-11aa0ca36338,28b10e70-9c0d-4503-b9b5-d9eb5b7e66e9,
6/21/2024,14:02:40,Lip,Black infant,,,Legolas,stone-tool use. Focal start,RN,ct:29334e2a21ae09f70000000000000000,,,Individuals,6/21/2024 7:19,6/21/2024 7:02,+07:00,2024042601,f449bd7a-35c0-40df-9ed9-00d9cdc4eba3,ed4a7bc6-1bdd-4586-afd4-8ae717f6b8a8,
6/22/2024,16:26:25,Oreo,,,Black infant Aura,Juvenile 2,foraging without tools. Focal end,RN,ct:29334e2a21ae09f70000000000000000,,,Save data,6/22/2024 9:26,6/22/2024 9:26,+07:00,2024042601,0be0e458-bf4d-4156-83f6-0f6e20409b40,66cd50a7-c414-421d-95ae-338d636250e1,
6/22/2024,16:10:30,Oreo,,,,,stone-tool use. Focal start,RN,ct:29334e2a21ae09f70000000000000000,,,Save data,6/22/2024 9:26,6/22/2024 9:10,+07:00,2024042601,5f79ccff-f337-4176-93e6-00f1dbe8cdd4,28e448ae-315d-4dd6-9a11-2f5affc0f0da,
6/22/2024,16:09:04,Kal,,,,Oreo,stone-tool use. Focal start,RN,ct:29334e2a21ae09f70000000000000000,,,Save data,6/22/2024 9:09,6/22/2024 9:09,+07:00,2024042601,da19e698-196c-4f75-a2b8-953df445d801,a5139ff8-8b49-4806-b5cd-d33b1217b0ad,
6/22/2024,15:53:14,Kal,,,,Pat,stone-tool use. Focal start,RN,ct:29334e2a21ae09f70000000000000000,,,Save data,6/22/2024 9:09,6/22/2024 8:53,+07:00,2024042601,082fd607-4845-49ef-9ce5-dc51a0ba66ce,567de699-5b79-4ce3-b943-b29a8b61ef27,
6/22/2024,15:04:10,Whitney,,,,,stone-tool use. Focal end,RN,ct:29334e2a21ae09f70000000000000000,,,Save data,6/22/2024 8:04,6/22/2024 8:04,+07:00,2024042601,80b7b4be-3196-439d-bc64-ced2a4dddc1c,78337d45-b433-4f04-a4dd-20f45ff6f13f,
6/22/2024,14:48:40,Whitney,,Juvenile 1,,Juvenile 1,stone-tool use. Focal start,RN,ct:29334e2a21ae09f70000000000000000,,,Save data,6/22/2024 8:04,6/22/2024 7:48,+07:00,2024042601,c2703465-32fe-4c5a-ae1e-d738911742c9,03be2d38-bddb-431a-9f29-79718fa6419e,
6/22/2024,14:44:42,Betina,,,,,stone-tool use. Focal end,RN,ct:29334e2a21ae09f70000000000000000,,,Save data,6/22/2024 7:44,6/22/2024 7:44,+07:00,2024042601,67a8e839-c2c3-4384-808f-ea687eb59b8d,900437da-1b76-4461-8a27-7121e54c7ea6,
6/22/2024,14:28:56,Betina,,,Kaya,,Foraging with tools. Focal start ,RN,ct:29334e2a21ae09f70000000000000000,,,Save data,6/22/2024 7:44,6/22/2024 7:28,+07:00,2024042601,b62d5158-5d73-4c4d-b496-1596f9d21153,5cc6903c-07cb-46d3-a7e9-b94b8dee013d,
6/22/2024,8:17:56,Kaya,,,,,foraging without tools. Focal end ,RN,ct:29334e2a21ae09f70000000000000000,,,Save data,6/22/2024 1:18,6/22/2024 1:17,+07:00,2024042601,4c0e95ae-785c-4ed8-a295-2930c188b6e6,5c658e8d-71cb-4def-ab32-4bede18a402f,
6/22/2024,8:02:10,Kaya,,,,,foraging without tools. Focal start,RN,ct:29334e2a21ae09f70000000000000000,,,Save data,6/22/2024 1:18,6/22/2024 1:02,+07:00,2024042601,31e45821-0fc7-492b-9e87-d97c649a0f45,327eacdc-5d41-4904-9282-4af042b22428,
6/22/2024,7:17:11,Santa,,,,,move. Focal end,RN,ct:29334e2a21ae09f70000000000000000,,,Save data,6/22/2024 0:17,6/22/2024 0:17,+07:00,2024042601,daed100c-a040-4787-94f8-e06b55ba0604,6ce22723-a51d-4a27-98dc-b6deb07344b5,
6/22/2024,7:01:37,Santa,,,,,stone-tool use. Focal start,RN,ct:29334e2a21ae09f70000000000000000,,,Save data,6/22/2024 0:17,6/22/2024 0:01,+07:00,2024042601,fa54374f-b1a2-4bbf-aaa5-167d2d503aa6,8c4a78bb-ac0f-465a-94c9-8206f39168ca,
6/24/2024,16:44:45,Iyla,,,,,foraging without tools. Focal end ,RN,ct:29334e2a21ae09f70000000000000000,,,Save data,6/24/2024 9:44,6/24/2024 9:44,+07:00,2024042601,1e5d7aef-fbf2-47c7-a071-702502ea5f9b,4d389d49-b77b-4afb-8093-d6e850d55a99,
6/24/2024,16:29:21,Iyla,,,,,foraging without tools. Focal start ,RN,ct:29334e2a21ae09f70000000000000000,,,Save data,6/24/2024 9:44,6/24/2024 9:29,+07:00,2024042601,8fafb981-0409-4c1c-81e6-c49481637a0f,56ae4613-3324-41a3-93e1-a151d4c3955e,
6/24/2024,16:27:17,Aura,Black infant,Kaya,,,rest. Focal end.,RN,ct:29334e2a21ae09f70000000000000000,,,Save data,6/24/2024 9:44,6/24/2024 9:27,+07:00,2024042601,8c7d6193-2e41-48cf-a03f-3942e3b6cd46,a0c75f52-d8dc-4c8d-911c-aa77cd694343,
6/24/2024,16:11:39,Aura,Black infant,,,Juvenile 2 Iyla,stone-tool use. Focal start ,RN,ct:29334e2a21ae09f70000000000000000,,,Save data,6/24/2024 9:44,6/24/2024 9:11,+07:00,2024042601,cf6cfcea-e6dd-476c-9d66-5c1455fc59c4,81a2fe66-b2b9-4607-b73e-00b0eaa7fbda,
6/24/2024,16:09:41,Lip,,,,Black infant Quindoline,stone-tool use. Focal end ,RN,ct:29334e2a21ae09f70000000000000000,,,Save data,6/24/2024 9:29,6/24/2024 9:09,+07:00,2024042601,d9077314-c7ac-49cf-b6b8-848bffded341,b56796b6-e882-4a88-ad7a-d880ef733eca,
6/24/2024,15:54:01,Lip,Black infant,,Kaya,Juvenile 2 Lip Oreo,stone-tool use. Focal start.,RN,ct:29334e2a21ae09f70000000000000000,,,Save data,6/24/2024 9:29,6/24/2024 8:54,+07:00,2024042601,c5e074bd-6eef-4fc2-8aef-d0d1d0a793a1,577faf16-0046-4499-b449-b1b234998a85,
6/24/2024,12:43:02,Tutu,,,Juvenile 1,,foraging without tools. Focal end ,RN,ct:29334e2a21ae09f70000000000000000,,,Save data,6/24/2024 9:29,6/24/2024 5:43,+07:00,2024042601,5aaf0c3f-5a14-43b2-bc15-8d6b788a3c36,7288b31a-ed2d-465e-a27f-8646af95cad0,
6/24/2024,12:27:40,Tutu,,,,Ted,rest. Focal start ,RN,ct:29334e2a21ae09f70000000000000000,,,Save data,6/24/2024 9:29,6/24/2024 5:27,+07:00,2024042601,d11dca8b-964c-480a-830e-855d8e164002,a68f64d7-8a2e-4455-9388-d4d1a5959829,
6/24/2024,11:08:38,Harley,Ham Robin,,,,socializing. Focal end,RN,ct:29334e2a21ae09f70000000000000000,,,Save data,6/24/2024 9:29,6/24/2024 4:08,+07:00,2024042601,d4740112-8fbd-4e11-a142-2d1b224f1c7c,b0cea1b7-511b-45b0-9dd1-66d6fac7ffa4,
6/24/2024,10:52:34,Harley,,,,Juvenile 2 Pinky,rest. Focal start,RN,ct:29334e2a21ae09f70000000000000000,,,Save data,6/24/2024 9:29,6/24/2024 3:52,+07:00,2024042601,042c058f-4cf6-4fed-bbbe-8ddbde15258c,08e17f82-f9c6-40ec-b7cd-15e143bc5ea3,
6/24/2024,10:08:06,Belanda,,,,,foraging without tools. Focal end. ,RN,ct:29334e2a21ae09f70000000000000000,,,Save data,6/24/2024 3:08,6/24/2024 3:08,+07:00,2024042601,f21d394a-9a85-4947-b548-19eb60a979bc,84f68c9e-a854-410f-909c-33322c7ce60d,
6/24/2024,9:52:11,Belanda,,,,,rest. Focal start,RN,ct:29334e2a21ae09f70000000000000000,,,Save data,6/24/2024 3:08,6/24/2024 2:52,+07:00,2024042601,05cc3f71-8d04-4f5d-9ab1-691df7761d05,9a9862d4-6299-4f3b-b7c5-2cdc7b13ae36,
6/24/2024,9:29:54,Vulva,Black infant,,,Ted,foraging without tools. Focal end. Keep this one,RN,ct:29334e2a21ae09f70000000000000000,,,Save data,6/24/2024 2:29,6/24/2024 2:29,+07:00,2024042601,642400a5-ada3-49a0-a384-2eb6094f61c8,d41f9ecd-9967-4294-8c47-15bd13ed6afd,
6/24/2024,9:13:47,Vulva,Black infant,,,,foraging without tools. ,RN,ct:29334e2a21ae09f70000000000000000,,,Save data,6/24/2024 2:29,6/24/2024 2:13,+07:00,2024042601,79282b7f-ce18-4d3e-9275-aa32879b59e4,a117dbdf-1493-49a7-8646-b6d9f334a759,
6/24/2024,8:53:01,Pat,,,,,foraging without tools. Focal end ,RN,ct:29334e2a21ae09f70000000000000000,,,Save data,6/24/2024 1:53,6/24/2024 1:53,+07:00,2024042601,b8fe8a8c-61e7-408e-828c-e4700624ca40,2a655295-514b-41a0-8943-a8fa326642e6,
6/24/2024,8:37:28,Pat,,,,Belanda,rest. Focal start. ,RN,ct:29334e2a21ae09f70000000000000000,,,Save data,6/24/2024 1:53,6/24/2024 1:37,+07:00,2024042601,4496d30e-2ca0-4730-9d80-eb31b0e9f7c7,66ee1734-e72e-43df-bd24-b499d8c57e9c,
6/24/2024,8:22:38,Pat,,,Juvenile 1,Black infant Granny,rest. Focal start,RN,ct:29334e2a21ae09f70000000000000000,,,Individuals,6/24/2024 1:53,6/24/2024 1:22,+07:00,2024042601,76b3f310-2d43-4e7f-98de-5abafa83e64f,66ee1734-e72e-43df-bd24-b499d8c57e9c,
6/24/2024,8:00:30,Vulva,Black infant,,,,foraging without tools. Focal start ,RN,ct:29334e2a21ae09f70000000000000000,,,Save data,6/24/2024 1:53,6/24/2024 1:00,+07:00,2024042601,17113512-f51d-4177-bade-09a5eef3d37c,055638e5-f356-4842-a101-2f35aeed6f6c,
6/24/2024,7:24:52,Kaya,,,,Pat,foraging without tools. Focal start ,RN,ct:29334e2a21ae09f70000000000000000,,,Save data,6/24/2024 1:53,6/24/2024 0:24,+07:00,2024042601,bc8d6576-362d-4b92-8250-341dea0776c9,d0289f18-a0c2-424b-a5b2-62b0047e093a,
6/24/2024,7:13:21,Quindoline,Black infant,,,,move. Focal end,RN,ct:29334e2a21ae09f70000000000000000,,,Save data,6/24/2024 0:13,6/24/2024 0:13,+07:00,2024042601,a0d53746-0e7c-4c5d-a888-60c3317a6ccf,1c0949fa-417e-4194-9621-fd47d9693d33,
6/24/2024,6:57:44,Quindoline,Black infant,Naina,,F_Subadult,stone-tool use. Focal start,RN,ct:29334e2a21ae09f70000000000000000,,,Save data,6/24/2024 0:13,6/23/2024 23:57,+07:00,2024042601,f0b3b139-8c0d-4ba7-b77c-9bd13ff66186,bdac1ccc-5d6c-4d43-b1c8-7a430ce25af6,
6/26/2024,17:57:16,Vulva,,,,Pat,stone-tool use. Focal end. ,RN,ct:29334e2a21ae09f70000000000000000,,,Save data,6/26/2024 10:58,6/26/2024 10:57,+07:00,2024042601,547be081-0902-4af4-9fd8-f93eb1a08ef7,5531d11c-08b1-4c6d-a3e6-212903c6b55a,
6/26/2024,17:41:26,Vulva,,,Juvenile 2,Lip,stone-tool use. Focal start,RN,ct:29334e2a21ae09f70000000000000000,,,Save data,6/26/2024 10:58,6/26/2024 10:41,+07:00,2024042601,326f3ef9-1dc9-4b45-9a70-7867800c09c4,c866e2e6-658d-4a8d-864a-0ad521dc96e3,
6/27/2024,8:54:49,Lip,Black infant,,Black infant Vulva,Ted,foraging without tools. Focal end ,RN,ct:29334e2a21ae09f70000000000000000,,,Save data,6/27/2024 1:54,6/27/2024 1:54,+07:00,2024042601,1b99a124-7813-4bd5-b18c-0d76c053f5cc,956d62f4-ff08-4a67-9c7b-ddd82889f10c,
6/27/2024,8:38:59,Lip,Black infant,,,Black infant Ted Vulva,foraging without tools. Focal start ,RN,ct:29334e2a21ae09f70000000000000000,,,Save data,6/27/2024 1:54,6/27/2024 1:38,+07:00,2024042601,5d585e51-84d3-4a68-bdb0-703ee1c3406e,0191cbb4-0ba5-427f-9124-69af93381887,
6/27/2024,8:13:24,Lip,Black infant,,Pat,Jim Lim,foraging without tools. Focal start ,RN,ct:29334e2a21ae09f70000000000000000,,,Save data,6/27/2024 1:54,6/27/2024 1:13,+07:00,2024042601,810125e4-151d-4629-a3ed-a28e9b392311,22afcc1a-a736-4786-a420-d75d075c89c6,
6/27/2024,8:02:36,Oreo,,,,,rest. Focal end.,RN,ct:29334e2a21ae09f70000000000000000,,,Save data,6/27/2024 1:02,6/27/2024 1:02,+07:00,2024042601,9ebcb5bc-34be-4b6f-afa2-e7f8c494d1ef,c34558bf-8ee9-4802-85d4-002e3ddad1dc,
6/27/2024,7:47:06,Oreo,,,,,foraging without tools. Focal start ,RN,ct:29334e2a21ae09f70000000000000000,,,Save data,6/27/2024 1:02,6/27/2024 0:47,+07:00,2024042601,73f59e9e-744a-47c7-a401-3c3cc397fbe7,4de97ed1-a480-40a1-9392-18cacd16385c,
6/27/2024,7:37:03,Jim Lim,,,,,foraging without tools. Focal end. ,RN,ct:29334e2a21ae09f70000000000000000,,,Save data,6/27/2024 0:46,6/27/2024 0:37,+07:00,2024042601,9ccd8c0c-5107-4c75-98bf-8d99c024cd27,4eccf496-fe43-474c-8573-c8669280fa09,
6/27/2024,7:21:25,Jim Lim,,,,,foraging without tools. Focal start ,RN,ct:29334e2a21ae09f70000000000000000,,,Save data,6/27/2024 0:46,6/27/2024 0:21,+07:00,2024042601,e213f10c-32e9-4226-992d-7435a5393ff6,a7e22b1a-d720-479f-ab0c-0502f2619268,
6/29/2024,9:42:03,Jim Lim,,,Juvenile 1,Juvenile 1 Juvenile 2,rest. Focal end,RN,ct:a31304f7c3a74c3d0000000000000000,,,Save data,6/29/2024 2:42,6/29/2024 9:42,+00:00,2024042601,96c398d2-1592-4f23-8696-bd7fd2e271e6,8f8870ea-3ce4-400b-9d52-6249ca3391fd,
6/29/2024,9:26:11,Jim Lim,,,,,rest. Focal start,RN,ct:a31304f7c3a74c3d0000000000000000,,,Save data,6/29/2024 2:42,6/29/2024 9:26,+00:00,2024042601,f577f13e-91ac-4c2d-9245-eac1d29cf581,58a1c13b-9d51-4644-b83a-3ac5b83f29c5,
6/29/2024,9:20:43,Robin,,,Black infant F_Subadult Lip,Juvenile 2,rest. Focal end,RN,ct:a31304f7c3a74c3d0000000000000000,,,Save data,6/29/2024 2:42,6/29/2024 9:20,+00:00,2024042601,7caef273-64d5-4e9d-b0ce-febe06e5c0dd,00113bbc-2c64-4d1e-88f8-d63102f42122,
6/29/2024,9:04:53,Robin,,,Black infant Lip,,stone-tool use. Focal start,RN,ct:a31304f7c3a74c3d0000000000000000,,,Save data,6/29/2024 2:42,6/29/2024 9:04,+00:00,2024042601,e60a87e8-af72-4495-ab83-a27d06a8f1d8,ba23a165-e92a-429e-aa80-4a3c69c63b51,
6/29/2024,8:59:30,Lip,,Black infant,,Dandi,stone-tool use. Focal end. ,RN,ct:a31304f7c3a74c3d0000000000000000,,,Save data,6/29/2024 1:59,6/29/2024 8:59,+00:00,2024042601,05ba0da6-850b-479b-9040-0ba6fc2082ba,b5edaec0-6baf-45ec-ade5-166b3e8f45f2,
6/29/2024,8:43:18,Lip,,,,,stone-tool use. Focal start,RN,ct:a31304f7c3a74c3d0000000000000000,,,Save data,6/29/2024 1:59,6/29/2024 8:43,+00:00,2024042601,846337c0-02a1-4083-8361-3249b70a30b8,ef9a993d-ef05-40e3-81e9-c84e944f6441,
7/1/2024,13:59:06,Oreo,,,,,foraging without tools. Focal end ,RN,ct:a31304f7c3a74c3d0000000000000000,,,Save data,7/1/2024 6:59,7/1/2024 13:59,+00:00,2024042601,8479e2bb-dd5b-46ea-bbde-eabb38332a30,23ebff24-6975-43b7-8d99-ff726592e065,
7/1/2024,13:43:19,Oreo,,,,,foraging without tools. Focal start,RN,ct:a31304f7c3a74c3d0000000000000000,,,Save data,7/1/2024 6:59,7/1/2024 13:43,+00:00,2024042601,6a23b930-1ed9-4cf2-a165-38499703caa2,3d65cf9b-0d2f-4753-97b5-2fe8d64d7789,
7/1/2024,13:34:59,Cacao,,,Juvenile 2,Oreo,foraging without tools. Focal start,RN,ct:a31304f7c3a74c3d0000000000000000,,,Save data,7/1/2024 6:59,7/1/2024 13:34,+00:00,2024042601,b1f980ff-1769-4361-81b5-fc68471ffb12,66907e98-0fd2-4824-9e01-21ea2e4c7c87,
7/1/2024,12:54:49,Lip,,,,Ted Dandi,move. Focal end,RN,ct:a31304f7c3a74c3d0000000000000000,,,Save data,7/1/2024 5:54,7/1/2024 12:54,+00:00,2024042601,b41679a0-827e-4cc2-86ec-44489ffe7af7,b489eae7-9865-48a3-bada-96fd8814f868,
7/1/2024,12:38:39,Lip,,,Vulva,Juvenile 2 Flame Taipan,stone-tool use. Focal start,RN,ct:a31304f7c3a74c3d0000000000000000,,,Save data,7/1/2024 5:54,7/1/2024 12:38,+00:00,2024042601,de31ab7d-a392-4e01-9dcc-e94bf83ea819,c52bc699-281c-422d-b8f9-e3987a2a6e12,
7/1/2024,12:27:50,Kaya,Juvenile 2 Cacao,,,Juvenile 1 Juvenile 2 Harley Robin,rest. Focal end,RN,ct:a31304f7c3a74c3d0000000000000000,,,Save data,7/1/2024 5:54,7/1/2024 12:27,+00:00,2024042601,9990dbd3-0f60-40d3-b1c0-bc0c27772aa8,b602396e-febd-4dd6-b6ce-31089ec1b1b1,
7/1/2024,12:11:41,Kaya,Cacao,,Juvenile 2,Dandi Lip Oreo Pinky Robin,Grooming. Focal start,RN,ct:a31304f7c3a74c3d0000000000000000,,,Individuals,7/1/2024 5:54,7/1/2024 12:11,+00:00,2024042601,f2fabc10-27fe-4020-86bc-3a9b1f9e8a14,ee54f9c4-e1ef-4823-87d5-bbba644d0e12,
7/1/2024,12:04:51,Whitney,,,,,rest. Focal end,RN,ct:a31304f7c3a74c3d0000000000000000,,,Save data,7/1/2024 5:05,7/1/2024 12:04,+00:00,2024042601,54dec003-a2c4-4ea5-851c-5cc3dba1cff4,c1da7525-3403-4299-b10a-5dc8438baca3,
7/1/2024,11:49:01,Whitney,,,,,stone-tool use. Focal start,RN,ct:a31304f7c3a74c3d0000000000000000,,,Save data,7/1/2024 5:05,7/1/2024 11:49,+00:00,2024042601,9097c148-7745-47ee-8a08-d41ac59731d1,cbfdd9a4-9130-4c30-86c8-b76328d0f9fa,
7/2/2024,16:28:53,Dandi,,,Santa,Betina Flame,rest. Focal end,RN,ct:a31304f7c3a74c3d0000000000000000,,,Save data,7/21/2024 1:13,7/2/2024 16:28,+00:00,2024042601,b495a553-93d1-40d5-a207-958c91a4dd20,2afb1d05-e667-4163-a7de-bbc469746394,
7/2/2024,16:13:00,Dandi,,,,Belanda,foraging without tools. Focal start,RN,ct:a31304f7c3a74c3d0000000000000000,,,Save data,7/2/2024 9:28,7/2/2024 16:13,+00:00,2024042601,28dcc6da-f78a-45df-9f8c-4de596c404b1,d54301d1-cb46-429d-bfda-fa6e4fbe5ce2,
7/2/2024,12:04:32,Santa,,,Belanda,,foraging without tools. Focal end,RN,ct:a31304f7c3a74c3d0000000000000000,,,Save data,7/2/2024 7:23,7/2/2024 12:04,+00:00,2024042601,652ba093-1900-4bd6-9f29-ff0adee6fcf4,94e6dc3b-0ebd-4299-8421-e54a67d8baae,
7/2/2024,11:48:56,Santa,,,Black infant Aura,,Foragi g without tools. Focal start,RN,ct:a31304f7c3a74c3d0000000000000000,,,Save data,7/2/2024 7:23,7/2/2024 11:48,+00:00,2024042601,d237626c-f08b-48d7-ab83-1297feaf066b,c5f250e1-be27-4406-ae81-b7333b523104,
7/2/2024,11:35:44,Yaiko,,,Tutu,Ali,foraging without tools. Focal start,RN,ct:a31304f7c3a74c3d0000000000000000,,,Save data,7/2/2024 7:23,7/2/2024 11:35,+00:00,2024042601,b61e771e-092d-4634-b913-cc980f1bf67c,b73bcfe0-8cbe-4a1d-8b93-220193ba1984,
7/2/2024,9:48:47,Ali,,,,,move. Focal end,RN,ct:a31304f7c3a74c3d0000000000000000,,,Save data,7/2/2024 4:35,7/2/2024 9:48,+00:00,2024042601,cb467c44-e7b6-4d96-9193-5be95c13a6de,a6ab4696-5631-4122-9dc3-0d30054f4129,
7/2/2024,9:32:47,Ali,,Juvenile 1,,Kal Ted,foraging without tools. Focal start ,RN,ct:a31304f7c3a74c3d0000000000000000,,,Save data,7/2/2024 4:35,7/2/2024 9:32,+00:00,2024042601,dd599ba3-bf6a-49ef-bbf3-42495503a352,9f6545f4-9056-4a93-af02-5e031f68c7ef,
7/2/2024,8:44:21,Naina,,,,,foraging without tools. Focal end,RN,ct:a31304f7c3a74c3d0000000000000000,,,Save data,7/2/2024 1:44,7/2/2024 8:44,+00:00,2024042601,feeb700f-72b1-4700-b093-c5ea6d806f1b,1ffd4aaa-b8bf-4d12-b604-32ef1add5a16,
7/2/2024,8:28:39,Naina,,Juvenile 1,,Kal,rest. Focal start,RN,ct:a31304f7c3a74c3d0000000000000000,,,Save data,7/2/2024 1:44,7/2/2024 8:28,+00:00,2024042601,cde6487c-bc30-4dea-a554-f2b35e787f5f,92780fc3-de71-4683-83fe-4d2929fd6551,
7/2/2024,8:12:58,Pinky,,,,,rest. Focal end,RN,ct:a31304f7c3a74c3d0000000000000000,,,Save data,7/2/2024 1:13,7/2/2024 8:12,+00:00,2024042601,bd424f50-d76a-4b92-915c-747bd2d86881,cb626025-5a58-455d-8916-3b6ece3add25,
7/2/2024,7:57:15,Pinky,,,Ted,Pat,foraging without tools. Focal end,RN,ct:a31304f7c3a74c3d0000000000000000,,,Save data,7/2/2024 1:13,7/2/2024 7:57,+00:00,2024042601,bb17f2ce-9c51-4e4e-b289-02c96c94f1fa,3623cc4a-2237-47a7-bb7f-ae7385e81354,
7/2/2024,7:52:05,Pinky,,,Ted,,foraging without tools. Focal end,RN,ct:a31304f7c3a74c3d0000000000000000,,,Save data,7/2/2024 1:13,7/2/2024 7:52,+00:00,2024042601,91fb97f9-353e-4e96-b630-1ac22c6250bd,914f892b-a140-46dd-b11d-61a3eafae93d,
7/2/2024,7:45:28,Jim Lim,,,,,foraging without tools. Focal end ,RN,ct:a31304f7c3a74c3d0000000000000000,,,Save data,7/2/2024 0:46,7/2/2024 7:45,+00:00,2024042601,a21b9505-5334-4750-bf39-25dead8950fe,be66fbde-5f76-46b5-a766-a067cbd5530e,
7/2/2024,7:29:51,Jim Lim,,,Pat,,foraging without tools. Focal start,RN,ct:a31304f7c3a74c3d0000000000000000,,,Save data,7/2/2024 0:46,7/2/2024 7:29,+00:00,2024042601,a6316baf-a78d-4fc7-a951-2a7ab67d2ab3,76dcf55a-4353-4634-8f3c-edb27abe3cf7,
7/2/2024,7:21:35,Quindoline,Black infant,,Juvenile 1,Juvenile 1 Juvenile 2,foraging without tools. Focal end,RN,ct:a31304f7c3a74c3d0000000000000000,,,Save data,7/2/2024 0:46,7/2/2024 7:21,+00:00,2024042601,284b8861-a502-4246-b588-7d478fba931e,c454ace5-5fb3-40e3-a9e2-ee82e7ce2ea4,
7/2/2024,7:05:27,Quindoline,Black infant,,,Ali,rest. Focal start,RN,ct:a31304f7c3a74c3d0000000000000000,,,Save data,7/2/2024 0:46,7/2/2024 7:05,+00:00,2024042601,79b7667d-824c-47f3-8755-1c084537d421,4262aed3-797b-4311-85bb-8892be727d10,
7/21/2024,17:29:46,Whitney,,,Juvenile 1,Iyla,stone-tool use. Focal end,RN,ct:a31304f7c3a74c3d0000000000000000,,,Save data,7/21/2024 10:29,7/21/2024 17:29,+00:00,2024042601,385bb587-9515-4c9b-aae8-2283ced6b674,0c43ef11-6b26-4182-b75a-10d271068f03,
7/21/2024,17:13:48,Whitney,,,,Quindoline,stone-tool use. Focal start,RN,ct:a31304f7c3a74c3d0000000000000000,,,Individuals,7/21/2024 10:29,7/21/2024 17:13,+00:00,2024042601,90cf1c2a-ac7a-4c50-8ecc-552af75d9498,0c43ef11-6b26-4182-b75a-10d271068f03,
7/21/2024,17:06:31,Taipan,Juvenile 2,,,,rest. Focal end,RN,ct:a31304f7c3a74c3d0000000000000000,,,Save data,7/21/2024 10:29,7/21/2024 17:06,+00:00,2024042601,af8a857b-9beb-404f-a172-86a921e29daa,48c4c5fa-78a2-49c3-a51a-cd169656e8bb,
7/21/2024,16:50:52,Taipan,,,,,stone-tool use. Focal start,RN,ct:a31304f7c3a74c3d0000000000000000,,,Save data,7/21/2024 10:29,7/21/2024 16:50,+00:00,2024042601,40f12f55-b9cb-40c7-8c1e-821e096a9014,36a8047d-4208-4375-9d84-6d5912f1b911,
7/21/2024,16:34:15,Dandi,,Black infant Oreo Quindoline,,,stone-tool use. Focal end,RN,ct:a31304f7c3a74c3d0000000000000000,,,Save data,7/21/2024 10:29,7/21/2024 16:34,+00:00,2024042601,14f43eef-f969-4726-a4ed-7ae9227b8ef1,72f45d61-7e2d-4a3a-8aaf-a5fb00550611,
7/21/2024,16:27:36,Vulva,Black infant,,,Juvenile 1 Aura,stone-tool use. Focal start,RN,ct:a31304f7c3a74c3d0000000000000000,,,Save data,7/21/2024 10:29,7/21/2024 16:27,+00:00,2024042601,b227e65e-5437-40d0-8191-533073da85aa,c8e34c6b-e865-4358-847a-366d3dc849e5,
7/21/2024,16:07:30,Aura,,,,,stone-tool use. Focal end,RN,ct:a31304f7c3a74c3d0000000000000000,,,Save data,7/21/2024 10:29,7/21/2024 16:07,+00:00,2024042601,b0721d5e-8be4-4cae-b948-a3b63b7a50d8,338ff1b7-c4ab-44a9-ad2b-1f0fb9402e7c,
7/21/2024,15:51:39,Aura,,,,Kal,stone-tool use. Focal start,RN,ct:a31304f7c3a74c3d0000000000000000,,,Save data,7/21/2024 10:29,7/21/2024 15:51,+00:00,2024042601,a02dad35-6a73-4ced-9525-9cf6469d672e,e75c4e55-7397-4648-902b-7095bff1219f,
7/21/2024,15:36:36,Aura,Black infant,,,,foraging without tools. Focal start ,RN,ct:a31304f7c3a74c3d0000000000000000,,,Save data,7/21/2024 10:29,7/21/2024 15:36,+00:00,2024042601,45eb5d7e-148f-4523-b08f-fb56e6c74034,c210746b-1f78-4539-84c7-ba2cd951e80a,
7/21/2024,10:47:32,Naina,Bat,Juvenile 1,Pinky,,Grooming. Focal end,RN,ct:a31304f7c3a74c3d0000000000000000,,,Save data,7/21/2024 5:48,7/21/2024 10:47,+00:00,2024042601,74259f7d-98f6-443e-a4b3-45af7c8e2ffa,e7ff1882-09ac-4e6f-ad89-4b88aaf9d587,
7/21/2024,10:31:39,Naina,Kal,Pinky,Juvenile 1,,Grooming. Focal start,RN,ct:a31304f7c3a74c3d0000000000000000,,,Save data,7/21/2024 5:48,7/21/2024 10:31,+00:00,2024042601,68cfe215-e03d-4cd2-ae81-7ee4b902a5f0,8824355a-df56-423f-8a9c-3aebe7eb980b,
7/21/2024,10:11:30,Lip,,,,Bat,foraging without tools. Focal end ,RN,ct:a31304f7c3a74c3d0000000000000000,,,Save data,7/21/2024 3:12,7/21/2024 10:11,+00:00,2024042601,a0c57b2d-c193-4353-a974-e2923922ffa7,ed3309a7-7be7-4b46-9e02-f825151f4b19,
7/21/2024,9:55:50,Lip,,,,Bat Eina,foraging without tools. Focal start ,RN,ct:a31304f7c3a74c3d0000000000000000,,,Save data,7/21/2024 3:12,7/21/2024 9:55,+00:00,2024042601,d46fd3dc-88c9-405d-82ec-398160461044,eb7bb43e-9af6-4400-85f8-acac8d54425d,
7/21/2024,9:54:59,Jim Lim,,,Black infant Aura,Juvenile 2,foraging without tools. Focal end ,RN,ct:a31304f7c3a74c3d0000000000000000,,,Save data,7/21/2024 3:12,7/21/2024 9:54,+00:00,2024042601,50f927f5-223f-4442-a5b3-90bc628f5bd7,b3a37bab-66f4-4cb6-b96e-a5f13b755061,
7/21/2024,9:39:12,Jim Lim,,,,Black infant Lip,foraging without tools. Focal start ,RN,ct:a31304f7c3a74c3d0000000000000000,,,Save data,7/21/2024 3:12,7/21/2024 9:39,+00:00,2024042601,de928bbc-0aac-45fc-9ce4-2ff2377543a6,9345c268-9bbb-4683-b8b3-9ba5a0353e12,
7/21/2024,9:31:39,Aura,Black infant,,Juvenile 1,Juvenile 2,foraging without tools. Focal end ,RN,ct:a31304f7c3a74c3d0000000000000000,,,Save data,7/21/2024 2:31,7/21/2024 9:31,+00:00,2024042601,f467a18e-bef2-4c6e-bd76-e5586326eae1,7616b431-b8a8-468d-aa7f-3c7bcf56c7cc,
7/21/2024,9:16:04,Aura,Black infant,,,,foraging without tools. Focal start ,RN,ct:a31304f7c3a74c3d0000000000000000,,,Save data,7/21/2024 2:31,7/21/2024 9:16,+00:00,2024042601,a055df05-ac3d-4928-873c-dbf9996a8b90,0e7e1475-5868-4ecc-a853-3579a6101f59,
7/21/2024,8:55:33,Vulva,Black infant,,,Juvenile 1 Juvenile 2,foraging without tools. Focal start ,RN,ct:a31304f7c3a74c3d0000000000000000,,,Save data,7/21/2024 2:31,7/21/2024 8:55,+00:00,2024042601,8dde7b9a-e4e8-4ec2-9482-352e768b4576,3c72206c-a955-4172-8a4e-882cb49c6b3a,
7/21/2024,7:53:04,Quindoline,Black infant,,,Black infant Aura Oreo,foraging without tools. Focal start,RN,ct:a31304f7c3a74c3d0000000000000000,,,Save data,7/21/2024 1:13,7/21/2024 7:53,+00:00,2024042601,4c84fcc3-0565-4ed0-b55b-676c86c7805e,87eacfaa-10a8-422f-bd40-8650bff553d9,
7/23/2024,17:14:48,Lip,,,,,stone-tool use. Focal end,RN,ct:a31304f7c3a74c3d0000000000000000,,,Save data,7/25/2024 0:04,7/23/2024 17:14,+00:00,2024042601,3778a74a-bf0c-4236-a8ef-f12ead6d344b,37f69356-ebf1-42fd-b83b-b98c9ed03c4a,
7/23/2024,16:59:17,Lip,,,,,stone-tool use focal start,RN,ct:a31304f7c3a74c3d0000000000000000,,,Save data,7/25/2024 0:04,7/23/2024 16:59,+00:00,2024042601,28d29f00-dda7-4246-8bd0-7169ce055a59,724e4ca6-e7d6-4bca-8668-6cbe58d82a5c,
7/23/2024,16:37:13,Granny,,,,Lip Vulva,stone-tool use. Focal start,RN,ct:a31304f7c3a74c3d0000000000000000,,,Save data,7/25/2024 0:04,7/23/2024 16:37,+00:00,2024042601,885bcc01-bc64-4bf0-ac63-9ac2d5a9b34f,42cd0886-0add-436d-9ede-2f5184189244,
7/23/2024,16:24:38,Babosa,,,,,stone-tool use. Focal end,RN,ct:a31304f7c3a74c3d0000000000000000,,,Save data,7/25/2024 0:04,7/23/2024 16:24,+00:00,2024042601,a1701811-73c9-4862-8eb0-f53085728c78,a44f5f2e-996c-490e-91a2-22ca26babed5,
7/23/2024,16:08:19,Babosa,,,,,stone-tool use. Focal start,RN,ct:a31304f7c3a74c3d0000000000000000,,,Save data,7/25/2024 0:04,7/23/2024 16:08,+00:00,2024042601,fe2ef1be-0a07-445e-b053-4ae1f84116b3,e0dc13fd-4638-49ba-8894-81e4237b873d,
7/23/2024,16:07:00,Taipan,,,Babosa,Vulva,stone-tool use. Focal end,RN,ct:a31304f7c3a74c3d0000000000000000,,,Save data,7/25/2024 0:04,7/23/2024 16:07,+00:00,2024042601,828c277f-4692-427a-814c-851f74cefb58,6b50e987-071c-4f95-820c-1230a1b7a926,
7/23/2024,15:47:24,Taipan,,Juvenile 1,Black infant Vulva,Ted,stone-tool use. Focal start,RN,ct:a31304f7c3a74c3d0000000000000000,,,Save data,7/25/2024 0:04,7/23/2024 15:47,+00:00,2024042601,5d655cf5-585f-4f9a-88d8-224157ac845d,abccc391-9590-43a4-a866-c05012333163,
7/23/2024,15:40:28,Cacao,,Robin,,,rest. Focal end,RN,ct:a31304f7c3a74c3d0000000000000000,,,Save data,7/25/2024 0:04,7/23/2024 15:40,+00:00,2024042601,933d9d79-7d7f-4100-9755-073ffbb65675,46bc15f6-758b-4a3e-ba97-610275653b88,
7/23/2024,15:24:45,Cacao,,Iyla,,,rest. Focal start,RN,ct:a31304f7c3a74c3d0000000000000000,,,Save data,7/25/2024 0:04,7/23/2024 15:24,+00:00,2024042601,d5bf62f2-c114-49e2-828e-60caef933ad0,2068f73c-7ed4-49aa-926d-ab79b87a57c2,
7/23/2024,12:01:23,Pat,,,,,rest. Focal start,RN,ct:a31304f7c3a74c3d0000000000000000,,,Save data,7/23/2024 8:24,7/23/2024 12:01,+00:00,2024042601,cd26c24d-c477-4b36-a305-b3fd30e65cff,729dd56a-4f6a-433a-8d48-75b73ee4c127,
7/23/2024,10:52:50,Kaya,Jim Lim,,,,Groom. Focal start,RN,ct:a31304f7c3a74c3d0000000000000000,,,Save data,7/23/2024 8:24,7/23/2024 10:52,+00:00,2024042601,a07daa6d-db01-4b65-bd16-a721de66acda,c9fac537-871b-4ec5-a0de-dd52fdb14a13,
7/23/2024,10:41:55,Jim Lim,,Juvenile 1,Juvenile 1 Juvenile 2,,rest. Focal end,RN,ct:a31304f7c3a74c3d0000000000000000,,,Save data,7/23/2024 8:24,7/23/2024 10:41,+00:00,2024042601,65152856-c45e-4f69-b9b2-aeb20fcb513a,5407c1a9-04e2-4a59-9495-1f59f703c553,
7/23/2024,10:26:10,Jim Lim,,,Juvenile 2,Ali Robin,rest. Focal start,RN,ct:a31304f7c3a74c3d0000000000000000,,,Save data,7/23/2024 8:24,7/23/2024 10:26,+00:00,2024042601,0bfea149-2f2b-4d49-b8c5-ed36fcd34223,1b3609db-6c68-470e-972d-6d1fc897030e,
7/23/2024,9:07:39,Ali,,,Juvenile 1,Flame,move. Focal end,RN,ct:a31304f7c3a74c3d0000000000000000,,,Save data,7/23/2024 3:25,7/23/2024 9:07,+00:00,2024042601,0233689e-07dd-4cd4-847c-60537f6179b6,168dc635-f56c-4ae2-9b2f-50685faa070f,
7/23/2024,8:52:04,Ali,,,Kal,Juvenile 2,rest. Focal start,RN,ct:a31304f7c3a74c3d0000000000000000,,,Save data,7/23/2024 3:25,7/23/2024 8:52,+00:00,2024042601,c23d3909-5071-4c2e-88b7-6ec28016d4c6,093769b6-0f62-4271-9a7c-d8faa00bc02c,
7/23/2024,8:28:59,Lip,Black infant,,Black infant Vulva,Juvenile 2,rest. Focal end,RN,ct:a31304f7c3a74c3d0000000000000000,,,Save data,7/23/2024 3:25,7/23/2024 8:28,+00:00,2024042601,1287c35e-839e-45ac-adff-a6ccf5dde7f8,ec175fa1-47c2-4e05-9c2f-68f65e63a988,
7/23/2024,8:13:24,Lip,,,,,stone-tool use. Focal start,RN,ct:a31304f7c3a74c3d0000000000000000,,,Save data,7/23/2024 3:25,7/23/2024 8:13,+00:00,2024042601,2a1bf666-d88b-426d-89d7-47dff99aa51c,8230ed19-dbf2-4280-afef-e9fa86d3ef3b,
7/23/2024,8:10:46,Vulva,Black infant,,Ted,Flame Lip,stone-tool use. Focal end,RN,ct:a31304f7c3a74c3d0000000000000000,,,Save data,7/23/2024 3:25,7/23/2024 8:10,+00:00,2024042601,257652de-1048-4fdb-8ca3-d8639d7056ad,d7c874c1-8708-488a-ab0f-4a5beb33cb02,
7/23/2024,7:54:52,Vulva,Black infant,,,Ted,stone-tool use. Focal start,RN,ct:a31304f7c3a74c3d0000000000000000,,,Save data,7/23/2024 3:25,7/23/2024 7:54,+00:00,2024042601,64c2b775-4c96-41bd-81f8-2acc77eaccce,e290f130-0c1c-4e09-91fa-37bf75d49bd1,
7/23/2024,7:49:53,Naina,,Juvenile 1,Juvenile 2,,move. Focal end,RN,ct:a31304f7c3a74c3d0000000000000000,,,Save data,7/23/2024 0:49,7/23/2024 7:49,+00:00,2024042601,85ad8992-0510-40e9-8115-947d8dcdef99,a950b000-381b-4b3d-9733-7c6481c025ab,
7/23/2024,7:34:05,Naina,,,,,Foraging. Focal start ,RN,ct:a31304f7c3a74c3d0000000000000000,,,Save data,7/23/2024 0:49,7/23/2024 7:34,+00:00,2024042601,0c0fa5a0-3e37-47f4-bc01-26171b6ba0e1,c1406296-3672-46ad-8a0c-97edea67f21a,
7/23/2024,7:32:24,Granny,,Black infant,,Kal Ted,stone-tool use. Focal end.,RN,ct:a31304f7c3a74c3d0000000000000000,,,Save data,7/23/2024 0:49,7/23/2024 7:32,+00:00,2024042601,26e20473-39af-4585-b4f3-b572fa3e8877,4b87baf1-8494-406a-96d0-fdf7e44807f0,
7/23/2024,7:14:29,Granny,,Pinky Lip,,Tutu,stone-tool use (oyster). Focal start,RN,ct:a31304f7c3a74c3d0000000000000000,,,Save data,7/23/2024 0:49,7/23/2024 7:14,+00:00,2024042601,2e4b4a85-ff0a-4a74-a603-225c6696b09a,7c5f985f-c654-4506-822f-5d73f3fffef7,
7/23/2024,6:35:49,Pinky,,Juvenile 1,,Granny,stone-tool use. Focal start,RN,ct:a31304f7c3a74c3d0000000000000000,,,Save data,7/23/2024 0:49,7/23/2024 6:35,+00:00,2024042601,0b69b4fd-1ad5-4541-8d9d-674a3c2ec1c2,89e5ea8f-15ee-4d30-b718-a46d20bf3bd8,
7/25/2024,8:46:56,Aura,,,,,move. Focal end,RN,ct:a31304f7c3a74c3d0000000000000000,,,Save data,7/25/2024 11:09,7/25/2024 8:46,+00:00,2024042601,29e48182-ed0f-432d-839a-f8e5c57d1172,92c4e571-ae0c-4685-8b83-13b8253c4f4c,
7/25/2024,8:31:19,Aura,,,,,stone-tool use. Focal start,RN,ct:a31304f7c3a74c3d0000000000000000,,,Save data,7/25/2024 11:09,7/25/2024 8:31,+00:00,2024042601,bdb3152b-2450-4240-b486-2de35134e475,9286d644-184d-43f5-add6-d4e2bdfe1f8d,
7/25/2024,8:19:20,Jim Lim,,,,,rest. Focal end,RN,ct:a31304f7c3a74c3d0000000000000000,,,Save data,7/25/2024 11:09,7/25/2024 8:19,+00:00,2024042601,fe4da696-65a7-45a7-99d4-6303d826274a,6b3034a5-3ba7-4929-8351-3db9865251cb,
7/25/2024,8:03:12,Jim Lim,,,,Babosa,rest. Focal start,RN,ct:a31304f7c3a74c3d0000000000000000,,,Save data,7/25/2024 11:09,7/25/2024 8:03,+00:00,2024042601,820bdb43-d47a-431a-82af-ebc6452f28b9,97ac33ef-788b-4a97-81d9-16c9e5e07b1b,
7/25/2024,7:49:09,Yaiko,,,,,stone-tool use. Focal start,RN,ct:a31304f7c3a74c3d0000000000000000,,,Save data,7/25/2024 11:09,7/25/2024 7:49,+00:00,2024042601,d236ef44-c463-49be-bb77-c5d4c9d7e046,4f615d28-43cb-406e-8a2a-e6307b2dcc7f,
7/25/2024,7:31:43,Naina,,,,,foraging without tools. Focal end,RN,ct:a31304f7c3a74c3d0000000000000000,,,Save data,7/25/2024 11:09,7/25/2024 7:31,+00:00,2024042601,871a5563-2b98-45d0-a51b-9927cd1d77b8,580b06f0-6a43-4350-9520-437bfe9253a4,
7/25/2024,7:15:58,Naina,,,,,stone-tool use. Focal start,RN,ct:a31304f7c3a74c3d0000000000000000,,,Save data,7/25/2024 11:09,7/25/2024 7:15,+00:00,2024042601,76149581-65ef-4560-b548-c66b9aa611a7,1b9dacef-4784-4e61-b3e4-8d525ce7b510,
7/25/2024,7:12:21,Dandi,,,,,stone-tool use. Focal start,RN,ct:a31304f7c3a74c3d0000000000000000,,,Save data,7/25/2024 11:09,7/25/2024 7:12,+00:00,2024042601,1b3530be-9e7e-4042-98ff-26a2f2943678,6ff3e4dd-a836-4890-96b4-287e13bfb4b4,
7/25/2024,7:05:12,Granny,,Black infant,Black infant Lip,Eina,stone-tool use. Focal start,RN,ct:a31304f7c3a74c3d0000000000000000,,,Save data,7/25/2024 11:09,7/25/2024 7:05,+00:00,2024042601,f7ca9357-aca3-4c34-921f-c7b8d4978b78,c8c88ce1-4ac1-4081-a04d-7dceb3dc83d8,
7/27/2024,15:04:26,Vulva,Black infant,,,,rest. Focal end,RN,ct:a31304f7c3a74c3d0000000000000000,,,Save data,7/27/2024 8:04,7/27/2024 15:04,+00:00,2024042601,238d395b-9054-4156-8d8f-619aac731a92,02dffcf8-08d3-4165-b5c3-6843e18f9c67,
7/27/2024,14:49:00,Vulva,,,Black infant,Juvenile 2 Ali Kaya,foraging without tools. Focal start,RN,ct:a31304f7c3a74c3d0000000000000000,,,Save data,7/27/2024 8:04,7/27/2024 14:49,+00:00,2024042601,a923ff76-c0ea-46d9-bbb7-25d5f1cce52c,cbc65f45-844b-425a-a4f6-15c3e8ad284d,
7/27/2024,14:23:45,Naina,,,,Ted,rest. Focal end,RN,ct:a31304f7c3a74c3d0000000000000000,,,Save data,7/27/2024 7:23,7/27/2024 14:23,+00:00,2024042601,221bddf9-086c-47c4-b449-13d6efb0a321,c5856707-d15e-4470-ba9c-68d0fdbde887,
7/27/2024,14:08:14,Naina,,,,,foraging without tools. Focal start,RN,ct:a31304f7c3a74c3d0000000000000000,,,Save data,7/27/2024 7:23,7/27/2024 14:08,+00:00,2024042601,245bfbaf-fc9c-4007-b15a-a43be7292a83,aeb8e176-f722-45de-a256-78333ba88e39,
7/27/2024,13:54:02,Kaya,,Juvenile 1,Taipan,Babosa,rest. Focal end,RN,ct:a31304f7c3a74c3d0000000000000000,,,Save data,7/27/2024 6:59,7/27/2024 13:54,+00:00,2024042601,5d6246cd-168e-4712-bd89-1a5fcc121cb2,edf21d08-50ff-4cae-86a5-1a0006e123cd,
7/27/2024,13:38:24,Kaya,,,,Pat,foraging without tools. Focal start ,RN,ct:a31304f7c3a74c3d0000000000000000,,,Save data,7/27/2024 6:59,7/27/2024 13:38,+00:00,2024042601,992a7d41-315f-429c-9276-99401e4b83c3,19c6521c-5317-41c6-a0a5-8f6641eb7511,
7/27/2024,12:40:12,Aura,Black infant Iyla,Oreo,,,Grooming. Focal end,RN,ct:a31304f7c3a74c3d0000000000000000,,,Save data,7/27/2024 6:59,7/27/2024 12:40,+00:00,2024042601,2c4785d7-ddf8-4c43-a412-6979f5266a3f,9fe62c8f-6335-4fd2-aba5-d0e0d27a26a7,
7/27/2024,12:24:29,Aura,Black infant,Dandi,,,rest. Focal start,RN,ct:a31304f7c3a74c3d0000000000000000,,,Save data,7/27/2024 6:59,7/27/2024 12:24,+00:00,2024042601,c8041036-5cbb-4419-a555-fc2a399083bf,11f25cf0-b218-4a91-be18-896a5ab830c5,
7/27/2024,12:07:22,Quindoline,Black infant Jim Lim Oreo,,,,Contact. Focal end,RN,ct:a31304f7c3a74c3d0000000000000000,,,Save data,7/27/2024 5:07,7/27/2024 12:07,+00:00,2024042601,88704448-7f9d-4cad-b2ec-51a236c48f35,810599f5-c503-4f87-a814-3780835f226b,
7/27/2024,11:51:07,Quindoline,Black infant,,,,stone-tool use. Focal start,RN,ct:a31304f7c3a74c3d0000000000000000,,,Save data,7/27/2024 5:07,7/27/2024 11:51,+00:00,2024042601,14e42079-b6ea-45ac-8f92-5bc41590f219,43a7eaf3-dff4-4576-b27b-82fdc930a0aa,
7/27/2024,11:47:25,Quindoline,,Black infant,,,stone-tool use. Focal start,RN,ct:a31304f7c3a74c3d0000000000000000,,,Save data,7/27/2024 5:07,7/27/2024 11:47,+00:00,2024042601,267b6333-0e85-4d23-ae6a-c35e6ca9771e,17ed8633-b621-4be7-afcd-7a3039bb7d17,
7/27/2024,11:13:01,Santa,,,,,foraging without tools. Focal end,RN,ct:a31304f7c3a74c3d0000000000000000,,,Save data,7/27/2024 4:13,7/27/2024 11:13,+00:00,2024042601,5221aad4-c2db-4a19-a114-16afd8c8a896,c0270f5b-fc9c-4d52-b189-2aa7d24bab74,
7/27/2024,10:57:29,Santa,,F_Subadult,,Bat,move. Focal start,RN,ct:a31304f7c3a74c3d0000000000000000,,,Save data,7/27/2024 4:13,7/27/2024 10:57,+00:00,2024042601,2015f040-d8f4-42b4-838f-cba615ddd8b0,21313d36-55bf-40ab-b4e7-b020a1d8cabc,
7/27/2024,10:54:18,Lip,Black infant Robin,,,,Grooming. Focal end,RN,ct:a31304f7c3a74c3d0000000000000000,,,Save data,7/27/2024 3:54,7/27/2024 10:54,+00:00,2024042601,37756028-da57-4750-8ba9-5d448c93d37e,0cbd0de6-9737-48f9-971c-19d5187d3d0d,
7/27/2024,10:38:33,Lip,,,,Robin,stone-tool use. Focal start ,RN,ct:a31304f7c3a74c3d0000000000000000,,,Save data,7/27/2024 3:54,7/27/2024 10:38,+00:00,2024042601,97374f39-4098-43d2-9045-d86e223f0f6f,9e3b3a67-3177-4e7d-9389-efc6ffa9be33,
7/27/2024,10:16:04,Iyla,,,,,rest. Focal end,RN,ct:a31304f7c3a74c3d0000000000000000,,,Save data,7/27/2024 3:16,7/27/2024 10:16,+00:00,2024042601,b72bacce-ba5d-4615-8f78-35c450f6cbef,76f4ba9f-01fc-459d-826e-a7b15de82a72,
7/27/2024,10:00:24,Iyla,,,Juvenile 2,,foraging without tools. Focal start ,RN,ct:a31304f7c3a74c3d0000000000000000,,,Save data,7/27/2024 3:16,7/27/2024 10:00,+00:00,2024042601,7cb6d80f-e364-43d8-bec8-5989777e910d,a4767750-2bf8-4475-927a-e5e36fc07ff5,
7/27/2024,9:17:03,Pinky,,,Ted,Juvenile 2,stone-tool use. Focal start,RN,ct:a31304f7c3a74c3d0000000000000000,,,Individuals,7/27/2024 3:16,7/27/2024 9:17,+00:00,2024042601,e5b4cadf-a3c5-4ad0-84e0-c4cd3448a57c,05ee70d5-d035-4478-b429-6af6b817c8ee,
7/27/2024,9:11:53,Granny,,,,,foraging without tools. Focal end,RN,ct:a31304f7c3a74c3d0000000000000000,,,Save data,7/27/2024 2:11,7/27/2024 9:11,+00:00,2024042601,b9cb602c-1822-43c1-a562-4be7f1aeb3b0,4d443ad4-eb21-4f26-9752-4429a238a253,
7/27/2024,8:56:11,Granny,,,,Lip,stone-tool use. Focal start,RN,ct:a31304f7c3a74c3d0000000000000000,,,Save data,7/27/2024 2:11,7/27/2024 8:56,+00:00,2024042601,e6b09ca0-0b1e-426e-a9e8-a8cf5b97f99a,c1456917-a9ac-4a30-947b-6988d3258e6b,
7/27/2024,8:53:01,Cacao,,,Ali,,stone-tool use. Focal end,RN,ct:a31304f7c3a74c3d0000000000000000,,,Save data,7/27/2024 1:54,7/27/2024 8:53,+00:00,2024042601,4744ea62-acbc-44be-b39f-e77edf1a6f66,b3b76096-2a05-4924-a1f2-d907a9860c3d,
7/27/2024,8:37:25,Cacao,,,,Ali,stone-tool use. Focal start,RN,ct:a31304f7c3a74c3d0000000000000000,,,Save data,7/27/2024 1:54,7/27/2024 8:37,+00:00,2024042601,f3e4905f-e04c-4e0a-a49a-68e6716fe42b,59dc642c-2e38-43fc-8d50-0257b3af2d87,
7/27/2024,8:32:50,Dandi,,,,,move. Focal end,RN,ct:a31304f7c3a74c3d0000000000000000,,,Save data,7/27/2024 1:33,7/27/2024 8:32,+00:00,2024042601,399f8eb4-13ea-491f-b323-801fb907e1c6,28db19fd-e839-4ec6-af50-1b0b0f7d8d49,
7/27/2024,8:17:22,Dandi,,,,Oreo,stone-tool use. Focal start,RN,ct:a31304f7c3a74c3d0000000000000000,,,Save data,7/27/2024 1:33,7/27/2024 8:17,+00:00,2024042601,7e51e667-ecec-428c-abfc-aafa25fe636d,f05caf58-5863-4928-904b-f6a784fd17d4,
7/27/2024,8:05:15,Jim Lim,,,,Whitney,stone-tool use. Fical end,RN,ct:a31304f7c3a74c3d0000000000000000,,,Save data,7/27/2024 1:33,7/27/2024 8:05,+00:00,2024042601,ca913a1f-f7d4-45ac-99cf-f347d4df93f5,c297b49e-3157-4099-b716-5fb54282443c,
7/27/2024,7:49:38,Jim Lim,,,,Tutu,stone-tool use. Focal start,RN,ct:a31304f7c3a74c3d0000000000000000,,,Save data,7/27/2024 1:33,7/27/2024 7:49,+00:00,2024042601,77e5f0e2-d9d6-4b04-a7db-60d824ab0637,ceb94912-b730-4443-9d33-4cb77d43ec5d,
7/27/2024,7:47:09,Dandi,,,,,rest. Focal end,RN,ct:a31304f7c3a74c3d0000000000000000,,,Save data,7/27/2024 0:47,7/27/2024 7:47,+00:00,2024042601,9b33e85f-31d8-4e3d-81e1-25680a65bb01,6ace0cbc-c3c5-4146-bfa6-0ac2e145d6a2,
7/27/2024,7:31:39,Dandi,,,,,stone-tool use. Focal start,RN,ct:a31304f7c3a74c3d0000000000000000,,,Save data,7/27/2024 0:47,7/27/2024 7:31,+00:00,2024042601,0fd996c6-a90f-4744-b30a-6ccb7038f3be,cd70e593-cd44-477c-84c8-af529b81f7d3,
7/27/2024,7:27:19,Flame,,,,,stone-tool use. Focal end,RN,ct:a31304f7c3a74c3d0000000000000000,,,Save data,7/27/2024 0:47,7/27/2024 7:27,+00:00,2024042601,8e87ff5e-ee49-4f57-be7d-46e79dd9d055,ac1cce3e-1070-4217-8ef7-d47a21c6539b,
7/27/2024,7:11:40,Flame,,F_Subadult,,Oreo,stone-tool use. Focal start,RN,ct:a31304f7c3a74c3d0000000000000000,,,Save data,7/27/2024 0:11,7/27/2024 7:11,+00:00,2024042601,ca7a6c9a-affe-4a91-97ed-1617e9adc167,b49fbfc7-45ba-452f-9299-e9586efe9e4b,
7/27/2024,7:10:17,Oreo,,,,Robin,stone-tool use. Focal end,RN,ct:a31304f7c3a74c3d0000000000000000,,,Save data,7/27/2024 0:11,7/27/2024 7:10,+00:00,2024042601,95ef79ac-6cdf-4192-be94-72edee3d62f4,ca062cc4-d07d-4ac6-8196-ea91bd968d1b,
7/27/2024,6:54:20,Oreo,,,,Robin,stone-tool use. Focal start,RN,ct:a31304f7c3a74c3d0000000000000000,,,Save data,7/27/2024 0:11,7/27/2024 6:54,+00:00,2024042601,1b2ff660-60c3-4dd1-a73d-e1527299b649,fa4468a0-f59b-4bf9-b0e7-51af21a59ad6,
7/29/2024,13:25:13,Pinky,Juvenile 1,,,,rest. Focal end,RN,ct:a31304f7c3a74c3d0000000000000000,,,Save data,7/30/2024 1:10,7/29/2024 13:25,+00:00,2024042601,f834ce6d-dbdf-4df6-b4f1-07f31e9f5937,37aeaff9-9b9e-48f4-b062-05dc870b8852,
7/29/2024,13:06:59,Pinky,,,,,rest. Focal start,RN,ct:a31304f7c3a74c3d0000000000000000,,,Save data,7/30/2024 1:10,7/29/2024 13:06,+00:00,2024042601,2de5c86a-dbde-4a3c-ae64-120b11b26bff,53cb67e0-e682-4899-a654-99aaab4c1197,
7/29/2024,12:48:49,Granny,,,,,stone-tool use. Focal start,RN,ct:a31304f7c3a74c3d0000000000000000,,,Save data,7/30/2024 1:10,7/29/2024 12:48,+00:00,2024042601,c29b7b1f-7507-4581-a6b4-e8406b9f92b4,dc7b5eae-e951-4681-96d9-15f20999871f,
7/29/2024,12:23:39,Aura,,,,,foraging without tools. Focal end ,RN,ct:a31304f7c3a74c3d0000000000000000,,,Save data,7/30/2024 1:10,7/29/2024 12:23,+00:00,2024042601,0494820f-a29a-4a73-9a06-60df918abe26,bc52a6d8-0793-4648-b1f5-bc2e00f13c98,
7/29/2024,12:07:59,Aura,,,,Black infant F_Subadult,foraging without tools. Focal start,RN,ct:a31304f7c3a74c3d0000000000000000,,,Save data,7/30/2024 1:10,7/29/2024 12:07,+00:00,2024042601,b24473af-5dcc-42ab-8e4d-c36bf3d5f70f,a4c3cd08-ccd7-4bfb-bb38-197ca6609163,
7/29/2024,11:42:51,Santa,,,,,rest. Focal end,RN,ct:a31304f7c3a74c3d0000000000000000,,,Save data,7/29/2024 4:43,7/29/2024 11:42,+00:00,2024042601,476991a4-d942-4485-83a2-fe665def54b7,a5e4213d-11e8-48bf-88df-d802d2842a09,
7/29/2024,11:27:21,Santa,,,,,stone-tool use. Focal start,RN,ct:a31304f7c3a74c3d0000000000000000,,,Save data,7/29/2024 4:43,7/29/2024 11:27,+00:00,2024042601,5775fdf3-5018-4e8f-a0b7-dd8379a8959e,beae4eeb-6f1e-44df-b32c-01bab89f2226,
7/29/2024,11:18:34,Aura,,,,,stone-tool use. Focal start,RN,ct:a31304f7c3a74c3d0000000000000000,,,Save data,7/29/2024 4:43,7/29/2024 11:18,+00:00,2024042601,99307aa7-18ec-4fc9-b6ce-bcc31826f77a,b6639f33-b233-46d3-a2d8-adb4a8d81c69,
7/29/2024,10:50:49,Lip,,,,,stone-tool use. Focal end,RN,ct:a31304f7c3a74c3d0000000000000000,,,Save data,7/29/2024 3:50,7/29/2024 10:50,+00:00,2024042601,84c9a817-425e-4742-9272-0742ce2e433e,011a750f-42b0-415c-a6df-25f9e87e7139,
7/29/2024,10:35:14,Lip,,,Juvenile 1,Juvenile 1 Juvenile 2,stone-tool use. Focal start,RN,ct:a31304f7c3a74c3d0000000000000000,,,Save data,7/29/2024 3:50,7/29/2024 10:35,+00:00,2024042601,e50b444a-8a0b-4a11-ab29-d9af3091c757,8c97298f-b1ef-4cfd-bc2b-b221d19d138b,
7/29/2024,10:25:19,Whitney,,,,,rest. Focal end,RN,ct:a31304f7c3a74c3d0000000000000000,,,Save data,7/29/2024 3:25,7/29/2024 10:25,+00:00,2024042601,0d869340-d6ea-4780-9c5d-2d5c8b5285b9,82c48810-f4b2-4080-99e2-9b5278cf739f,
7/29/2024,10:09:46,Whitney,,,,,stone-tool use. Focal start,RN,ct:a31304f7c3a74c3d0000000000000000,,,Save data,7/29/2024 3:25,7/29/2024 10:09,+00:00,2024042601,562d8a81-c559-48b0-9128-9fbc9a849fa2,7769dbbf-d832-42ed-b545-e57465412ea1,
7/29/2024,10:04:49,Iyla,Black infant Quindoline,,,,rest. Focal end,RN,ct:a31304f7c3a74c3d0000000000000000,,,Save data,7/29/2024 3:07,7/29/2024 10:04,+00:00,2024042601,44c487cd-bae9-484c-9f22-169943f8784c,a5dadab6-cddb-4f44-b18d-e899c3b98e99,
7/29/2024,9:49:00,Iyla,,,Black infant Lip,,stone-tool use. Focal end,RN,ct:a31304f7c3a74c3d0000000000000000,,,Save data,7/29/2024 3:07,7/29/2024 9:49,+00:00,2024042601,89279599-6d0f-4c0d-9f4f-4ac332ccf1f4,51d6f64e-1e70-4a0e-a35d-19bb79a62ac2,
7/29/2024,9:48:10,Yaiko,,Black infant Quindoline,Juvenile 2,Juvenile 1,rest. Focal end,RN,ct:a31304f7c3a74c3d0000000000000000,,,Save data,7/29/2024 2:48,7/29/2024 9:48,+00:00,2024042601,d8af6ffe-30e0-45a2-b91b-c5ee4d50494d,9b7c05b8-e65b-4901-9fac-0cec55df02e7,
7/29/2024,9:32:37,Yaiko,,,,Juvenile 1 Whitney,stone-tool use. Focal start,RN,ct:a31304f7c3a74c3d0000000000000000,,,Save data,7/29/2024 2:48,7/29/2024 9:32,+00:00,2024042601,26ea08b0-f5d6-47ae-aa12-7d5734baf46c,d1dbd820-a386-4d8c-ba7c-d9b6f81d43cd,
7/29/2024,9:31:30,Kaya,,,Juvenile 1 Juvenile 2,,rest. Focal end,RN,ct:a31304f7c3a74c3d0000000000000000,,,Save data,7/29/2024 2:31,7/29/2024 9:31,+00:00,2024042601,4ed2ea47-66c3-42c9-8fc9-faf3745ab440,1a38b721-4c27-4477-a30b-04cb7a117cbe,
7/29/2024,9:16:01,Kaya,,,,,stone-tool use. Focal start,RN,ct:a31304f7c3a74c3d0000000000000000,,,Save data,7/29/2024 2:31,7/29/2024 9:16,+00:00,2024042601,771fba13-da2e-4c86-9f3a-d72694a5f375,0098d49a-78a3-429d-9fd0-fdd9c497cd89,
7/29/2024,9:10:38,Vulva,Black infant,,,,stone-tool use. Focal end,RN,ct:a31304f7c3a74c3d0000000000000000,,,Save data,7/29/2024 2:10,7/29/2024 9:10,+00:00,2024042601,da43a59c-1243-4baf-bf1f-337f8ea9cb7c,339ece7a-07a1-46c9-a433-68d1f0ac3fbc,
7/29/2024,8:54:52,Vulva,Black infant,Ali,Black infant Quindoline,Jim Lim,stone-tool use. Focal start,RN,ct:a31304f7c3a74c3d0000000000000000,,,Save data,7/29/2024 2:10,7/29/2024 8:54,+00:00,2024042601,16e8c0bd-dca5-4ae6-b964-68b4dbe5217b,b68cc1bd-af5d-430c-bce7-822aff2e62d5,
7/29/2024,8:54:18,Cacao,,,Juvenile 1 Juvenile 2 Naina,,stone-tool use. Focal end,RN,ct:a31304f7c3a74c3d0000000000000000,,,Save data,7/29/2024 2:10,7/29/2024 8:54,+00:00,2024042601,7ba8ddea-c6b4-49ad-89e2-4399d769c350,970e3ab0-d017-4554-9651-4fbf3229e4ce,
7/29/2024,8:38:36,Cacao,,,,Juvenile 2 Naina,stone-tool use. Focap start,RN,ct:a31304f7c3a74c3d0000000000000000,,,Save data,7/29/2024 2:10,7/29/2024 8:38,+00:00,2024042601,769123da-f07b-46d0-ad36-b182981ac2af,1acf1e23-1c8b-4f16-8dc5-fb9e89229cff,
7/29/2024,8:37:00,Quindoline,,Black infant,,Ali,stone-tool use. Focal end,RN,ct:a31304f7c3a74c3d0000000000000000,,,Save data,7/29/2024 1:37,7/29/2024 8:37,+00:00,2024042601,3cfde16c-1d77-4c2f-9814-44c49f251fde,d50e638e-6f05-4d58-82c2-13789061d4dc,
7/29/2024,8:21:26,Quindoline,,Black infant,,,stone-tool use. Focal start,RN,ct:a31304f7c3a74c3d0000000000000000,,,Save data,7/29/2024 1:37,7/29/2024 8:21,+00:00,2024042601,58523ed1-acd9-47d4-ac0f-775a865e087d,8f132149-2b6c-43ea-91b8-82f54ffb63f3,
7/30/2024,13:48:37,Ted,,,,Juvenile 2,rest. Focal end,RN,ct:a31304f7c3a74c3d0000000000000000,,,Save data,7/30/2024 6:49,7/30/2024 13:48,+00:00,2024042601,c044669b-2d2d-40e5-9059-1081c40025c5,07025159-80d4-4d1a-b171-8b8e890c4a69,
7/30/2024,13:32:52,Ted,,,Black infant Vulva Yaiko,Babosa Pat,move. Focal start,RN,ct:a31304f7c3a74c3d0000000000000000,,,Save data,7/30/2024 6:49,7/30/2024 13:32,+00:00,2024042601,fd09b443-1cda-405b-b06a-871c8574aa16,de42ada4-6352-4832-af47-d7f0505ec771,
7/30/2024,13:28:30,Ali,Robin,,,,rest. Focal end,RN,ct:a31304f7c3a74c3d0000000000000000,,,Save data,7/30/2024 6:49,7/30/2024 13:28,+00:00,2024042601,30202768-2572-4a10-bc2b-e903ab3b9004,ba725429-b76e-4d0f-a5ca-c42b33fce746,
7/30/2024,13:12:57,Ali,,,,,rest. Focal start,RN,ct:a31304f7c3a74c3d0000000000000000,,,Save data,7/30/2024 6:49,7/30/2024 13:12,+00:00,2024042601,23d9156b-7ff6-469d-af02-0d665396414d,081b76e2-dd2e-4070-bd57-8981c63fc14c,
7/30/2024,13:09:03,Legolas,,Juvenile 1,,Juvenile 2,move. Focal end,RN,ct:a31304f7c3a74c3d0000000000000000,,,Save data,7/30/2024 6:12,7/30/2024 13:09,+00:00,2024042601,c5f1483e-9309-4747-a03c-c3675b7b801b,88cb410b-6582-4afa-94c1-1f3127aad1ae,
7/30/2024,12:53:33,Legolas,,,Juvenile 2,,stone-tool use. Focal start,RN,ct:a31304f7c3a74c3d0000000000000000,,,Save data,7/30/2024 6:12,7/30/2024 12:53,+00:00,2024042601,d6f1563b-c92f-4829-bd60-c1bb5679848c,81e99bf7-00b8-4f69-95e5-7819f837e500,
7/30/2024,12:49:23,Kal,,,,Flame,rest. Focal end,RN,ct:a31304f7c3a74c3d0000000000000000,,,Save data,7/30/2024 5:49,7/30/2024 12:49,+00:00,2024042601,7cd34d55-b740-4594-9c3d-49cabce071c7,a261371c-01fc-4f91-bb2d-c29e8c3515d5,
7/30/2024,12:33:47,Kal,,,,,rest. Focal start,RN,ct:a31304f7c3a74c3d0000000000000000,,,Save data,7/30/2024 5:49,7/30/2024 12:33,+00:00,2024042601,14272af8-f742-4f6b-8cf4-0e3f1532a69c,4d5a9a5c-569a-4be4-9b0b-c43c53499fa5,
7/30/2024,11:50:32,Naina,,,,,foraging without tools. Focal end ,RN,ct:a31304f7c3a74c3d0000000000000000,,,Save data,7/30/2024 4:50,7/30/2024 11:50,+00:00,2024042601,a76598f4-40f8-4990-8723-c37a2a5d3fff,ced9af29-a28d-4d49-b73d-2260fa11d045,
7/30/2024,11:34:58,Naina,,,,,stone-tool use. Focal start,RN,ct:a31304f7c3a74c3d0000000000000000,,,Save data,7/30/2024 4:50,7/30/2024 11:34,+00:00,2024042601,b9ceed5b-f315-4bc1-931c-1cd5c31567a3,33996127-2929-4550-a36c-ef872b51a891,
7/30/2024,11:25:34,Oreo,,,,,stone-tool use. Focal end,RN,ct:a31304f7c3a74c3d0000000000000000,,,Save data,7/30/2024 4:25,7/30/2024 11:25,+00:00,2024042601,ad5139e0-9636-4de3-9969-850295a79cad,44cfdd85-3981-4a2e-8451-303c570cbe50,
7/30/2024,11:10:01,Oreo,,,,,stone-tool use. Focal start,RN,ct:a31304f7c3a74c3d0000000000000000,,,Save data,7/30/2024 4:25,7/30/2024 11:10,+00:00,2024042601,8162f583-2362-44b4-9cc1-0f5b851f5d91,c464eced-3a4f-40a4-aadf-3ea462899873,
7/30/2024,11:06:15,Babosa,,,,,stone-tool use. Focal end,RN,ct:a31304f7c3a74c3d0000000000000000,,,Save data,7/30/2024 4:06,7/30/2024 11:06,+00:00,2024042601,866b0bc6-0e2c-48b9-a279-cb2cdd1575f3,a865cb72-2639-4114-affe-4867087436ce,
7/30/2024,10:50:52,Babosa,,,Flame,Juvenile 1 Jim Lim,stone-tool use. Focal start,RN,ct:a31304f7c3a74c3d0000000000000000,,,Save data,7/30/2024 4:06,7/30/2024 10:50,+00:00,2024042601,46f85f6a-35a8-4d46-ba4f-a29eb6aaac1b,69a8f52a-c2d5-4811-ada8-1677e66dfd6e,
7/30/2024,10:48:05,Granny,,Black infant,Juvenile 1,,stone-tool use. Focal end,RN,ct:a31304f7c3a74c3d0000000000000000,,,Save data,7/30/2024 3:48,7/30/2024 10:48,+00:00,2024042601,073d9b8d-1fc1-4080-b5ce-811dc45a74ef,987a3226-5e98-4b36-9db7-69e1c977220f,
7/30/2024,10:32:27,Granny,,,,Juvenile 1 Pinky,stone-tool use. Focal start,RN,ct:a31304f7c3a74c3d0000000000000000,,,Save data,7/30/2024 3:48,7/30/2024 10:32,+00:00,2024042601,7df8c3e8-72f6-45d9-93c2-03a012223b35,90ff8be3-683b-48e4-be8d-1fd8b8f1a802,
7/30/2024,10:22:17,Harley,,,,,rest. Focal end,RN,ct:a31304f7c3a74c3d0000000000000000,,,Save data,7/30/2024 3:48,7/30/2024 10:22,+00:00,2024042601,f57d2c34-c102-4239-b011-44ca87bc5884,44adfc7d-7e25-4b9f-86a7-40f48eff6f4a,
7/30/2024,10:06:33,Harley,,,,,stone-tool use. Focal start,RN,ct:a31304f7c3a74c3d0000000000000000,,,Save data,7/30/2024 3:48,7/30/2024 10:06,+00:00,2024042601,91a99a4a-201f-4b3c-8ccf-5557f3f91e7c,2ee637b3-2ec0-4650-a43c-011ac03c2e19,
7/30/2024,9:58:29,Flame,,,Juvenile 1,Robin,stone-tool use. Focal end,RN,ct:a31304f7c3a74c3d0000000000000000,,,Save data,7/30/2024 2:58,7/30/2024 9:58,+00:00,2024042601,d5ab87c7-e897-4f6a-a670-5ca66bbff9c9,3063c38a-0444-4d09-b8ed-873ac80e5be9,
7/30/2024,9:42:21,Flame,,Juvenile 2,,,stone-tool use. Focal end,RN,ct:a31304f7c3a74c3d0000000000000000,,,Individuals,7/30/2024 2:58,7/30/2024 9:42,+00:00,2024042601,8d97fcbc-ad5a-4c65-945b-7cb37282fcbe,39850e74-ccef-4adb-ace5-ba8260204837,
7/30/2024,9:26:07,Betina,,,Taipan,Lip,stone-tool use. Focal end,RN,ct:a31304f7c3a74c3d0000000000000000,,,Save data,7/30/2024 2:26,7/30/2024 9:26,+00:00,2024042601,893ef950-f360-4069-978b-5c931da9953c,3fc91110-28c6-4ac2-af04-441f97981873,
7/30/2024,9:02:18,Betina,,,,Black infant Granny,foraging without tools. Focal start,RN,ct:a31304f7c3a74c3d0000000000000000,,,Save data,7/30/2024 2:26,7/30/2024 9:02,+00:00,2024042601,1f4ea104-4a37-47b8-b25e-8963c5f0b36a,46b78e20-538e-4686-81ad-e11deb6783fd,
7/30/2024,8:47:25,Robin,,Juvenile 1,,,stone-tool use. Focal end,RN,ct:a31304f7c3a74c3d0000000000000000,,,Save data,7/30/2024 1:47,7/30/2024 8:47,+00:00,2024042601,49467523-c779-413a-b51d-36c162e7f62d,411a2d83-b95f-4f90-8d36-4b7e9429030d,
7/30/2024,8:31:48,Robin,,,Harley,Black infant Vulva,move. Focal start,RN,ct:a31304f7c3a74c3d0000000000000000,,,Save data,7/30/2024 1:47,7/30/2024 8:31,+00:00,2024042601,609fd702-3a3d-4036-85da-76ca419ec192,7e64da44-b1e2-4287-b1a7-86952bf525c2,
7/30/2024,8:26:35,Pat,,,,Juvenile 1,rest. Focal end,RN,ct:a31304f7c3a74c3d0000000000000000,,,Save data,7/30/2024 1:47,7/30/2024 8:26,+00:00,2024042601,6093c563-a3bc-4a69-ba71-86f60a1d34a2,627ddaf9-8bcf-4e72-bbf2-ab9198b342b2,
7/30/2024,8:11:17,Pat,,,,,rest. Focal start,RN,ct:a31304f7c3a74c3d0000000000000000,,,Save data,7/30/2024 1:47,7/30/2024 8:11,+00:00,2024042601,f51aa2ef-c4a3-47b7-90e1-403fe8a52c5f,fe0cd02a-8526-4f65-ac05-2e861ceac350,
8/1/2024,17:10:21,Flame,,,,Kal,move. Focal start,RN,ct:a31304f7c3a74c3d0000000000000000,,,Save data,8/2/2024 0:59,8/1/2024 10:10,+07:00,2024042601,3570dd40-06bc-4a57-bf97-98562642d331,25b350c8-0614-467e-bbca-37444e96ee30,
8/1/2024,16:02:22,Quindoline,Black infant,Black infant,Juvenile 1 Ted,Granny,foraging without tools. Focal end,RN,ct:a31304f7c3a74c3d0000000000000000,,,Save data,8/2/2024 0:59,8/1/2024 9:02,+07:00,2024042601,721682fa-79d4-4b28-96ef-7a86ec5e203a,6bfd8a2e-8302-4dd4-ab88-983be6726bf0,
8/1/2024,15:46:29,Quindoline,,,Vulva,Pinky,stone-tool use. Focal start,RN,ct:a31304f7c3a74c3d0000000000000000,,,Save data,8/2/2024 0:59,8/1/2024 8:46,+07:00,2024042601,8fbec42a-c825-490b-be22-3cd3e50c41f7,43e4e40b-da34-4419-8bad-0c56eeb53527,
8/1/2024,15:30:46,Yaiko,,,,,foraging without tools. Focal end. ,RN,ct:a31304f7c3a74c3d0000000000000000,,,Save data,8/1/2024 8:31,8/1/2024 8:30,+07:00,2024042601,4e7f4333-3378-4fad-bbd0-5c1fa0017af7,102a94dd-bc99-4c4d-9660-82d41ef21522,
8/1/2024,15:15:51,Yaiko,,,,,stone-tool use. Focal start,RN,ct:a31304f7c3a74c3d0000000000000000,,,Save data,8/1/2024 8:31,8/1/2024 8:15,+07:00,2024042601,01ade3da-3ecc-40e6-bdad-f3804eec6e26,c2be71e4-7094-4266-bf1e-021467df1628,
8/1/2024,15:00:06,Yaiko,,,Black infant Lip,Granny Kaya,stone-tool use. Focal start,RN,ct:a31304f7c3a74c3d0000000000000000,,,Save data,8/1/2024 8:31,8/1/2024 8:00,+07:00,2024042601,fa4b11e7-ab73-4abf-8cf3-74d4540ff5fa,f5f78393-53fc-47d6-99b3-58578328e1bc,
8/1/2024,14:54:16,Santa,,,,Vulva,stone-tool use. Focal end,RN,ct:a31304f7c3a74c3d0000000000000000,,,Save data,8/1/2024 8:31,8/1/2024 7:54,+07:00,2024042601,f8ce7c8a-0a8b-457b-950a-88806ebad32d,66a8c538-e78b-4a98-bb60-c235b57b7d8a,
8/1/2024,14:38:34,Santa,,,Juvenile 2,Jim Lim,stone-tool use. Focal start,RN,ct:a31304f7c3a74c3d0000000000000000,,,Save data,8/1/2024 8:31,8/1/2024 7:38,+07:00,2024042601,8e5f0155-4676-4113-b33f-8c826c7efded,6af17d2f-a527-40da-9d9c-ac638244e614,
8/1/2024,14:36:10,Jim Lim,,,,,rest. Focal end,RN,ct:a31304f7c3a74c3d0000000000000000,,,Save data,8/1/2024 7:36,8/1/2024 7:36,+07:00,2024042601,5ad047dc-844c-4f17-9d22-916e0009e515,79f1e89f-8cd8-475b-8406-2fa1e4832e06,
8/1/2024,14:20:31,Jim Lim,,,,,rest. Focal start,RN,ct:a31304f7c3a74c3d0000000000000000,,,Save data,8/1/2024 7:36,8/1/2024 7:20,+07:00,2024042601,754dd402-527c-4407-93b5-fe0b2c89f3a0,a6a85748-9647-411b-9b8d-e20815436910,
8/1/2024,14:16:49,Granny,Black infant,Flame,,Juvenile 1 Juvenile 2,stone-tool use. Focal end,RN,ct:a31304f7c3a74c3d0000000000000000,,,Save data,8/1/2024 7:16,8/1/2024 7:16,+07:00,2024042601,dba0030d-9cf4-4e49-b983-44b09ec55dcf,957609ea-bb28-44dc-9328-dbc35a41c937,
8/1/2024,13:59:56,Granny,Black infant,,,Juvenile 2 Pat,stone-tool use. Focal start,RN,ct:a31304f7c3a74c3d0000000000000000,,,Save data,8/1/2024 7:16,8/1/2024 6:59,+07:00,2024042601,8207d291-3439-4409-996d-e912e2a3bb6b,47f8c774-602f-447c-a15b-24b75104cf52,
8/1/2024,13:56:47,Lip,,,,Aura,stone-tool use. Focal end,RN,ct:a31304f7c3a74c3d0000000000000000,,,Save data,8/1/2024 6:56,8/1/2024 6:56,+07:00,2024042601,56008136-2383-4ae5-94e6-5b3041e31ff4,96ea1306-3978-48f1-90dd-bb0ec04ac7d0,
8/1/2024,13:40:52,Lip,,Black infant Juvenile 1 Ted,,,stone-tool use. Focal start,RN,ct:a31304f7c3a74c3d0000000000000000,,,Save data,8/1/2024 6:56,8/1/2024 6:40,+07:00,2024042601,63a2cae6-b28a-4e44-bb42-d6cf19f0710e,48a584bc-a47f-4cd4-9527-dc84d3fff000,
8/1/2024,12:53:59,Lip,,Black infant,Juvenile 2,Robin Yaiko,stone-tool use. Focal start,RN,ct:a31304f7c3a74c3d0000000000000000,,,Save data,8/1/2024 6:56,8/1/2024 5:53,+07:00,2024042601,1574f7a3-b331-4e8e-9a56-1e4091f87d2c,24e99b93-3481-4a6b-89d8-70fa08914833,
8/1/2024,12:39:07,Oreo,,,,Kal,stone-tool use. Focal end ,RN,ct:a31304f7c3a74c3d0000000000000000,,,Save data,8/1/2024 5:39,8/1/2024 5:39,+07:00,2024042601,1ca2cfef-f7bd-4035-a409-b7e8955f1e6a,8dd5c6d8-1112-40a9-b134-631827b7517c,
8/1/2024,12:23:15,Oreo,,,Juvenile 1,Jim Lim,stone-tool use. Focal start,RN,ct:a31304f7c3a74c3d0000000000000000,,,Save data,8/1/2024 5:39,8/1/2024 5:23,+07:00,2024042601,170fd88c-7c6a-499e-920a-25e61a56c1ba,1b3465a0-2ec0-462c-bf18-42bfc78116a7,
8/1/2024,12:22:33,Taipan,Black infant Lip,,,,Contact. Focal end,RN,ct:a31304f7c3a74c3d0000000000000000,,,Save data,8/1/2024 5:39,8/1/2024 5:22,+07:00,2024042601,08a84228-d9a2-4201-8871-3350c7a52537,1d81e786-3ce5-489e-abbe-77cbd17ce0eb,
8/1/2024,12:06:45,Taipan,,,,Black infant Lip,stone-tool use. Focal start,RN,ct:a31304f7c3a74c3d0000000000000000,,,Save data,8/1/2024 5:39,8/1/2024 5:06,+07:00,2024042601,bbe50f6b-0865-4af9-879a-ac24d752c1b1,7b36d43b-fc12-42d1-9d7e-1deea7483386,
8/2/2024,9:09:12,Granny,,Black infant Old infant,Black infant Quindoline,,rest. Focal start,RN,ct:a31304f7c3a74c3d0000000000000000,,,Save data,8/2/2024 2:24,8/2/2024 2:09,+07:00,2024042601,37b804c6-1843-4f88-b99f-9411062c3c2f,a286972c-3e75-4048-beb7-4c521358d0fe,
8/2/2024,9:00:34,Dandi,,,Betina,Ali,move. Focal end,RN,ct:a31304f7c3a74c3d0000000000000000,,,Save data,8/2/2024 2:00,8/2/2024 2:00,+07:00,2024042601,36e87267-6f67-4a20-b017-7dcf21e781ef,591b22d8-7466-413a-8554-9e1ef601b0af,
8/2/2024,8:45:02,Dandi,,,,F_Subadult Betina,rest. Focal start,RN,ct:a31304f7c3a74c3d0000000000000000,,,Save data,8/2/2024 2:00,8/2/2024 1:45,+07:00,2024042601,c6478b55-2376-4807-bdac-607280fff6f4,47d9b876-0843-4e50-b258-05ec195ee68a,
8/2/2024,8:22:18,Aura,,,,Ted,foraging without tools. Focal start ,RN,ct:a31304f7c3a74c3d0000000000000000,,,Save data,8/2/2024 2:00,8/2/2024 1:22,+07:00,2024042601,7bfb162b-4140-4004-9936-1420590b9392,40c32af0-6c7f-47ea-bfb2-4e623a5f90e0,
8/2/2024,8:16:01,Vulva,,Babosa,Black infant Ted,,move. Focal end,RN,ct:a31304f7c3a74c3d0000000000000000,,,Save data,8/2/2024 1:16,8/2/2024 1:16,+07:00,2024042601,a929b1fb-5c12-4c25-b409-1f672507cc95,1b789737-82a2-4a16-9e2b-a4088ca412ed,
8/2/2024,8:00:10,Vulva,Black infant,Old infant,Aura,Juvenile 2,foraging without tools. Focal start,RN,ct:a31304f7c3a74c3d0000000000000000,,,Save data,8/2/2024 1:16,8/2/2024 1:00,+07:00,2024042601,54caf81e-5ae5-4dbb-84b1-48818b54e3ed,104b8793-924b-4775-918f-ede2e5464bc1,
8/6/2024,16:55:36,Santa,,,,,stone-tool use. Focal end ,RN,ct:a31304f7c3a74c3d0000000000000000,,,Save data,8/6/2024 9:55,8/6/2024 9:55,+07:00,2024042601,fe31ed0c-bacb-485f-a355-76fcbdcd6cad,326429a7-b6d8-4b2f-8e95-4055db84f446,
8/6/2024,16:39:40,Santa,,,,Oreo,stone-tool use. Focal start,RN,ct:a31304f7c3a74c3d0000000000000000,,,Save data,8/6/2024 9:55,8/6/2024 9:39,+07:00,2024042601,c0767775-b6b0-496c-b002-92b4c553081b,7010bb87-2725-48a7-95a0-b24b12cc3257,
8/6/2024,16:05:34,Cacao,,,Robin,Black infant Jim Lim Lip,stone-tool use. Focal start,RN,ct:a31304f7c3a74c3d0000000000000000,,,Save data,8/6/2024 9:55,8/6/2024 9:05,+07:00,2024042601,30475e65-4cc0-4f66-9453-23589d1e94f3,43a00c99-8851-413d-992a-7c7a286d64c5,
8/6/2024,15:53:56,Cacao,,Aura,,Juvenile 2,stone-tool use. Focal start,RN,ct:a31304f7c3a74c3d0000000000000000,,,Save data,8/6/2024 9:55,8/6/2024 8:53,+07:00,2024042601,56e16b15-f45d-4c76-a221-eb9bb48b9b8b,b619bfa9-43f9-4834-980b-65b9138eeab4,
8/6/2024,15:46:59,Granny,,Juvenile 1,Black infant,Pinky,stone-tool use. Focal end,RN,ct:a31304f7c3a74c3d0000000000000000,,,Save data,8/6/2024 8:47,8/6/2024 8:46,+07:00,2024042601,50f2bf59-3fea-4b7e-8a84-f35290972803,80cb6649-dbce-44cb-bd0f-8be018c99858,
8/6/2024,15:31:25,Granny,,Black infant,Juvenile 1,Pinky,stone-tool use. Focal start,RN,ct:a31304f7c3a74c3d0000000000000000,,,Save data,8/6/2024 8:47,8/6/2024 8:31,+07:00,2024042601,288179d9-3c3a-4faa-aff4-36bcce351d14,fe481f39-0bce-4ebe-970d-0c996fc8746e,
8/6/2024,15:30:14,Pinky,,,Juvenile 2,Pat,stone-tool use. Focal start,RN,ct:a31304f7c3a74c3d0000000000000000,,,Save data,8/6/2024 8:30,8/6/2024 8:30,+07:00,2024042601,49f7e3f5-b742-4ac7-970c-ac8d6043b081,8e0958bf-4c7a-4edb-8c73-69153a141ce3,
8/6/2024,15:14:33,Pinky,,,Iyla,,stone-tool use. Focal start,RN,ct:a31304f7c3a74c3d0000000000000000,,,Individuals,8/6/2024 8:30,8/6/2024 8:14,+07:00,2024042601,df42a081-d616-453b-a30c-a2089277a2a2,2cc74126-6d65-4169-8639-5153ca17c556,
8/6/2024,12:06:01,Vulva,,Black infant,,Ted,rest. Focal start,RN,ct:a31304f7c3a74c3d0000000000000000,,,Save data,8/6/2024 5:21,8/6/2024 5:06,+07:00,2024042601,5b910866-897c-49a6-afd6-6787f29bf9b6,9fe06a71-f206-49f2-afb2-cb0a4ec5b4f1,
8/6/2024,11:58:49,Lip,,,Juvenile 2 F_Subadult,Black infant Ted,foraging without tools. Focal end,RN,ct:a31304f7c3a74c3d0000000000000000,,,Save data,8/6/2024 4:58,8/6/2024 4:58,+07:00,2024042601,bb96d323-8b24-4e91-8cf3-9b5b5886ef07,00cff165-c9f5-4ada-958f-1de4333be00a,
8/6/2024,11:42:55,Lip,,,Kaya Yaiko,Black infant Juvenile 1 Ali,rest. Focal start,RN,ct:a31304f7c3a74c3d0000000000000000,,,Save data,8/6/2024 4:58,8/6/2024 4:42,+07:00,2024042601,da4d9dfd-089d-401c-a3fc-bd0af29b8e1a,7dcd1dd2-cf49-4e29-b768-cb420ad629b3,
8/6/2024,11:00:35,Betina,,,Juvenile 2,Dandi,move. Focal end,RN,ct:a31304f7c3a74c3d0000000000000000,,,Save data,8/6/2024 4:00,8/6/2024 4:00,+07:00,2024042601,cc4f5d18-cebb-4516-bcce-bbcec26984f3,208fbc20-b0fa-40c8-9ed1-b58fd97e496a,
8/6/2024,10:45:13,Betina,,,,,move. Focal start,RN,ct:a31304f7c3a74c3d0000000000000000,,,Save data,8/6/2024 4:00,8/6/2024 3:45,+07:00,2024042601,5993efb4-d117-4725-a8f7-82a0179c54eb,6080bc3d-bd33-4242-a21f-6d35337dd812,
8/6/2024,10:35:34,Oreo,,,,,foraging without tools. Focal end,RN,ct:a31304f7c3a74c3d0000000000000000,,,Individuals,8/6/2024 3:35,8/6/2024 3:35,+07:00,2024042601,9ce6eeef-3c91-4cea-91ad-264cf89a1875,e9cef2e0-4533-4b32-9e3c-1843e87606a6,
8/6/2024,10:20:03,Oreo,,,,,rest. Focal start,RN,ct:a31304f7c3a74c3d0000000000000000,,,Save data,8/6/2024 3:35,8/6/2024 3:20,+07:00,2024042601,f3422cf0-bfff-47d0-a5bd-1cca126af8f0,dfbe9801-6bf7-4870-aeab-c19fd6099257,
8/6/2024,10:12:19,Aura,,,,,rest. Focal start,RN,ct:a31304f7c3a74c3d0000000000000000,,,Save data,8/6/2024 3:35,8/6/2024 3:12,+07:00,2024042601,f5bdcbca-51d5-42ee-bb5e-8e1e302725f2,532a8043-49eb-4389-8490-1c15283b690e,
8/6/2024,8:47:34,Ted,,,,,rest. Focal end,RN,ct:a31304f7c3a74c3d0000000000000000,,,Save data,8/6/2024 1:47,8/6/2024 1:47,+07:00,2024042601,e4a407b1-2f93-409c-bcb9-5124fecd82e2,ebf0b92f-8140-4cc1-922b-34f141595a86,
8/6/2024,8:31:49,Ted,,Naina,Juvenile 1 Juvenile 2,Black infant Iyla Lip Quindoline,rest. Focal end,RN,ct:a31304f7c3a74c3d0000000000000000,,,Save data,8/6/2024 1:47,8/6/2024 1:31,+07:00,2024042601,209eb2fe-f5f6-4ae7-b980-a28cd1a1b4b5,e35d4c19-b304-42f6-9401-f09b4369c0e2,
8/6/2024,8:28:10,Robin,Harley,,,Babosa Legolas Ted,Groom. Focal end,RN,ct:a31304f7c3a74c3d0000000000000000,,,Save data,8/6/2024 1:28,8/6/2024 1:28,+07:00,2024042601,81e98ed7-03d7-4214-8daf-1b080f87acb6,61edf174-28bd-429e-873f-041b615b7db1,
8/6/2024,8:09:12,Robin,,,,,stone-tool use. Focal start,RN,ct:a31304f7c3a74c3d0000000000000000,,,Save data,8/6/2024 1:28,8/6/2024 1:09,+07:00,2024042601,db146336-e564-4114-b761-686fd7f9e3f9,ee6ade80-7445-4211-bd1b-0b6405ac1227,
8/6/2024,8:03:17,Yaiko,,,,,foraging without tools. Focal end ,RN,ct:a31304f7c3a74c3d0000000000000000,,,Save data,8/6/2024 1:28,8/6/2024 1:03,+07:00,2024042601,cdb057bb-7a48-4701-87af-b6c75c9f5d7d,1222ae7b-4c77-4e4b-aaa4-d713b5957082,
8/6/2024,7:47:44,Yaiko,,Juvenile 2,,,stone-tool use. Focal start,RN,ct:a31304f7c3a74c3d0000000000000000,,,Save data,8/6/2024 1:28,8/6/2024 0:47,+07:00,2024042601,3ca2f839-698f-447b-9ee6-bdd61bcf2247,68572405-7c3c-4fb8-aca4-9808fc51f460,
8/6/2024,7:43:40,Jim Lim,Juvenile 2,,,Mamosa,Groom. Focal end,RN,ct:a31304f7c3a74c3d0000000000000000,,,Save data,8/6/2024 0:43,8/6/2024 0:43,+07:00,2024042601,8353111a-8193-446d-a0b9-c3b7186bb5e6,521bfc10-d3b3-4c52-bd11-8638f9371b13,
8/6/2024,7:28:00,Jim Lim,,Juvenile 2,Tutu Yaiko,,stone-tool use. Focal start,RN,ct:a31304f7c3a74c3d0000000000000000,,,Save data,8/6/2024 0:43,8/6/2024 0:28,+07:00,2024042601,96978529-98e5-473e-8856-f97c0d61e37b,8aa1f51e-b068-4f86-ac67-f9028a591841,
8/6/2024,7:20:10,Harley,,,,,rest. Focal end,RN,ct:a31304f7c3a74c3d0000000000000000,,,Save data,8/6/2024 0:20,8/6/2024 0:20,+07:00,2024042601,14556a40-c62b-45d3-b222-ccc232b1882d,5f5129ee-55c3-492d-b0b5-2e78b844e5aa,
8/6/2024,7:03:50,Harley,,,Whitney,,stone-tool use. Focal start,RN,ct:a31304f7c3a74c3d0000000000000000,,,Save data,8/6/2024 0:20,8/6/2024 0:03,+07:00,2024042601,a24f1673-69b4-4611-8b14-79413deb321b,a0f90a64-6e98-4eeb-b1d2-7609b0b9ef5a,
8/6/2024,7:00:57,Flame,,,,Juvenile 2,move. Focal end,RN,ct:a31304f7c3a74c3d0000000000000000,,,Save data,8/6/2024 0:00,8/6/2024 0:00,+07:00,2024042601,fc62b016-50cc-41aa-be36-f21efed8b992,0983f0e1-c1b2-4b55-acba-e4ffedeedc2c,
8/6/2024,6:45:38,Flame,,,Juvenile 2 F_Subadult,Legolas,stone-tool use. Focal start,RN,ct:a31304f7c3a74c3d0000000000000000,,,Save data,8/6/2024 0:00,8/5/2024 23:45,+07:00,2024042601,bf23b9ba-27be-45fe-aa15-bd0efecebe4d,24e2783f-9f72-45df-b301-de948b6376a1,
8/6/2024,6:41:09,Granny,,Juvenile 1 F_Subadult,Lip,Jim Lim,stone-tool use. Focal start,RN,ct:a31304f7c3a74c3d0000000000000000,,,Save data,8/5/2024 23:43,8/5/2024 23:41,+07:00,2024042601,b5eb03d0-fdaf-4e99-a14d-e34d22adac91,076964c6-9e69-43b0-b93b-b907b115819a,
8/7/2024,17:12:26,Babosa,,,,,stone-tool use. Focal end,RN,ct:a31304f7c3a74c3d0000000000000000,,,Save data,8/7/2024 10:12,8/7/2024 10:12,+07:00,2024042601,f3e509a9-4430-40dd-9976-cdc2720a24cc,a315a347-ceb4-41cc-9406-92ac0d0ef51f,
8/7/2024,16:56:07,Babosa,,,,,stone-tool use. Focal start,RN,ct:a31304f7c3a74c3d0000000000000000,,,Save data,8/7/2024 10:12,8/7/2024 9:56,+07:00,2024042601,6e2893d6-d74f-4507-bb00-7e441ad2b5d3,53682deb-f0ef-4faa-a06b-9a4245483a52,
8/7/2024,16:48:05,Taipan,,,,,Going to Pig Island. Focal end,RN,ct:a31304f7c3a74c3d0000000000000000,,,Save data,8/7/2024 9:55,8/7/2024 9:48,+07:00,2024042601,39b0cd6d-2c24-4590-9c51-7715384e579f,1b84ed31-d143-4674-880e-7c4ceb2f3546,
8/7/2024,16:32:16,Taipan,,,,,stone-tool use. Focal start,RN,ct:a31304f7c3a74c3d0000000000000000,,,Save data,8/7/2024 9:55,8/7/2024 9:32,+07:00,2024042601,79ca5b14-d9e3-444d-a9d3-b54bbb3a8e5b,29e2cfc5-3f63-41d9-b397-9a0229d92ffd,
8/7/2024,16:22:04,Flame,Ted,Black infant,,Ali,Grooming. Focal end ,RN,ct:a31304f7c3a74c3d0000000000000000,,,Save data,8/7/2024 9:55,8/7/2024 9:22,+07:00,2024042601,38d37efe-2faa-4f32-91ab-9f82f6ae8a7d,01d93027-1959-4859-a87e-5f1fd2107c99,
8/7/2024,16:05:41,Flame,,,Cacao,,rest. Focal start,RN,ct:a31304f7c3a74c3d0000000000000000,,,Save data,8/7/2024 9:55,8/7/2024 9:05,+07:00,2024042601,a8e46708-2a12-4995-93ff-33c9d9e78046,86459568-d2ea-4ece-9c28-b88e8ab45d84,
8/7/2024,16:03:49,Cacao,,,Black infant Ali,,rest. Focal end,RN,ct:a31304f7c3a74c3d0000000000000000,,,Save data,8/7/2024 9:03,8/7/2024 9:03,+07:00,2024042601,3707b35f-3c9a-4ece-892c-4fbf45f387e2,8837f6cf-fd3b-4278-ad37-9b38f3847473,
8/7/2024,15:47:58,Cacao,,,Juvenile 1,,stone-tool use. Focal start,RN,ct:a31304f7c3a74c3d0000000000000000,,,Save data,8/7/2024 9:03,8/7/2024 8:47,+07:00,2024042601,3f1fa6f9-57d9-4a6f-8f77-d0ecfeb63337,a8b9b7ad-8fb1-4300-8c86-8942861070b0,
8/7/2024,13:06:52,Vulva,Black infant,,Black infant Juvenile 2 Granny,Black infant Quindoline,rest. Focal end,RN,ct:a31304f7c3a74c3d0000000000000000,,,Save data,8/7/2024 6:06,8/7/2024 6:06,+07:00,2024042601,71ff5be0-b45e-48de-8840-18fdc9b6ef1e,dfa1c43b-e7fc-4cfa-a94b-2a9514600faa,
8/7/2024,12:51:01,Vulva,Black infant,,Black infant Quindoline,Black infant Juvenile 1 Juvenile 2 Granny,rest. Focal start,RN,ct:a31304f7c3a74c3d0000000000000000,,,Save data,8/7/2024 6:06,8/7/2024 5:51,+07:00,2024042601,76972254-7b33-4267-933e-83caee31031e,7663c9d7-e309-469f-b5b7-c8a094bd8f0e,
8/7/2024,12:49:52,Quindoline,Black infant,,Black infant Vulva,,rest. Focal end,RN,ct:a31304f7c3a74c3d0000000000000000,,,Save data,8/7/2024 5:49,8/7/2024 5:49,+07:00,2024042601,d087bad5-85d2-447e-b804-dfcb69bb0b67,6e69b3ac-33fb-4e50-bb7d-c0a3898ff951,
8/7/2024,12:34:07,Quindoline,Black infant,,,Pat,rest. Focal start,RN,ct:a31304f7c3a74c3d0000000000000000,,,Save data,8/7/2024 5:49,8/7/2024 5:34,+07:00,2024042601,67715448-bee7-461d-87f3-0dcf9ebb2198,473ba9f8-3429-4882-a265-5852ae2cea83,
8/7/2024,9:48:12,Kaya,Harley,Juvenile 1,,,Contact. Focal end,RN,ct:a31304f7c3a74c3d0000000000000000,,,Save data,8/7/2024 2:48,8/7/2024 2:48,+07:00,2024042601,3fe33c24-09ac-408d-98d7-06fc1a869b38,25453326-cf0c-4313-a3d0-cf6ba48728ab,
8/7/2024,9:32:31,Kaya,Juvenile 1 Harley,,,,Grooming. Focal start,RN,ct:a31304f7c3a74c3d0000000000000000,,,Save data,8/7/2024 2:48,8/7/2024 2:32,+07:00,2024042601,7b0db8da-ff92-4778-b42c-e90cadb4ef8e,fd6a2dce-69a1-41d8-8eeb-bda592865648,
8/7/2024,9:25:16,Legolas,,,,,move. Focal end,RN,ct:a31304f7c3a74c3d0000000000000000,,,Save data,8/7/2024 2:25,8/7/2024 2:25,+07:00,2024042601,91d20053-0d19-4d1f-a779-d0f017cc9233,0029d79a-3562-49ea-964e-7479ead4c118,
8/7/2024,9:09:48,Legolas,,,,,foraging without tools. Focal start,RN,ct:a31304f7c3a74c3d0000000000000000,,,Save data,8/7/2024 2:25,8/7/2024 2:09,+07:00,2024042601,c94f9975-477b-4c1a-be83-2e5971ae8f46,8efa3fc4-b567-43e2-bd0b-8d95659e510d,
8/7/2024,8:54:17,Pat,Jim Lim,Naina,,,rest. Focal end,RN,ct:a31304f7c3a74c3d0000000000000000,,,Save data,8/7/2024 1:54,8/7/2024 1:54,+07:00,2024042601,2215a7e4-60cd-4c34-898e-4610a52f17d7,6b4d235d-d553-4ae2-bc34-a34ac5e869ab,
8/7/2024,8:38:03,Pat,,,,,foraging without tools. Focal start,RN,ct:a31304f7c3a74c3d0000000000000000,,,Save data,8/7/2024 1:54,8/7/2024 1:38,+07:00,2024042601,7a319b5b-73d7-418d-93ea-a3402620becd,b07bd91d-29d0-46eb-ad91-ea0b3d5f47a8,
8/7/2024,8:17:15,Robin,,,,Harley,rest. Focal end ,RN,ct:a31304f7c3a74c3d0000000000000000,,,Save data,8/7/2024 1:54,8/7/2024 1:17,+07:00,2024042601,ef8c11f3-6843-431d-9793-82ba90fae146,a614e1af-e373-4f78-a670-88c08751bf62,
8/7/2024,8:01:06,Robin,,,Harley,Whitney,stone-tool use. Focal start,RN,ct:a31304f7c3a74c3d0000000000000000,,,Save data,8/7/2024 1:54,8/7/2024 1:01,+07:00,2024042601,69b01ee7-a9fd-4d24-9335-e847fa38f758,16ede9be-a5c0-46cc-91d9-7d5b1d4dd06d,
8/7/2024,7:49:20,Naina,Belanda,Juvenile 1,,,Groom. Focal end,RN,ct:a31304f7c3a74c3d0000000000000000,,,Save data,8/7/2024 0:49,8/7/2024 0:49,+07:00,2024042601,380c5490-013e-4969-b564-477c5eab2a19,f4f19c65-8d6c-4b1d-8595-6432d4ab886c,
8/7/2024,7:33:27,Naina,,,,,stone-tool use. Focal start,RN,ct:a31304f7c3a74c3d0000000000000000,,,Save data,8/7/2024 0:49,8/7/2024 0:33,+07:00,2024042601,e3a7319e-5863-41bf-9e5c-dab99d4e9ea6,0110128d-02e1-4a66-ac1f-caf4413a3a67,
8/7/2024,7:30:39,Babosa,,,,,stone-tool use. Focal start,RN,ct:a31304f7c3a74c3d0000000000000000,,,Save data,8/7/2024 0:49,8/7/2024 0:30,+07:00,2024042601,414fce02-1891-41ec-90dd-2849284baecb,0fcdbebd-a7e4-400b-b509-1dc7ba0f403d,
8/10/2024,18:05:15,Iyla,,,F_Subadult,,stone-tool use. Focal end,RN,ct:a31304f7c3a74c3d0000000000000000,,,Save data,8/10/2024 11:05,8/10/2024 11:05,+07:00,2024042601,1c7615b7-0380-4883-9776-40cf55500c10,bf689fd9-6338-4311-96c9-f828a164de58,
8/10/2024,17:49:47,Iyla,,Juvenile 1,,,stone-tool use. Focal start,RN,ct:a31304f7c3a74c3d0000000000000000,,,Save data,8/10/2024 11:05,8/10/2024 10:49,+07:00,2024042601,256005c0-ad75-4c68-8d31-e732dac72baf,dcf2f08d-e81e-445c-acc3-b41d764d2630,
8/10/2024,17:46:54,Naina,Ted,,,Black infant,Grooming. Focal end,RN,ct:a31304f7c3a74c3d0000000000000000,,,Save data,8/10/2024 10:46,8/10/2024 10:46,+07:00,2024042601,648b065a-2f9a-496f-8ca2-f003129b0df1,b92c1736-16d2-485f-af50-ba4a9c5e2eb6,
8/10/2024,17:31:15,Naina,,,,,stone-tool use. Focal start,RN,ct:a31304f7c3a74c3d0000000000000000,,,Save data,8/10/2024 10:46,8/10/2024 10:31,+07:00,2024042601,8fbb04f4-2679-408b-839e-3786342d7063,4086d5bb-26f7-4c25-83ad-677af7e58a05,
8/10/2024,17:26:58,Aura,,Kaya,,Juvenile 1 Juvenile 2,stone-tool use. Focal end,RN,ct:a31304f7c3a74c3d0000000000000000,,,Save data,8/10/2024 10:27,8/10/2024 10:26,+07:00,2024042601,c1e22491-549f-4f3d-9bc0-d777154c3199,8db25217-7bb0-43a9-a036-c3d668884e3f,
8/10/2024,17:11:23,Aura,,,,,stone-tool use. Focal start,RN,ct:a31304f7c3a74c3d0000000000000000,,,Save data,8/10/2024 10:27,8/10/2024 10:11,+07:00,2024042601,8f34366e-addf-4e25-a81f-4bc6387a088d,6a2b3cf9-24c3-4c06-9cf2-fb0c7bb337bc,
8/10/2024,16:29:37,Granny,Black infant,,,Juvenile 1 Juvenile 2,rest. Focal end,RN,ct:a31304f7c3a74c3d0000000000000000,,,Save data,8/10/2024 10:10,8/10/2024 9:29,+07:00,2024042601,337a9882-75a4-4099-8c2f-8dc051d7dbce,d2ac890e-9a22-4869-96f8-1e3f174845f8,
8/10/2024,16:11:55,Granny,,Black infant,Juvenile 2 Babosa Ted,Jim Lim,rest. Focal start,RN,ct:a31304f7c3a74c3d0000000000000000,,,Save data,8/10/2024 10:10,8/10/2024 9:11,+07:00,2024042601,8e9c22db-26fc-4e96-81d8-808944f25ef7,7183ffd1-db44-4b73-b5d6-86da904f1c34,
8/10/2024,15:07:33,Kaya,,Juvenile 1 Harley,,,rest. Focal end,RN,ct:a31304f7c3a74c3d0000000000000000,,,Save data,8/10/2024 8:07,8/10/2024 8:07,+07:00,2024042601,fee7e201-bb9d-48c6-804c-aa7e1e9d9204,5a83b49a-5d45-4012-bf68-2bf2b7f67644,
8/10/2024,14:51:56,Kaya,,Juvenile 1 Juvenile 2,F_Subadult,Black infant Quindoline Taipan,rest. Focal start,RN,ct:a31304f7c3a74c3d0000000000000000,,,Save data,8/10/2024 8:07,8/10/2024 7:51,+07:00,2024042601,90d7346f-5529-4f68-9fe8-8d289f338593,db04b4f6-e88d-4f7a-8aee-64208f5be9b5,
8/10/2024,13:43:12,Kal,Naina,,Ali,Black infant Granny,Grooming. Focal end,RN,ct:a31304f7c3a74c3d0000000000000000,,,Save data,8/10/2024 6:43,8/10/2024 6:43,+07:00,2024042601,61334296-b585-44ee-8f8c-2fb77c56c001,77a5acde-c264-4b6e-9670-590aa1461697,
8/10/2024,13:27:08,Kal,,,,,move. Focal start,RN,ct:a31304f7c3a74c3d0000000000000000,,,Save data,8/10/2024 6:43,8/10/2024 6:27,+07:00,2024042601,b67a3a8b-774d-4ce1-b80c-8ccc26f9f1e9,d6cdaa57-9817-475b-bbe2-dcf9a04d86ed,
8/10/2024,13:03:31,Robin,,,,,move. Focal start,RN,ct:a31304f7c3a74c3d0000000000000000,,,Save data,8/10/2024 6:43,8/10/2024 6:03,+07:00,2024042601,bd7579b0-fea8-4761-bb15-921832366419,43caaf9c-a668-4b43-8429-7302da9b5c04,
8/10/2024,12:50:50,Taipan,,,,,foraging without tools. Focal end ,RN,ct:a31304f7c3a74c3d0000000000000000,,,Save data,8/10/2024 5:51,8/10/2024 5:50,+07:00,2024042601,5c2dfe71-9148-4a05-a049-675d419cb48e,708fa7c3-d1fb-4c35-88cc-00af8e25c320,
8/10/2024,12:34:52,Taipan,,,,Juvenile 2,rest. Focal start,RN,ct:a31304f7c3a74c3d0000000000000000,,,Save data,8/10/2024 5:51,8/10/2024 5:34,+07:00,2024042601,c18e36c9-e014-4054-92a0-3e9405bba559,2f01e49b-8984-4574-b1fb-6af38b7e77e6,
8/10/2024,11:53:07,Pat,,,,,foraging without tools. Focal end,RN,ct:a31304f7c3a74c3d0000000000000000,,,Save data,8/10/2024 4:53,8/10/2024 4:53,+07:00,2024042601,9588c336-2074-441f-be9c-8d7504d31db8,7e81c0c2-3c90-402b-96b3-37995645c5a5,
8/10/2024,11:37:10,Pat,Robin,,,,Grooming. Focal start,RN,ct:a31304f7c3a74c3d0000000000000000,,,Save data,8/10/2024 4:53,8/10/2024 4:37,+07:00,2024042601,63757ef5-a50c-4c94-8694-47394494f09a,1b02d85f-951a-4261-b513-63c770a5a255,
8/10/2024,11:36:05,Harley,,,,,Resr. Focal end,RN,ct:a31304f7c3a74c3d0000000000000000,,,Save data,8/10/2024 4:36,8/10/2024 4:36,+07:00,2024042601,00918c58-21e0-4e80-bec0-5cf7cda864be,ba7f35da-179f-47c2-a7f3-0172757d4ee2,
8/10/2024,11:20:44,Harley,Juvenile 1,,,Jim Lim,Grooming. Focal start,RN,ct:a31304f7c3a74c3d0000000000000000,,,Save data,8/10/2024 4:36,8/10/2024 4:20,+07:00,2024042601,bfe1afa2-26a3-447c-ab67-8e7e46492d5a,64f3d8c7-f92e-4a09-bf06-f652f7259303,
8/10/2024,11:17:11,Santa,,,Black infant Iyla Oreo Quindoline,Kaya,rest. Focal end,RN,ct:a31304f7c3a74c3d0000000000000000,,,Save data,8/10/2024 4:17,8/10/2024 4:17,+07:00,2024042601,c1712073-b1e4-4994-a513-30b575131aa3,dc3397c8-ad81-4520-bfae-041188f695cc,
8/10/2024,11:01:30,Santa,,,,,rest. Focal start,RN,ct:a31304f7c3a74c3d0000000000000000,,,Save data,8/10/2024 4:17,8/10/2024 4:01,+07:00,2024042601,68f0e924-5031-457f-9c98-15904d40f155,f146e3f7-de26-44ca-8165-1190358479d3,
8/10/2024,10:58:22,Quindoline,,Black infant,Iyla,Oreo,stone-tool use. Focal end,RN,ct:a31304f7c3a74c3d0000000000000000,,,Save data,8/10/2024 3:58,8/10/2024 3:58,+07:00,2024042601,443fc6fc-21ba-4a4e-b02b-3f61a90a4cc9,039d06b1-7769-4e89-9fac-2312fcd92588,
8/10/2024,10:40:47,Quindoline,,Juvenile 1,,,stone-tool use. Focal start,RN,ct:a31304f7c3a74c3d0000000000000000,,,Save data,8/10/2024 3:58,8/10/2024 3:40,+07:00,2024042601,a1cafaa2-c9b5-41ae-9b27-7389341a6de1,8ae5a6f6-6505-4208-a50f-17ffd2d114a5,
8/10/2024,10:33:23,Lip,,,,Juvenile 2,foraging without tools. Focal end.,RN,ct:a31304f7c3a74c3d0000000000000000,,,Save data,8/10/2024 3:33,8/10/2024 3:33,+07:00,2024042601,ed896a5e-89f1-48c5-bfa7-e5f1289017ba,0e0de1aa-7ca1-4939-b9d4-9a369661771a,
8/10/2024,10:17:36,Lip,,,Black infant,Black infant Pat Vula,foraging without tools. Focal start,RN,ct:a31304f7c3a74c3d0000000000000000,,,Save data,8/10/2024 3:33,8/10/2024 3:17,+07:00,2024042601,38e6bc26-1bdf-4929-b7fd-e356904ce007,f32df17d-0053-457e-842a-510c18a72de9,
8/10/2024,8:52:18,Betina,,,Juvenile 2,Black infant Jim Lim Vula,Travel. Focal end,RN,ct:a31304f7c3a74c3d0000000000000000,,,Save data,8/10/2024 1:52,8/10/2024 1:52,+07:00,2024042601,54cdf7f7-67df-4ca4-ad97-873200934092,85dea648-1bb8-4724-9858-72c7e48ce6b5,
8/10/2024,8:36:27,Betina,,,,,stone-tool use. Focal start,RN,ct:a31304f7c3a74c3d0000000000000000,,,Save data,8/10/2024 1:36,8/10/2024 1:36,+07:00,2024042601,65760039-ab97-4e29-b564-5787084d2a11,6f3851d7-b6ea-4920-b644-c335cf9ddd0e,
8/10/2024,8:33:26,Cacao,,,,Juvenile 2 F_Subadult,stone-tool use. Focal end,RN,ct:a31304f7c3a74c3d0000000000000000,,,Save data,8/10/2024 1:33,8/10/2024 1:33,+07:00,2024042601,43996b3f-b6bc-4b29-b186-4b3f328e2495,aeae1603-46fd-42cc-9be2-bd0d09d16715,
8/10/2024,8:17:44,Cacao,,,Juvenile 2,,stone-tool use. Focal start,RN,ct:a31304f7c3a74c3d0000000000000000,,,Save data,8/10/2024 1:33,8/10/2024 1:17,+07:00,2024042601,ace670bd-bacf-449b-812f-d1e8ac4e8e69,dae48a1d-3910-4406-bee9-ca2a4982038d,
8/10/2024,8:16:20,Vula,,,Jim Lim,Quindoline,stone-tool use. Focal end,RN,ct:a31304f7c3a74c3d0000000000000000,,,Save data,8/10/2024 1:16,8/10/2024 1:16,+07:00,2024042601,e8c4715e-afa0-4e8f-9512-90fd81696d7f,cf438d3b-3aa6-4e69-bd8c-dc1330ca8c88,
8/10/2024,8:00:41,Vula,,,,,stone-tool use. Focal start,RN,ct:a31304f7c3a74c3d0000000000000000,,,Save data,8/10/2024 1:16,8/10/2024 1:00,+07:00,2024042601,d4a5d089-23f3-45fb-8c0a-12884864640c,321470e2-f076-4eeb-8c05-520ae130cebb,
8/10/2024,7:59:21,Yaiko,,,,,stone-tool use. Focal end ,RN,ct:a31304f7c3a74c3d0000000000000000,,,Save data,8/10/2024 0:59,8/10/2024 0:59,+07:00,2024042601,16893465-c92c-45ea-8391-afe2c0a92949,a3ea437b-4791-438a-b2ae-5dfbf9421758,
8/10/2024,7:41:14,Yaiko,,,,F_Subadult Robin,stone-tool use. Focal start,RN,ct:a31304f7c3a74c3d0000000000000000,,,Save data,8/10/2024 0:41,8/10/2024 0:41,+07:00,2024042601,3cec025d-8260-4c0a-b746-012926a7db4e,6fdb1a70-8b11-4440-84a7-5bbd44a90092,
8/10/2024,7:39:00,Jim Lim,,,,,foraging without tools. Focal end ,RN,ct:a31304f7c3a74c3d0000000000000000,,,Save data,8/10/2024 0:39,8/10/2024 0:39,+07:00,2024042601,f17ce787-64b5-48d9-9877-386d6025f766,c351c129-c4a1-48f1-90d7-d7cb035c5a95,
8/10/2024,7:23:01,Jim Lim,,,Juvenile 2,,foraging without tools. Focal end ,RN,ct:a31304f7c3a74c3d0000000000000000,,,Save data,8/10/2024 0:39,8/10/2024 0:23,+07:00,2024042601,72d7ac40-37bf-414b-8c03-7fa4ed2fdd41,e5d49182-624a-4f55-8622-d2dc5e414cea,
8/10/2024,7:20:51,Pinky,,,Jim Lim,Granny,rest. Focal end,RN,ct:a31304f7c3a74c3d0000000000000000,,,Save data,8/10/2024 0:20,8/10/2024 0:20,+07:00,2024042601,34eaddd4-9d7e-4941-bb70-2792efafd109,0934227c-9dea-4c9c-9911-fc5ac9d5d9de,
8/10/2024,7:05:03,Pinky,,,Juvenile 2,Lady Boy,stone-tool use. Focal start,RN,ct:a31304f7c3a74c3d0000000000000000,,,Save data,8/10/2024 0:05,8/10/2024 0:05,+07:00,2024042601,fe30c8f5-267a-446f-8613-c9ba6c3be7f1,ed7e7937-32f4-4fc9-b35b-08c93d52f12d,
8/11/2024,10:03:09,Flame,,,,,rest. Focal end,RN,ct:a31304f7c3a74c3d0000000000000000,,,Save data,8/11/2024 3:03,8/11/2024 3:03,+07:00,2024042601,a198ef99-5b48-4971-941d-5882bebcfcde,e9dcc9b9-4137-4745-804a-47645d13c5bf,
8/11/2024,9:47:27,Flame,,Ali,,Black infant Juvenile 1 Vula,stone-tool use. Focal start ,RN,ct:a31304f7c3a74c3d0000000000000000,,,Save data,8/11/2024 3:03,8/11/2024 2:47,+07:00,2024042601,e944cc1b-d71b-49e9-8e72-fd42f913c0cd,78f12efc-883e-4b92-8ea9-3c4fc78c9a5e,
8/11/2024,9:43:35,Oreo,,,,,stone-tool use. Focal end,RN,ct:a31304f7c3a74c3d0000000000000000,,,Save data,8/11/2024 2:43,8/11/2024 2:43,+07:00,2024042601,9655e5c0-f09e-4edb-a6f6-27d38db4ea76,79210d9b-b479-46e8-ae23-3769afb52363,
8/11/2024,9:27:47,Oreo,,,,,Travel. Focal start,RN,ct:a31304f7c3a74c3d0000000000000000,,,Save data,8/11/2024 2:43,8/11/2024 2:27,+07:00,2024042601,98d9f26b-5c00-4f5b-84dd-2198244f1b03,33f83fd8-8ab3-4ee0-b267-3bb96a5990da,
8/11/2024,9:26:30,Whitney,,,,Iyla,rest. Focal end,RN,ct:a31304f7c3a74c3d0000000000000000,,,Save data,8/11/2024 2:26,8/11/2024 2:26,+07:00,2024042601,59572bd8-f7bb-47b2-b0c4-c38035474fe8,bee8d92b-da9d-48e5-ab50-316ce9a9d7d4,
8/11/2024,9:10:49,Whitney,,,Kaya Yaiko,,stone-tool use. Focla start,RN,ct:a31304f7c3a74c3d0000000000000000,,,Save data,8/11/2024 2:26,8/11/2024 2:10,+07:00,2024042601,03ec66e9-dac0-4010-8481-1d3dbe4e5d5a,9bd8658f-0bf1-4aaf-b368-b64cee8a23e0,
8/11/2024,8:46:41,Dandi,,,,,stone-tool use. Focal e d,RN,ct:a31304f7c3a74c3d0000000000000000,,,Save data,8/11/2024 1:46,8/11/2024 1:46,+07:00,2024042601,d2cc3d95-0a3c-4ed0-9a7f-0562169560ca,ef24a837-0fc4-4c15-a69f-50d8d6857e05,
8/11/2024,8:30:53,Dandi,,,,,stone-tool use. Focal start ,RN,ct:a31304f7c3a74c3d0000000000000000,,,Save data,8/11/2024 1:46,8/11/2024 1:30,+07:00,2024042601,4e5ef2cf-592f-4c6b-9ea1-31dbe68cf69c,ea26e897-d969-4f20-9266-cd815a057725,
8/11/2024,8:23:37,Robin,,Juvenile 2,,,rest. Focal end ,RN,ct:a31304f7c3a74c3d0000000000000000,,,Save data,8/11/2024 1:23,8/11/2024 1:23,+07:00,2024042601,612638ea-72df-496f-b6ea-1487dfcfb65f,d1500785-933a-4c67-8f25-e545a42fb9ce,
8/11/2024,8:07:53,Robin,,,,,stone-tool use. Focal start,RN,ct:a31304f7c3a74c3d0000000000000000,,,Save data,8/11/2024 1:23,8/11/2024 1:07,+07:00,2024042601,be568942-41cf-478a-810b-920f67df264a,5f585803-7265-4613-830d-d67d5919ffab,
8/12/2024,16:06:43,Quindoline,Black infant,,,Kaya,rest. Focal end,RN,ct:a31304f7c3a74c3d0000000000000000,,,Save data,8/12/2024 9:06,8/12/2024 9:06,+07:00,2024042601,01aca1c5-6daa-458a-88e6-618645db635b,2a89ce32-dfa8-409f-896d-1c85f5853740,
8/12/2024,15:51:00,Quindoline,Black infant,Black infant Lip,Juvenile 2 Jim Lim,,rest. Focal start,RN,ct:a31304f7c3a74c3d0000000000000000,,,Save data,8/12/2024 9:06,8/12/2024 8:51,+07:00,2024042601,a5c93ce3-8e53-4c51-b07a-cdbd3b0d7879,3f977a32-4a5b-4a69-a178-93cb5a9e2281,
8/12/2024,15:12:03,Aura,,,,Ted,rest. Focal end,RN,ct:a31304f7c3a74c3d0000000000000000,,,Save data,8/12/2024 8:12,8/12/2024 8:12,+07:00,2024042601,76f24f86-e3e9-42a5-b9c5-aa178014347c,2108eeb6-c864-4607-82bb-9691b2961571,
8/12/2024,14:56:33,Aura,,,,Kaya,rest. Focal start,RN,ct:a31304f7c3a74c3d0000000000000000,,,Save data,8/12/2024 8:12,8/12/2024 7:56,+07:00,2024042601,71fc6532-17f8-48cc-9cfc-e773afaf9929,054aa99c-12f2-41eb-97d8-48f809261f32,
8/12/2024,14:40:53,Iyla,,,,,rest. Focal end,RN,ct:a31304f7c3a74c3d0000000000000000,,,Save data,8/12/2024 7:40,8/12/2024 7:40,+07:00,2024042601,991f972d-8a06-4087-83f3-707b890dac13,532f86c3-c93a-48bf-91a7-83edf8218388,
8/12/2024,14:25:09,Iyla,Juvenile 1,Black infant Vula,Juvenile 1,Black infant Ted Quindoline,Grooming. Focal syart,RN,ct:a31304f7c3a74c3d0000000000000000,,,Save data,8/12/2024 7:40,8/12/2024 7:25,+07:00,2024042601,1c1d057a-e9b2-4793-8e4c-64b09f546fc5,eb6460ff-1d0e-4b2a-aafc-9f5ae68be312,
8/12/2024,14:22:39,Naina,,Juvenile 1 Belanda,Juvenile 1 Jim Lim,Ali Harley,foraging without tools. Focal end,RN,ct:a31304f7c3a74c3d0000000000000000,,,Save data,8/12/2024 7:22,8/12/2024 7:22,+07:00,2024042601,c1e21ade-f5c3-411c-af62-f6dca82e4cd7,b6558a7d-ae40-4190-89b5-302a2197f327,
8/12/2024,14:06:48,Naina,Juvenile 1,,Harley,Ali Belanda Jim Lim,Grooming. Focal start,RN,ct:a31304f7c3a74c3d0000000000000000,,,Save data,8/12/2024 7:22,8/12/2024 7:06,+07:00,2024042601,bf2a5f16-ecad-4ebc-87d4-97344e8fd023,7110e4a7-b2da-4301-a02d-4e73ffe74307,
8/12/2024,11:55:19,Taipan,Granny,Black infant,,,Grooming. Focal end,RN,ct:a31304f7c3a74c3d0000000000000000,,,Save data,8/12/2024 4:55,8/12/2024 4:55,+07:00,2024042601,d709652f-ea0f-49b2-ba59-9b3d8e73a513,cca8b5d7-94a6-48de-889f-56097fd43f07,
8/12/2024,11:38:52,Taipan,,Black infant Juvenile 1,,,rest. Focal start,RN,ct:a31304f7c3a74c3d0000000000000000,,,Save data,8/12/2024 4:55,8/12/2024 4:38,+07:00,2024042601,8a0f58cc-6e0b-47be-9fe5-ef0b86b7fd87,7b4abd54-3e7a-48b8-9e81-ad0477291655,
8/12/2024,10:33:08,Lip,,,,,move. Focal end,RN,ct:a31304f7c3a74c3d0000000000000000,,,Save data,8/12/2024 3:33,8/12/2024 3:33,+07:00,2024042601,912ad42f-f74c-47ad-853c-f56f6e8e4aa8,7bbed1c6-074d-4960-bfad-f0ec0dc07f1a,
8/12/2024,10:17:35,Lip,,,Taipan,,stone-tool use. Focal start,RN,ct:a31304f7c3a74c3d0000000000000000,,,Save data,8/12/2024 3:33,8/12/2024 3:17,+07:00,2024042601,ecef83b2-3308-4d1c-a881-f1a7052e5a22,14211acc-56fb-4601-b7ce-e5f8b1343aad,
8/12/2024,9:23:58,Kaya,,,,,foraging without tools. Focal end,RN,ct:a31304f7c3a74c3d0000000000000000,,,Save data,8/12/2024 2:24,8/12/2024 2:23,+07:00,2024042601,4c7c358a-ad9e-4576-a313-fe03cc204710,0ad2e23f-47fc-4ade-9073-16809f2c982d,
8/12/2024,9:08:15,Kaya,,,Pat Naina,Juvenile 2 Jim Lim,rest. Focal start,RN,ct:a31304f7c3a74c3d0000000000000000,,,Save data,8/12/2024 2:24,8/12/2024 2:08,+07:00,2024042601,c2c5417e-33b9-4948-b94c-b6995b36e75a,8c859d13-1e13-49f4-9790-ca88df296cd2,
8/12/2024,8:49:08,Vula,,,,,stone-tool use. Focal end,RN,ct:a31304f7c3a74c3d0000000000000000,,,Save data,8/12/2024 1:49,8/12/2024 1:49,+07:00,2024042601,bb41725a-4cc3-4e69-87d6-2873df5058e9,a81481a3-7446-41cd-8f97-0515615147af,
8/12/2024,8:33:21,Vula,,,,,stone-tool use. Focal start,RN,ct:a31304f7c3a74c3d0000000000000000,,,Save data,8/12/2024 1:49,8/12/2024 1:33,+07:00,2024042601,71fcbbee-00c2-4e0b-a220-e56e060e1061,94dc4826-41ab-4596-9296-61cad1b1770e,
8/12/2024,8:31:44,Cacao,,,Robin,Ted,rest. Focal end,RN,ct:a31304f7c3a74c3d0000000000000000,,,Save data,8/12/2024 1:31,8/12/2024 1:31,+07:00,2024042601,f268cca8-e814-49ee-9cef-6efcdfade7d8,dd2b436b-de2a-4f27-82ed-8be078bb68cd,
8/12/2024,8:15:56,Cacao,,,Juvenile 2 Whitney,,stone-tool use. Focal start,RN,ct:a31304f7c3a74c3d0000000000000000,,,Save data,8/12/2024 1:31,8/12/2024 1:15,+07:00,2024042601,6fc37c07-c649-4960-a79f-5a6222475e20,120610db-2725-4a90-9ff1-bad0b8e8b4d3,
8/12/2024,8:04:37,Jim Lim,,,,,foraging without tools. Focal end ,RN,ct:a31304f7c3a74c3d0000000000000000,,,Save data,8/12/2024 1:04,8/12/2024 1:04,+07:00,2024042601,1a283647-d668-4112-9fd3-94d008618ea9,27c8c7d6-ad2f-4190-bfc2-7d97ce241bd1,
8/12/2024,7:48:34,Jim Lim,,,,Juvenile 2 Cacao Whitney,stone-tool use. Focal start,RN,ct:a31304f7c3a74c3d0000000000000000,,,Save data,8/12/2024 1:04,8/12/2024 0:48,+07:00,2024042601,b32c3012-09fc-478b-b1d9-0614c41271c4,38ed5db8-f8c8-4912-afe8-469c44196daf,
8/12/2024,7:40:50,Granny,Black infant,,,Black infant,rest. Focal end,RN,ct:a31304f7c3a74c3d0000000000000000,,,Save data,8/12/2024 0:40,8/12/2024 0:40,+07:00,2024042601,e722fcbf-b4f4-49b9-b21d-ba1be551ca31,810d1920-8843-44e7-a474-cf52e0906125,
8/12/2024,7:25:12,Granny,,Black infant,Black infant,,stone-tool use. Focal start,RN,ct:a31304f7c3a74c3d0000000000000000,,,Save data,8/12/2024 0:40,8/12/2024 0:25,+07:00,2024042601,a2e4cf0a-d058-4c81-bd59-8dc9d25ba1d7,11ce18ab-cbd0-4e09-8cdf-60fefc2c6fc0,
8/12/2024,7:19:41,Pinky,,,,,stone-tool use. Focal end ,RN,ct:a31304f7c3a74c3d0000000000000000,,,Save data,8/12/2024 0:19,8/12/2024 0:19,+07:00,2024042601,a62bfb57-3e62-463c-a631-e9b0c75ce29f,f34b444d-87c3-478c-bb40-879eeaf52d09,
8/12/2024,7:04:13,Pinky,,,Juvenile 2,Juvenile 2 Lip,stone-tool use. Focal start,RN,ct:a31304f7c3a74c3d0000000000000000,,,Save data,8/12/2024 0:19,8/12/2024 0:04,+07:00,2024042601,f2324f7d-b792-4e26-89f8-86576c039f7b,9f700800-ac4b-4698-b1ec-0287be34bcca,
8/13/2024,9:35:15,Naina,,,,,foraging without tools. Focal end,RN,ct:a31304f7c3a74c3d0000000000000000,,,Save data,8/13/2024 2:35,8/13/2024 2:35,+07:00,2024042601,67d5feef-d5dd-4db1-a5b8-528d1b008573,7ed10525-acd2-41a1-accd-2623a161a1ca,
8/13/2024,9:19:41,Naina,Juvenile 1,,,,Grooming. Focal start,RN,ct:a31304f7c3a74c3d0000000000000000,,,Save data,8/13/2024 2:35,8/13/2024 2:19,+07:00,2024042601,ccdacfac-fd07-4e8a-9c7c-3cb01b2a96ab,e033104e-7baf-48ed-be9e-6fdbf4ccb3e2,
8/13/2024,8:56:27,Yaiko,,,,,move. Focal endd,RN,ct:a31304f7c3a74c3d0000000000000000,,,Save data,8/13/2024 1:56,8/13/2024 1:56,+07:00,2024042601,4c2805f8-ab11-49f5-a719-9325359744fb,08892cd7-d2e8-4ac1-8170-39ab63d29bfd,
8/13/2024,8:41:09,Yaiko,,,,Harley Whitney,stone-tool use. Focal start,RN,ct:a31304f7c3a74c3d0000000000000000,,,Save data,8/13/2024 1:41,8/13/2024 1:41,+07:00,2024042601,b6f095b6-4f60-423f-83f3-64492d933605,957472ce-44d3-4a7b-9de2-c5b17a88c4e7,
8/13/2024,8:39:18,Whitney,,,Juvenile 2,Harley,stone-tool use. Focal end,RN,ct:a31304f7c3a74c3d0000000000000000,,,Save data,8/13/2024 1:41,8/13/2024 1:39,+07:00,2024042601,608ebc0d-5ce5-4ec9-91a4-1cafd695aafd,114e03d8-d2c3-473b-9bd5-faa362193a53,
8/13/2024,8:23:46,Whitney,,,F_Subadult,,stone-tool use. Focal start,RN,ct:a31304f7c3a74c3d0000000000000000,,,Save data,8/13/2024 1:41,8/13/2024 1:23,+07:00,2024042601,bb070dd5-658a-41ac-b35e-103e30cd95a1,db7a153c-0eb4-4d7e-b1c6-f66e4566c93e,
8/15/2024,15:40:21,Granny,,,,,foraging without tools. Focal end,RN,ct:a31304f7c3a74c3d0000000000000000,,,Save data,8/15/2024 8:40,8/15/2024 8:40,+07:00,2024042601,d23fc087-0463-4049-9274-31853df5184f,74074b5f-fda3-48fd-9433-f8c5075eeec9,
8/15/2024,15:24:29,Granny,,,Lip,,stone-tool use. Focal start,RN,ct:a31304f7c3a74c3d0000000000000000,,,Save data,8/15/2024 8:40,8/15/2024 8:24,+07:00,2024042601,e13a2b23-9e6a-40d5-941a-a0ea200bbdfe,6bf7c279-828e-495b-82cd-2919b2b77ff9,
8/15/2024,15:15:55,Pinky,,,,Lady Boy,rest. Focal end,RN,ct:a31304f7c3a74c3d0000000000000000,,,Save data,8/15/2024 8:15,8/15/2024 8:15,+07:00,2024042601,3863b554-1698-4da2-a304-2fb20262f8b5,f058d68c-09e8-4b6b-8aca-a92b0ba199ce,
8/15/2024,15:00:19,Pinky,,,,Granny,stone-tool use. Focal start,RN,ct:a31304f7c3a74c3d0000000000000000,,,Save data,8/15/2024 8:15,8/15/2024 8:00,+07:00,2024042601,6a0aa846-aa38-406d-8e5d-57384a15b228,72a00b23-ad50-4e21-86f8-24e25f76c981,
8/15/2024,14:33:36,Kaya,Pat,,,,Grooming. Focal end,RN,ct:a31304f7c3a74c3d0000000000000000,,,Save data,8/15/2024 7:33,8/15/2024 7:33,+07:00,2024042601,16f6995c-7ae0-4317-b1d8-0a8b2f8fcd00,3c8d5e58-879b-427e-ac74-e4f098a64b8e,
8/15/2024,14:17:36,Kaya,,Robin,Harley Yaiko,,stone-tool use. Focal start,RN,ct:a31304f7c3a74c3d0000000000000000,,,Save data,8/15/2024 7:33,8/15/2024 7:17,+07:00,2024042601,66e28afc-65c9-4847-a4fa-dbe253f860f3,7a972f38-a6d6-42df-ba20-ba86e54896bd,
8/16/2024,16:55:48,Whitney,,,,,rest. Focal end,RN,ct:a31304f7c3a74c3d0000000000000000,,,Save data,8/16/2024 9:55,8/16/2024 9:55,+07:00,2024042601,092855e6-f78e-4af0-8b28-e0dbfb6a28d1,3a44b6d7-de5e-4aeb-8b1b-507706a1a264,
8/16/2024,16:40:01,Whitney,,,,Tutu Aura,stone-tool use. Focal start,RN,ct:a31304f7c3a74c3d0000000000000000,,,Save data,8/16/2024 9:55,8/16/2024 9:40,+07:00,2024042601,86a2e5aa-212b-4d6e-b417-55ca38977892,aaff6d03-a992-4d30-ba61-be896fa1141a,
8/16/2024,16:38:40,Quindoline,,,,Lip,stone-tool use. Focal start,RN,ct:a31304f7c3a74c3d0000000000000000,,,Save data,8/16/2024 9:38,8/16/2024 9:38,+07:00,2024042601,d19bf26c-4dbb-4099-bdab-786750157715,7127b6ba-1e9f-4b74-8ffc-5e082a7021ae,
8/16/2024,16:22:49,Quindoline,,,Juvenile 1,Pinky,stone-tool use. Focal start,RN,ct:a31304f7c3a74c3d0000000000000000,,,Save data,8/16/2024 9:38,8/16/2024 9:22,+07:00,2024042601,ba4deaa3-771f-484d-ae53-46890c9e9bde,7df61368-9432-49f0-b068-e88f76d3e61d,
8/16/2024,16:21:05,Vula,,,,Pinky,stone-tool use. Focal end,RN,ct:a31304f7c3a74c3d0000000000000000,,,Save data,8/16/2024 9:21,8/16/2024 9:21,+07:00,2024042601,08fec61c-fafb-4de5-92f0-7ef40b8f9839,0574ae4d-4ff4-4dd8-8d76-efb8c504cd14,
8/16/2024,16:05:25,Vula,,,,,stone-tool use. Focal start,RN,ct:a31304f7c3a74c3d0000000000000000,,,Save data,8/16/2024 9:21,8/16/2024 9:05,+07:00,2024042601,bdd45ed5-7d76-4ad8-954a-d2f549a911d2,8048be44-c382-4ca1-999a-28c5bdedb0d1,
8/16/2024,16:02:06,Vula,,,,,stone-tool use. Focal start,RN,ct:a31304f7c3a74c3d0000000000000000,,,Save data,8/16/2024 9:21,8/16/2024 9:02,+07:00,2024042601,788fcec8-6cf8-4b20-8c2d-cd225a28ef3d,050f0225-f11b-424d-ae54-a3e617bc14b1,
8/16/2024,15:59:52,Ted,,Juvenile 1,Black infant,Black infant,move. Focak end,RN,ct:a31304f7c3a74c3d0000000000000000,,,Save data,8/16/2024 9:21,8/16/2024 8:59,+07:00,2024042601,61e63d95-31cc-40c1-8b05-50cf6c331353,b46b6ae4-9823-4e42-ab24-9d2c4b646c23,
8/16/2024,15:44:23,Ted,,Black infant Juvenile 1,Juvenile 1 Kaya,,rest. Focal start,RN,ct:a31304f7c3a74c3d0000000000000000,,,Save data,8/16/2024 9:21,8/16/2024 8:44,+07:00,2024042601,ee988829-0fbc-440a-8fc1-2a18218adddf,21e333dc-3684-442e-bba6-c91fea692e68,
8/16/2024,15:42:43,Aura,,Juvenile 2,,Dandi,rest. Focal end,RN,ct:a31304f7c3a74c3d0000000000000000,,,Save data,8/16/2024 8:42,8/16/2024 8:42,+07:00,2024042601,dd01f5be-bc6c-47af-887d-165da66b820f,3afa35c8-9d7c-4d9d-a732-80295503f246,
8/16/2024,15:26:56,Aura,,,,Vula,stone-tool use. Focal start,RN,ct:a31304f7c3a74c3d0000000000000000,,,Save data,8/16/2024 8:42,8/16/2024 8:26,+07:00,2024042601,8d62c81b-f7fe-4dbd-bd60-42ccad725ae1,c05f9457-091d-44f8-9ddc-6ba50e061ff5,
8/16/2024,15:03:26,Kaya,,,Juvenile 1,Juvenile 2,stone-tool use. Focal start,RN,ct:a31304f7c3a74c3d0000000000000000,,,Save data,8/16/2024 8:42,8/16/2024 8:03,+07:00,2024042601,7a1a14cb-6e20-42c1-ad1b-a9435e41889f,ca756180-879f-40bd-afb5-2280aa50a779,
8/16/2024,14:51:41,Lip,,,,F_Subadult,stone-tool use. Focal end,RN,ct:a31304f7c3a74c3d0000000000000000,,,Save data,8/16/2024 7:51,8/16/2024 7:51,+07:00,2024042601,d3a3fa09-f079-4ae8-9964-07515fe054a1,b4c853ff-5ae6-4880-a277-b676788c66a0,
8/16/2024,14:37:22,Lip,,,,Juvenile 2,stone-tool use (oyster). Focal start,RN,ct:a31304f7c3a74c3d0000000000000000,,,Save data,8/16/2024 7:51,8/16/2024 7:37,+07:00,2024042601,f40b19a2-d3fe-4551-bb94-ab620b83dfe9,1d624552-7aa0-4c8a-9c7a-2930bc6243e8,
8/16/2024,14:33:31,Cacao,,,,Vula,stone-tool use. Focal start,RN,ct:a31304f7c3a74c3d0000000000000000,,,Save data,8/16/2024 7:51,8/16/2024 7:33,+07:00,2024042601,b981df64-2493-4728-aca2-2f81dde89aad,0ddee612-cbec-4d54-91db-c121927305f2,
8/16/2024,14:19:55,Betina,,,,,rest. Focal end,RN,ct:a31304f7c3a74c3d0000000000000000,,,Save data,8/16/2024 7:51,8/16/2024 7:19,+07:00,2024042601,7f706da9-4bdc-4c7b-a7b5-0a4513ce39ee,2a17685d-0205-47ee-8d98-d233a215e14c,
8/16/2024,14:04:20,Betina,,Black infant Vula,Pat,Juvenile 2 Jim Lim,stone-tool use. Focal start,RN,ct:a31304f7c3a74c3d0000000000000000,,,Save data,8/16/2024 7:51,8/16/2024 7:04,+07:00,2024042601,4877f92f-d3ab-4f4c-b09a-0fa54adda378,8c8ec682-a689-461b-8353-05f5d8508144,
8/16/2024,14:01:28,Jim Lim,,,Ted Betina,,stone-tool use. Focal end,RN,ct:a31304f7c3a74c3d0000000000000000,,,Save data,8/16/2024 7:01,8/16/2024 7:01,+07:00,2024042601,8f2d469e-eefb-499d-88fa-10fe2f1611de,67a9a1e2-a9d7-4886-a881-a5adfd9e17b2,
8/16/2024,13:46:01,Jim Lim,,,,,stone-tool use. Focal start,RN,ct:a31304f7c3a74c3d0000000000000000,,,Save data,8/16/2024 7:01,8/16/2024 6:46,+07:00,2024042601,dc6fb92c-fc0d-40f6-83f2-453ac4d2bedd,cc994e7f-3b9f-41c1-a5b4-839ea2a40448,
8/18/2024,17:03:30,Jim Lim,,,,,rest. Focal end,RN,ct:a31304f7c3a74c3d0000000000000000,,,Save data,8/18/2024 10:03,8/18/2024 10:03,+07:00,2024042601,3be3434f-bc30-4dee-b3ab-6fd00fd3ecca,214eb8e2-25db-4303-ab54-ca3a453a7601,
8/18/2024,16:47:58,Jim Lim,,,,,stone-tool use. Focal start,RN,ct:a31304f7c3a74c3d0000000000000000,,,Save data,8/18/2024 10:03,8/18/2024 9:47,+07:00,2024042601,ef44c660-3efd-40de-ad77-9e6d8a77c40e,22d8109d-6649-4439-8db3-d21146a03a05,
8/18/2024,16:39:16,Flame,,,,,move. Focak end. Pig island,RN,ct:a31304f7c3a74c3d0000000000000000,,,Save data,8/18/2024 9:47,8/18/2024 9:39,+07:00,2024042601,5f09ea4e-5b74-4739-975a-0c73e9393f16,3e027a3e-342f-4943-9c3f-2a1fab22f343,
8/18/2024,16:23:55,Flame,,,,Ali,stone-tool use. Focal start,RN,ct:a31304f7c3a74c3d0000000000000000,,,Save data,8/18/2024 9:47,8/18/2024 9:23,+07:00,2024042601,cceed954-969d-4677-9ee2-8bf82f469ccb,38ae35bd-bf9b-49f1-902f-2c406af36d8f,
8/18/2024,16:16:52,Kaya,Juvenile 2,,,,Grooming. Focal end. Pig Island,RN,ct:a31304f7c3a74c3d0000000000000000,,,Save data,8/18/2024 9:16,8/18/2024 9:16,+07:00,2024042601,8467570c-cadb-41e7-857f-3db90eacb22c,5dfedf5d-1048-4095-8f90-b4e9985f801b,
8/18/2024,16:01:15,Kaya,,,Juvenile 2,Juvenile 2,stone-tool use. Focal start,RN,ct:a31304f7c3a74c3d0000000000000000,,,Save data,8/18/2024 9:16,8/18/2024 9:01,+07:00,2024042601,f2cac967-587c-4606-94f5-32182ef42b6e,43c3867b-8e90-437f-a9a3-3516350d88c8,
8/18/2024,15:49:17,Quindoline,,Black infant,Juvenile 1 F_Subadult,Granny,stone-tool use. Focal end,RN,ct:a31304f7c3a74c3d0000000000000000,,,Save data,8/18/2024 8:49,8/18/2024 8:49,+07:00,2024042601,a3fa0930-b806-413c-86c7-b9edfa954000,f75fd338-c5fc-45e7-b727-75ede0f9b2c9,
8/18/2024,15:33:21,Quindoline,,,,Lip Vula,stone-tool use. Focal start. Pig island,RN,ct:a31304f7c3a74c3d0000000000000000,,,Save data,8/18/2024 8:49,8/18/2024 8:33,+07:00,2024042601,9a6e3496-0e3a-4abe-841e-e1108d68f4d4,fcba18d4-0a6f-4fe5-819a-d81c3e733aa9,
8/18/2024,15:32:05,Naina,,,,,stone-tool use. Focal end. Pig Island,RN,ct:a31304f7c3a74c3d0000000000000000,,,Save data,8/18/2024 8:32,8/18/2024 8:32,+07:00,2024042601,0aba4ed4-a1d4-4698-9707-63c6dce5ddce,f481b291-0fbf-4451-97fc-3e3d71ff7214,
8/18/2024,15:16:18,Naina,,,,,rest. Foxak start. Pig island,RN,ct:a31304f7c3a74c3d0000000000000000,,,Save data,8/18/2024 8:32,8/18/2024 8:16,+07:00,2024042601,d47f598c-8f04-4b8c-b47f-d72abfb495ac,f2ad0447-d9c2-4bcc-bb0a-64b2d6d24253,
8/18/2024,15:13:36,Vula,,,Pat,,stone-tool use. Focal end,RN,ct:a31304f7c3a74c3d0000000000000000,,,Save data,8/18/2024 8:13,8/18/2024 8:13,+07:00,2024042601,8ba166e4-9b68-470e-b668-f608bcfe01b3,0c016444-ed91-41ff-ab7b-4a8e85db6598,
8/18/2024,14:57:56,Vula,,,,Jim Lim,stone-tool use. Focal start,RN,ct:a31304f7c3a74c3d0000000000000000,,,Save data,8/18/2024 8:13,8/18/2024 7:57,+07:00,2024042601,39f340a5-b3b9-4369-b66c-c9a4512548c5,0026df76-60f7-4593-85ec-9e45fa42bcc3,
8/18/2024,14:54:34,Aura,,,,Ali,stone-tool use. Focal end,RN,ct:a31304f7c3a74c3d0000000000000000,,,Save data,8/18/2024 8:13,8/18/2024 7:54,+07:00,2024042601,a16f4ce0-b35f-4be5-887d-5183a4a4312f,2ccf3698-3db7-4077-81fa-0cc26fd21b8d,
8/18/2024,14:38:47,Aura,,,,,rest. Focal start,RN,ct:a31304f7c3a74c3d0000000000000000,,,Save data,8/18/2024 8:13,8/18/2024 7:38,+07:00,2024042601,c2618644-d340-47a1-95df-e2a2e9f944a0,c0148b04-d8eb-4933-a208-70025388b5f6,
8/18/2024,14:27:13,Cacao,,,,Robin,stone-tool use. Focal start,RN,ct:a31304f7c3a74c3d0000000000000000,,,Save data,8/18/2024 8:13,8/18/2024 7:27,+07:00,2024042601,58487c79-0d8c-4f0d-852e-2f9b8a0c2c0a,b57e4763-2b56-4ec1-b1fd-3410a2cc14ab,
8/18/2024,14:23:53,Yaiko,,,,Lip Robin,stone-tool use. Focal end,RN,ct:a31304f7c3a74c3d0000000000000000,,,Save data,8/18/2024 7:23,8/18/2024 7:23,+07:00,2024042601,543124b7-5619-492c-9401-083213c45a03,adc1d3ad-78a4-443f-a846-0cd68e49766a,
8/18/2024,14:07:07,Yaiko,,,,Juvenile 2,stone-tool use. Focal start,RN,ct:a31304f7c3a74c3d0000000000000000,,,Save data,8/18/2024 7:23,8/18/2024 7:07,+07:00,2024042601,e9606a07-2429-46be-9f72-7d8f17bb963f,d889c57e-5c20-422c-84dc-13549a5e613a,
8/18/2024,14:02:16,Lip,,,Juvenile 2,,stone-tool use. Focal end,RN,ct:a31304f7c3a74c3d0000000000000000,,,Save data,8/18/2024 7:02,8/18/2024 7:02,+07:00,2024042601,49d7c140-38c8-4c1c-aefa-af5d71368c59,c0de637c-7399-40ec-b8d4-65e9ba73f932,
8/18/2024,13:46:41,Lip,,Juvenile 2,,,stone-tool use. Focal start,RN,ct:a31304f7c3a74c3d0000000000000000,,,Save data,8/18/2024 7:02,8/18/2024 6:46,+07:00,2024042601,69897021-c746-4767-b502-93f20769b57d,67e0580b-703e-4068-8f55-a31414873fca,
8/18/2024,13:44:17,Granny,,,,,stone-tool use. Focal end,RN,ct:a31304f7c3a74c3d0000000000000000,,,Save data,8/18/2024 6:44,8/18/2024 6:44,+07:00,2024042601,6fdf099e-d916-47a2-a01b-8649d24f8bc1,0a072736-8c7c-44a7-96f0-41f237fa5adf,
8/18/2024,13:28:32,Granny,,,,Naina,stone-tool use. Focal start,RN,ct:a31304f7c3a74c3d0000000000000000,,,Save data,8/18/2024 6:44,8/18/2024 6:28,+07:00,2024042601,31735e17-9099-4599-8241-6d3f3e6f9909,8c56fa9b-274c-4536-ae29-0169dcb36c3d,
8/19/2024,17:14:34,Iyla,,Juvenile 1,Black infant Quindoline,Ali,rest. Focal end,RN,ct:a31304f7c3a74c3d0000000000000000,,,Save data,8/19/2024 10:14,8/19/2024 10:14,+07:00,2024042601,a2022c75-f3f1-4495-91a0-5c58e11c2ab3,6d517446-7d78-4651-8838-550064fb769a,
8/19/2024,16:58:39,Iyla,,,Juvenile 2,,stone-tool use. Focak start,RN,ct:a31304f7c3a74c3d0000000000000000,,,Save data,8/19/2024 10:14,8/19/2024 9:58,+07:00,2024042601,8d15abcc-a6fa-4b24-8a5b-e6ff14224ba2,21a4af9f-33f8-40e9-99da-ca3c20b21032,
8/19/2024,16:53:27,Ted,,,,,stone-tool use. Focal end,RN,ct:a31304f7c3a74c3d0000000000000000,,,Save data,8/19/2024 10:14,8/19/2024 9:53,+07:00,2024042601,bda5474a-67ce-482c-886b-95303e4df7bb,0f4c51cb-5f98-4c85-b7b4-77f6a5eb89df,
8/19/2024,16:38:07,Ted,,,,F_Subadult Vula,stone-tool use. Focak start,RN,ct:a31304f7c3a74c3d0000000000000000,,,Save data,8/19/2024 10:14,8/19/2024 9:38,+07:00,2024042601,57313ab4-93f1-404e-8871-1d3e7bdc21b7,5074d11b-9db1-49bd-bd0f-a1af9dbc2c97,
8/19/2024,16:36:28,Santa,,,Whitney,Babosa,stone-tool use. Focal end,RN,ct:a31304f7c3a74c3d0000000000000000,,,Save data,8/19/2024 9:36,8/19/2024 9:36,+07:00,2024042601,2942b85e-f827-4e54-9dc1-52fd23408bf5,4f198a64-d0e5-4bcc-9fe4-6fc58e55487e,
8/19/2024,16:20:18,Santa,,,,,stone-tool use. Focal start,RN,ct:a31304f7c3a74c3d0000000000000000,,,Save data,8/19/2024 9:36,8/19/2024 9:20,+07:00,2024042601,fb9aec51-9f47-4029-8bba-e158c05a775e,8fba0c35-0889-4e01-a48d-ac035fbac028,
8/19/2024,16:17:03,Granny,,Black infant Juvenile 1,F_Subadult Quindoline,Black infant Old infant,stone-tool use. Focal end,RN,ct:a31304f7c3a74c3d0000000000000000,,,Save data,8/19/2024 9:17,8/19/2024 9:17,+07:00,2024042601,9da0277c-ba19-44a3-a496-3212a31445d6,88740478-c107-4de8-8798-d4daf7cc8898,
8/19/2024,16:00:41,Granny,,Cacao,,Black infant Lip,stone-tool use. Focal start,RN,ct:a31304f7c3a74c3d0000000000000000,,,Save data,8/19/2024 9:17,8/19/2024 9:00,+07:00,2024042601,682a9033-a8c0-447c-8978-6a40e608b712,7332b3df-7e27-4d5c-b520-7987758ba4f1,
8/19/2024,15:55:44,Cacao,,,Granny,Black infant,stone-tool use. Focal end,RN,ct:a31304f7c3a74c3d0000000000000000,,,Save data,8/19/2024 8:55,8/19/2024 8:55,+07:00,2024042601,8c6d76b0-cea6-4bf3-a608-1673da83fafa,7175ccae-b272-4af6-ae2b-6b0546d27af1,
8/19/2024,15:39:56,Cacao,,,,,stone-tool use. Focal start,RN,ct:a31304f7c3a74c3d0000000000000000,,,Save data,8/19/2024 8:55,8/19/2024 8:39,+07:00,2024042601,b989d555-fd5b-40c3-9399-2079aed64de5,76e95b28-2921-408e-90d4-ec8ecc414804,
8/19/2024,15:24:23,Pinky,,,Juvenile 1 Vula,,stone-tool use. Focal end,RN,ct:a31304f7c3a74c3d0000000000000000,,,Save data,8/19/2024 8:24,8/19/2024 8:24,+07:00,2024042601,a4fc749e-24ed-4b14-8e8a-0b34eceec10a,51abbf91-13b3-4550-a7ec-07102e7e6092,
8/19/2024,15:07:44,Pinky,,,,Juvenile 1,stone-tool use. Focal start,RN,ct:a31304f7c3a74c3d0000000000000000,,,Save data,8/19/2024 8:24,8/19/2024 8:07,+07:00,2024042601,3bd19211-245e-468c-b93e-6b2713eed76f,b0e187e6-14f6-4aa5-911b-7d22c38c1709,
8/19/2024,14:46:42,Whitney,,,,,stone-tool use. Focal start,RN,ct:a31304f7c3a74c3d0000000000000000,,,Save data,8/19/2024 7:46,8/19/2024 7:46,+07:00,2024042601,a4482170-9ff0-49b2-b860-3614c1052c99,697d1f74-7b35-439d-b646-c5d6dd22133f,
8/20/2024,16:20:56,Aura,,,,,stone-tool use. Focal end,RN,ct:a31304f7c3a74c3d0000000000000000,,,Save data,8/20/2024 9:20,8/20/2024 9:20,+07:00,2024042601,7bd66f35-b7d8-43c2-a048-7df013f8fb8c,c8cd27f0-f676-4494-a6bf-5df9de8036c9,
8/20/2024,16:04:42,Aura,Black infant Vula,F_Subadult,,,Grooming. Focal start,RN,ct:a31304f7c3a74c3d0000000000000000,,,Save data,8/20/2024 9:20,8/20/2024 9:04,+07:00,2024042601,eb14428e-be15-4e52-ad54-1f5c74500a5d,4a372de3-6d41-44fa-95d8-dfd72e3e70de,
8/20/2024,15:36:56,Naina,Juvenile 2,,,,Grooming. Focal end,RN,ct:a31304f7c3a74c3d0000000000000000,,,Save data,8/20/2024 8:36,8/20/2024 8:36,+07:00,2024042601,74fe7901-cdce-43f6-a7d1-e0cbc0e20fd6,bc2127ee-d2bc-4ee6-af87-74715e6fa583,
8/20/2024,15:21:09,Naina,Ted,,,Juvenile 2,Grooming. Focal start,RN,ct:a31304f7c3a74c3d0000000000000000,,,Save data,8/20/2024 8:36,8/20/2024 8:21,+07:00,2024042601,2127f01c-de9b-44ce-9624-23f492b0ac21,0b2e37b7-52c2-4bc0-b76d-e37e4dbe6489,
8/20/2024,15:16:48,Lip,,Juvenile 2,Juvenile 1,Juvenile 2,stone-tool use. Focal end,RN,ct:a31304f7c3a74c3d0000000000000000,,,Save data,8/20/2024 8:16,8/20/2024 8:16,+07:00,2024042601,305d6edd-77e4-4795-92fa-522ba4217693,b327b238-6d7b-4a13-8d97-1c064cf94417,
8/20/2024,15:00:52,Lip,,,Juvenile 2 Jim Lim,Juvenile 1,stone-tool use. Focal start,RN,ct:a31304f7c3a74c3d0000000000000000,,,Save data,8/20/2024 8:16,8/20/2024 8:00,+07:00,2024042601,c953e43e-d33e-4876-ae27-97b92e8de014,28254c52-3e38-482c-aec5-eed62f1ca4d6,
8/20/2024,14:58:57,Aura,,,Black infant Jim Lim Lip,Black infant Quindoline,stone-tool use. Focal end,RN,ct:a31304f7c3a74c3d0000000000000000,,,Save data,8/20/2024 7:58,8/20/2024 7:58,+07:00,2024042601,035c13ea-f2d5-43c2-8601-edd05986e49a,720c2da6-56c4-4ad0-a39c-94530dd4a853,
8/20/2024,14:43:09,Aura,,Black infant,,Granny,stone-tool use. Focal start,RN,ct:a31304f7c3a74c3d0000000000000000,,,Save data,8/20/2024 7:58,8/20/2024 7:43,+07:00,2024042601,4c48c842-6c74-4e4c-915d-33f1a49f2b70,30d42e15-1393-4365-809c-66f3b47590d4,
8/22/2024,17:16:59,Iyla,,,Juvenile 1,,move. Focal end,RN,ct:a31304f7c3a74c3d0000000000000000,,,Save data,8/22/2024 10:17,8/22/2024 10:16,+07:00,2024042601,63da2240-1a4f-42cb-9100-c90a0b11c5e2,0e193002-3271-4deb-8134-5c08ee3642a2,
8/22/2024,17:01:11,Iyla,,,Juvenile 2,Old infant,stone-tool use. Focal start,RN,ct:a31304f7c3a74c3d0000000000000000,,,Save data,8/22/2024 10:17,8/22/2024 10:01,+07:00,2024042601,3d9e33d1-d056-4ce4-bff8-531319941401,3f963ee2-6c79-42a4-954d-f3a550c6ef6c,
8/22/2024,16:51:42,Naina,,Belanda,,,stone-tool use. Focal end,RN,ct:a31304f7c3a74c3d0000000000000000,,,Save data,8/22/2024 9:51,8/22/2024 9:51,+07:00,2024042601,bc03f02b-8bc0-48ee-b9ae-336d93c6e728,5f10a23f-a09b-4a07-afa8-92f9efb16be5,
8/22/2024,16:36:06,Naina,,,,Tutu,stone-tool use. Focal start,RN,ct:a31304f7c3a74c3d0000000000000000,,,Save data,8/22/2024 9:51,8/22/2024 9:36,+07:00,2024042601,c4b3600a-6685-495e-a3a6-64541d55648c,d275627e-04d4-437c-b49b-7f17cbf1b5bc,
8/22/2024,16:20:08,Aura,,,,Bat,rest.,RN,ct:a31304f7c3a74c3d0000000000000000,,,Save data,8/22/2024 9:20,8/22/2024 9:20,+07:00,2024042601,8f13d2a3-c231-431b-9017-a57cc80b3cd7,de14afa7-437c-4875-a5d8-1fb213e4cb0e,
8/22/2024,16:03:55,Aura,,,,,rest. Focal start,RN,ct:a31304f7c3a74c3d0000000000000000,,,Save data,8/22/2024 9:20,8/22/2024 9:03,+07:00,2024042601,112f9b98-1458-43c7-a76d-fac29a548b7a,3ca45aa0-dd4e-4aa5-ab86-e8a2b7d4cb1a,
8/22/2024,15:35:41,Harley,,Juvenile 1,,,rest. Focal end,RN,ct:a31304f7c3a74c3d0000000000000000,,,Save data,8/22/2024 8:35,8/22/2024 8:35,+07:00,2024042601,35724708-642f-4e0f-a3ce-5e9e650df5d7,1d6239ce-c5ca-47e9-989a-6246b324a92f,
8/22/2024,15:20:19,Harley,,,Juvenile 1,,move. Focal start,RN,ct:a31304f7c3a74c3d0000000000000000,,,Save data,8/22/2024 8:35,8/22/2024 8:20,+07:00,2024042601,e18cb1bb-8f31-4963-8364-b04858dd0cee,9b1eab6c-2507-43c7-8069-9b9b6b5a8279,
8/22/2024,12:51:48,Vula,Black infant,Black infant Juvenile 1 Quindoline,,Black infant Juvenile 2 Ham Harley Jim Lim,rest. ,RN,ct:a31304f7c3a74c3d0000000000000000,,,Save data,8/22/2024 5:51,8/22/2024 5:51,+07:00,2024042601,37ca97fc-91ff-4d5b-b46e-f47e8c715763,f3359113-dd80-4c87-ba6e-0a1f1ca0a19f,
8/22/2024,12:35:19,Vula,,Black infant,Black infant Juvenile 1 Quindoline,Black infant Juvenile 1 Babosa,rest. Focal start,RN,ct:a31304f7c3a74c3d0000000000000000,,,Save data,8/22/2024 5:51,8/22/2024 5:35,+07:00,2024042601,e508cd1e-092a-43cf-80fa-824ccdde6ed6,c8ab4ad1-3ed6-440a-a82d-12b317419993,
8/22/2024,11:54:17,Oreo,,Juvenile 2,,,rest. Focal end,RN,ct:a31304f7c3a74c3d0000000000000000,,,Save data,8/22/2024 4:54,8/22/2024 4:54,+07:00,2024042601,db40be92-4ede-4200-9de5-e493594ad4fc,2f55c72f-2b74-4965-95ec-a9b11d917e33,
8/22/2024,11:38:22,Oreo,Ted,Black infant Lady Boy,,F_Subadult,Grooming. Focal start,RN,ct:a31304f7c3a74c3d0000000000000000,,,Save data,8/22/2024 4:54,8/22/2024 4:38,+07:00,2024042601,d276f571-ef57-448b-bfc4-de1092a4cedc,40042cef-f258-44e9-89ee-88957a02627f,
8/22/2024,11:30:12,Quindoline,Black infant Iyla,Harley,,,rest. Focal end,RN,ct:a31304f7c3a74c3d0000000000000000,,,Save data,8/22/2024 4:30,8/22/2024 4:30,+07:00,2024042601,e9070a2f-9632-454a-8e1a-a009cafcdcc8,d3fe96fd-b20c-43e5-9dfd-0ef7f139ee00,
8/22/2024,11:14:35,Quindoline,Black infant Iyla,,,,rest. Focal start,RN,ct:a31304f7c3a74c3d0000000000000000,,,Save data,8/22/2024 4:14,8/22/2024 4:14,+07:00,2024042601,0b497f4a-efcf-4e8e-a899-e0c4d879eade,823aedf4-0e6c-46cc-b399-8fb075a9d0b5,
8/22/2024,11:13:16,Jim Lim,Ted,Black infant,Black infant,Black infant Harley,Grooming. Focal end,RN,ct:a31304f7c3a74c3d0000000000000000,,,Save data,8/22/2024 4:13,8/22/2024 4:13,+07:00,2024042601,c921ca95-67d5-4060-8c57-05f4f0a6430e,dfb4ec1d-0d88-4509-8cb8-82e0fee27b04,
8/22/2024,10:56:45,Jim Lim,,,,Kal,rest. Focal start,RN,ct:a31304f7c3a74c3d0000000000000000,,,Save data,8/22/2024 3:56,8/22/2024 3:56,+07:00,2024042601,89f1ce68-09a6-41fa-9acf-f6e85baa9937,beca33cd-ffff-4fd1-bc07-6ac4fb2824f0,
8/22/2024,10:49:28,Belanda,,,,,rest. Focal end,RN,ct:a31304f7c3a74c3d0000000000000000,,,Save data,8/22/2024 3:49,8/22/2024 3:49,+07:00,2024042601,4ac6aa33-e43d-4033-b88e-5acfaf51f2f3,d65cf421-a73b-4bf9-a63a-bff0fa618138,
8/22/2024,10:33:42,Belanda,,,,Kaya,rest. Focal start,RN,ct:a31304f7c3a74c3d0000000000000000,,,Save data,8/22/2024 3:33,8/22/2024 3:33,+07:00,2024042601,92b70e9d-26b6-422d-9189-c40ff9b1e531,2b27448c-2338-441d-8b62-3b891c531221,
8/22/2024,10:31:40,Taipan,Flame,,,,Grooming. Focal end,RN,ct:a31304f7c3a74c3d0000000000000000,,,Save data,8/22/2024 3:31,8/22/2024 3:31,+07:00,2024042601,1c6dd449-4681-478e-833f-55ac41aeca8d,8526289a-8cd2-422f-b4a0-f3ca4be9394e,
8/22/2024,10:15:46,Taipan,,,,,foraging without tools. Focal start ,RN,ct:a31304f7c3a74c3d0000000000000000,,,Save data,8/22/2024 3:15,8/22/2024 3:15,+07:00,2024042601,d302b461-3bd4-4d84-8587-b5187b8d76d7,2d0c1061-173a-42e1-995e-5e0ba5096919,
8/22/2024,8:38:07,Robin,,,,,foraging without tools. Focal end ,RN,ct:a31304f7c3a74c3d0000000000000000,,,Save data,8/22/2024 1:38,8/22/2024 1:38,+07:00,2024042601,1f7b44cc-4f1e-4464-a703-8dfc0daf7e78,12658a2d-6fb8-47f4-87d9-b859ca3e1cfd,
8/22/2024,8:22:19,Robin,,,Pat,,move. Focal start,RN,ct:a31304f7c3a74c3d0000000000000000,,,Save data,8/22/2024 1:38,8/22/2024 1:22,+07:00,2024042601,d71a2b21-4264-47fc-a9a6-c65d7d6866a2,426682ac-8b69-41e8-be1b-bdf46c578039,
8/22/2024,8:20:02,Kaya,,,Ted,,move. Focal end,RN,ct:a31304f7c3a74c3d0000000000000000,,,Save data,8/22/2024 1:20,8/22/2024 1:20,+07:00,2024042601,18981166-345b-4f6c-8c7b-699ce83a62c2,4832f181-3c7e-4be5-a0ef-b98c28df2d99,
8/22/2024,8:04:24,Kaya,,F_Subadult,,M_Adult,SaF is Eina. She is right handed. Male is Old,RN,ct:a31304f7c3a74c3d0000000000000000,,,Save data,8/22/2024 1:20,8/22/2024 1:04,+07:00,2024042601,9c051f31-f0f0-4818-b56d-a983eef3dd29,d856487a-bf7f-4baf-837d-2c8af23788a2,
8/22/2024,8:01:51,Granny,,,Juvenile 2,,stone-tool use. Focal end,RN,ct:a31304f7c3a74c3d0000000000000000,,,Save data,8/22/2024 1:01,8/22/2024 1:01,+07:00,2024042601,0e67f6bb-198c-43cb-a928-881a854894e9,b254dff6-8b52-4d34-8b6f-1bd19d7cb3e8,
8/22/2024,7:45:51,Granny,,Black infant,Black infant Juvenile 1 Quindoline,Juvenile 1 Juvenile 2,stone-tool use. Focal start,RN,ct:a31304f7c3a74c3d0000000000000000,,,Save data,8/22/2024 0:45,8/22/2024 0:45,+07:00,2024042601,e0e50923-7a73-47e3-95ff-6c50c6ed18a4,5453b04b-3fc1-4b3d-b5b0-2315be00d805,
8/22/2024,7:44:12,Santa,,F_Subadult,,,SaF is right handed. stone-tool use. Focal end,RN,ct:a31304f7c3a74c3d0000000000000000,,,Save data,8/22/2024 0:44,8/22/2024 0:44,+07:00,2024042601,877dd7a7-8d48-4ec8-bf0c-af9ba4655518,a99dad73-1720-4e11-85b9-55a7b4474324,
8/22/2024,7:28:11,Santa,,,Babosa,,stone-tool use. Focal start,RN,ct:a31304f7c3a74c3d0000000000000000,,,Save data,8/22/2024 0:44,8/22/2024 0:28,+07:00,2024042601,b98ada9e-f704-44ad-af83-9f55b5db93fa,fabc98db-8f28-4de9-9459-e9fe2482b378,
8/22/2024,7:23:25,Betina,,,,,stone-tool use. Focal end,RN,ct:a31304f7c3a74c3d0000000000000000,,,Save data,8/22/2024 0:23,8/22/2024 0:23,+07:00,2024042601,09f8729a-fd39-41d8-bfdf-8c36a0760bcd,1c5b97a7-2045-4f7b-a5b4-bfa03271ee02,
8/22/2024,7:07:48,Betina,,,,,move. Focal start,RN,ct:a31304f7c3a74c3d0000000000000000,,,Save data,8/22/2024 0:07,8/22/2024 0:07,+07:00,2024042601,0739d784-3055-4ee9-bd10-b090bccc6322,fb449430-f657-4d71-b24f-8344ceae7a43,
8/22/2024,7:03:30,Flame,,,Rambo,,rest. Focal start,RN,ct:a31304f7c3a74c3d0000000000000000,,,Save data,8/22/2024 0:07,8/22/2024 0:03,+07:00,2024042601,4897d26e-983c-4423-9b54-47968260aa67,b5117e11-5a65-4a40-b39c-312dc92ae400,
8/23/2024,17:27:54,Iyla,,,,,foraging without tools. Focal end,RN,ct:a31304f7c3a74c3d0000000000000000,,,Save data,8/23/2024 10:27,8/23/2024 10:27,+07:00,2024042601,22fa478b-5887-4ef0-b632-d40771e9fe36,31a362f5-0927-44ce-9816-84f19cd2d24c,
8/23/2024,17:12:10,Iyla,,,Kaya,Juvenile 1,stone-tool use. Focal start,RN,ct:a31304f7c3a74c3d0000000000000000,,,Save data,8/23/2024 10:27,8/23/2024 10:12,+07:00,2024042601,3742e3e5-f1f5-49b3-b5d8-d7d98b95dcdc,484ab26b-be16-4e65-8f6e-b0522d4cd06f,
8/23/2024,16:52:23,Quindoline,,,,,stone-tool use. Focal end,RN,ct:a31304f7c3a74c3d0000000000000000,,,Save data,8/23/2024 9:52,8/23/2024 9:52,+07:00,2024042601,68cfea86-a2da-4192-81e3-9f101d02f7e7,a8a3a2ae-a3df-433f-8346-b68814fa1dba,
8/23/2024,16:36:41,Quindoline,,,,,stone-tool use. Focal start,RN,ct:a31304f7c3a74c3d0000000000000000,,,Save data,8/23/2024 9:52,8/23/2024 9:36,+07:00,2024042601,407bc158-2823-4bbe-a606-06ffad33dc65,dff486a1-7bce-45a5-9cce-4993a3792bc5,
8/23/2024,16:17:48,Kaya,,,Babosa,Juvenile 2,rest. Focal end,RN,ct:a31304f7c3a74c3d0000000000000000,,,Save data,8/23/2024 9:17,8/23/2024 9:17,+07:00,2024042601,0a8860c4-2fe0-40eb-9cf0-63d5950e3910,75d9e952-be08-42ef-ac11-3487bab4f33d,
8/23/2024,16:02:03,Kaya,Black infant,Juvenile 2 Vula,,Juvenile 2,Grooming. Focal start,RN,ct:a31304f7c3a74c3d0000000000000000,,,Save data,8/23/2024 9:17,8/23/2024 9:02,+07:00,2024042601,c86638e5-09cf-4cbe-994f-caead423c952,c3d8788b-6d2e-4756-8634-68d4ec14385c,
8/23/2024,13:21:36,Pinky,,,,,rest. Focal start,RN,ct:a31304f7c3a74c3d0000000000000000,,,Save data,8/23/2024 9:01,8/23/2024 6:21,+07:00,2024042601,96c0c5ef-4b2f-415f-8886-8916fa9a1fa0,27e74d2c-9653-42c8-9a7d-71af4182005d,
8/23/2024,12:28:38,Ali,Harley,,Ham,,rest. ,RN,ct:a31304f7c3a74c3d0000000000000000,,,Save data,8/23/2024 5:28,8/23/2024 5:28,+07:00,2024042601,2938aa8a-c088-48d9-8443-d61e37aa9f8d,5383b544-fb4d-4365-a12f-cf8dc89cec7b,
8/23/2024,12:13:07,Ali,,Ted Cacao,Babosa Flame,Black infant Pat Lip,rest. Focal start,RN,ct:a31304f7c3a74c3d0000000000000000,,,Save data,8/23/2024 5:28,8/23/2024 5:13,+07:00,2024042601,f8b90dd3-19fc-49a2-b37a-ef4e006234bd,61db76da-b37a-429f-8387-cd1f5c9d48a7,
8/23/2024,12:09:30,Yaiko,,,Flame,,move. Focal end,RN,ct:a31304f7c3a74c3d0000000000000000,,,Save data,8/23/2024 5:09,8/23/2024 5:09,+07:00,2024042601,1368e806-0b55-4feb-a36f-7895c4ce2395,aed92b26-7717-440e-b494-54898c5ed05c,
8/23/2024,11:53:56,Yaiko,,,,Naina,foraging without tools. Focal start ,RN,ct:a31304f7c3a74c3d0000000000000000,,,Save data,8/23/2024 5:09,8/23/2024 4:53,+07:00,2024042601,dcdea67b-ec2f-436d-8b3b-9744e2f9d54c,e3ac79cc-004d-46da-a7ab-cea9a90bcf81,
8/23/2024,11:51:11,Granny,Black infant Ted,Black infant Juvenile 1,,Juvenile 1 Pat Lip Vula,groom (emitter). ,RN,ct:a31304f7c3a74c3d0000000000000000,,,Individuals,8/23/2024 4:51,8/23/2024 4:51,+07:00,2024042601,dbd3117d-7a52-4459-9078-c2ed549007bc,45e6b2af-c096-4769-8600-6c67a8377646,
8/23/2024,11:35:10,Granny,,Black infant Juvenile 1 Belanda,Lip Vula,Cacao,foraging without tools. ,RN,ct:a31304f7c3a74c3d0000000000000000,,,Save data,8/23/2024 4:51,8/23/2024 4:35,+07:00,2024042601,59544a57-5754-47de-8399-ae37f3dcb87a,d1073632-9cbc-4d3d-904a-7b3596887b02,
8/23/2024,10:30:50,Santa,,Quindoline,,Babosa,foraging without tools. Focal start ,RN,ct:a31304f7c3a74c3d0000000000000000,,,Save data,8/23/2024 4:51,8/23/2024 3:30,+07:00,2024042601,73014d56-2610-4133-ba1d-b30d7032892d,dfdecb09-b01c-47bf-a770-556a7f016ce4,
8/23/2024,10:25:55,Aura,,,Santa,,foraging without tools. Focal end ,RN,ct:a31304f7c3a74c3d0000000000000000,,,Save data,8/23/2024 3:25,8/23/2024 3:25,+07:00,2024042601,621a0855-20b7-4c01-ac72-4c81d5da5891,53820424-a484-477a-84fb-0c62798f99ea,
8/23/2024,10:10:05,Aura,,,Taipan,,foraging without tools. Focal start,RN,ct:a31304f7c3a74c3d0000000000000000,,,Save data,8/23/2024 3:25,8/23/2024 3:10,+07:00,2024042601,d2a0f3b6-cc47-4d9c-ae3a-aefe76b5d7c7,59a02fb9-4fbb-4a5c-a186-016a49db6b8f,
8/23/2024,10:03:06,Jim Lim,,,,,rest. Focal end,RN,ct:a31304f7c3a74c3d0000000000000000,,,Save data,8/23/2024 3:03,8/23/2024 3:03,+07:00,2024042601,5f1dd932-8aba-4f1f-bb4c-17f10248240c,3f147fd0-b2e7-474c-a505-af0a04224649,
8/23/2024,9:45:48,Jim Lim,,,,Quindoline,stone-tool use. Focal start,RN,ct:a31304f7c3a74c3d0000000000000000,,,Save data,8/23/2024 3:03,8/23/2024 2:45,+07:00,2024042601,6e56bea2-2c16-4144-a401-8592c3168a59,8d898d40-1d88-4ba3-85bf-fc63507c87db,
8/23/2024,9:43:35,Vula,,,Quindoline,,stone-tool use. Focal end,RN,ct:a31304f7c3a74c3d0000000000000000,,,Save data,8/23/2024 2:43,8/23/2024 2:43,+07:00,2024042601,40070d10-270c-4701-9a04-17a4548231d5,471b6ada-c038-47ed-9d5a-6a4de051f158,
8/23/2024,9:27:33,Vula,,,Lady Boy,Juvenile 1 Jim Lim,stone-tool use. Focal start,RN,ct:a31304f7c3a74c3d0000000000000000,,,Save data,8/23/2024 2:43,8/23/2024 2:27,+07:00,2024042601,3a82bcad-0fcb-4f89-9bf0-7f64cf9a8884,a4fc9c5d-29b1-431c-879d-19e9c3948880,
8/23/2024,9:24:28,Whitney,Juvenile 1,,,,Grooming. Focal end,RN,ct:a31304f7c3a74c3d0000000000000000,,,Save data,8/23/2024 2:24,8/23/2024 2:24,+07:00,2024042601,708b5149-532b-49ac-9d91-4c20e908fb89,e90befe1-b951-41ab-ba23-d67f09fcf2f1,
8/23/2024,9:08:52,Whitney,,,,,stone-tool use. Focal start,RN,ct:a31304f7c3a74c3d0000000000000000,,,Save data,8/23/2024 2:08,8/23/2024 2:08,+07:00,2024042601,fd30ad3c-0c44-45e4-9fd5-270e84d2f95e,f8b1905e-e0ac-4afb-986c-f3da1b58e67e,
8/23/2024,9:07:18,Taipan,,,,,stone-tool use. Focal end,RN,ct:a31304f7c3a74c3d0000000000000000,,,Save data,8/23/2024 2:07,8/23/2024 2:07,+07:00,2024042601,a07a7873-8ef6-487e-af15-c444a6f87d0e,3de3fc60-cebb-4c71-b4d4-1ae6e353a04e,
8/23/2024,8:51:49,Taipan,,,,,stone-tool use. Focal start,RN,ct:a31304f7c3a74c3d0000000000000000,,,Save data,8/23/2024 2:07,8/23/2024 1:51,+07:00,2024042601,340c2061-fe39-4ad0-831d-760f04476bb3,550e4b78-b3a7-4ce6-87a6-3e6d23589e3a,
8/23/2024,8:49:04,Cacao,,,,Ted,rest. Focal end,RN,ct:a31304f7c3a74c3d0000000000000000,,,Save data,8/23/2024 1:49,8/23/2024 1:49,+07:00,2024042601,a85519cb-165d-47f2-8273-196d79c5473c,f7925f45-1f05-4df5-865d-aa66fa048d89,
8/23/2024,8:33:28,Cacao,,,,Belanda Naina,stone-tool use. Focal start,RN,ct:a31304f7c3a74c3d0000000000000000,,,Save data,8/23/2024 1:49,8/23/2024 1:33,+07:00,2024042601,ca64e4cc-8778-441a-a625-fe49209ace4f,2bfeccda-6e79-498f-b9b2-b36ae59fb2ed,
8/23/2024,8:30:17,Lip,,,,F_Subadult,stone-tool use. Focal end,RN,ct:a31304f7c3a74c3d0000000000000000,,,Save data,8/23/2024 1:30,8/23/2024 1:30,+07:00,2024042601,16bba5c4-4003-4fa3-9dc9-c05c6218f0c9,a8ec588f-ae50-45b0-ab8c-dc8cb5ec15aa,
8/23/2024,8:11:47,Lip,,,Juvenile 2,Yaiko,stone-tool use. Focal start,RN,ct:a31304f7c3a74c3d0000000000000000,,,Save data,8/23/2024 1:30,8/23/2024 1:11,+07:00,2024042601,c16b2ffb-2f9c-4a51-857e-28df264c96c9,6cd1b65b-c035-451e-979a-a30a980f16b1,
8/23/2024,8:04:30,Cacao,,,Juvenile 1 Pat,Juvenile 1,stone-tool use. Focal start,RN,ct:a31304f7c3a74c3d0000000000000000,,,Save data,8/23/2024 1:04,8/23/2024 1:04,+07:00,2024042601,984036e5-3d82-4377-afb3-aa8f0956cee4,e71642c4-b30e-4c7c-bb75-14ecfbc6c192,
8/23/2024,7:47:26,Harley,,,,,move. Focal end,RN,ct:a31304f7c3a74c3d0000000000000000,,,Save data,8/23/2024 0:47,8/23/2024 0:47,+07:00,2024042601,404e18b1-199a-4366-be93-7c9192344425,dff9d16c-3fd6-4c13-8170-197fd072474c,
8/23/2024,7:31:15,Harley,,,,Juvenile 1,move. Focal start,RN,ct:a31304f7c3a74c3d0000000000000000,,,Save data,8/23/2024 0:31,8/23/2024 0:31,+07:00,2024042601,73efd2ea-ebeb-465e-9cd0-11fe040bd89a,4ab1de29-ec27-4cd9-89a4-23c5680249cb,
8/24/2024,8:40:36,Jim Lim,Tutu,,,,Grooming. Focal end,RN,ct:a31304f7c3a74c3d0000000000000000,,,Save data,8/27/2024 2:41,8/24/2024 1:40,+07:00,2024042601,6180ba36-5fa2-44e8-82a8-653edaabca9a,1d60905b-53f9-4388-95ee-abf7a389d4b2,
8/24/2024,8:24:34,Jim Lim,,,,,Foraging at shore. Focal start,RN,ct:a31304f7c3a74c3d0000000000000000,,,Save data,8/27/2024 2:41,8/24/2024 1:24,+07:00,2024042601,01a20ec7-51ce-436c-a0e9-72ae2f9892cd,da08fa20-3500-410d-96c8-f631311043e6,
8/24/2024,8:22:27,Dandi,,,,,foraging without tools. Focal end ,RN,ct:a31304f7c3a74c3d0000000000000000,,,Save data,8/27/2024 2:41,8/24/2024 1:22,+07:00,2024042601,7daa8d03-6408-4444-96f7-a42b1cd13383,9d23c674-4f02-4f7f-b4d3-5b0b1944b81a,
8/24/2024,8:06:51,Dandi,,,,Juvenile 1 Juvenile 2 Taipan,foraging without tools. Focal start,RN,ct:a31304f7c3a74c3d0000000000000000,,,Save data,8/27/2024 2:41,8/24/2024 1:06,+07:00,2024042601,240f0f7b-c6a8-458a-9775-84dfa50c9581,cb691601-4bae-42a4-b302-6b1e6e81194d,
8/24/2024,8:04:17,Robin,,,,Juvenile 2,move. Focal end,RN,ct:a31304f7c3a74c3d0000000000000000,,,Save data,8/24/2024 1:04,8/24/2024 1:04,+07:00,2024042601,18b91b74-34fd-4374-8cde-7428d39a94f1,8bee904e-0176-4674-9ed5-e710f818bbc1,
8/24/2024,7:48:49,Robin,,,,Vula,foraging without tools. Focal start ,RN,ct:a31304f7c3a74c3d0000000000000000,,,Save data,8/24/2024 1:04,8/24/2024 0:48,+07:00,2024042601,31c4f899-90aa-479f-8839-186dc95cad65,93c91eff-1793-4727-b886-7c08cb3513a5,
8/24/2024,7:48:02,Kaya,,,,,rest. Focal end,RN,ct:a31304f7c3a74c3d0000000000000000,,,Save data,8/24/2024 1:04,8/24/2024 0:48,+07:00,2024042601,398a258f-13f1-4432-8468-d84caa3ea6b8,c60768d2-d593-4754-935c-f4bf0423ee85,
8/24/2024,7:32:51,Kaya,,,,M_Adult,foraging without tools. Focal start ,RN,ct:a31304f7c3a74c3d0000000000000000,,,Save data,8/24/2024 1:04,8/24/2024 0:32,+07:00,2024042601,38c2a4de-5df5-48c9-9607-24e7a8d5945f,08a5e53b-6b52-4f32-9876-5182c25b324b,
8/24/2024,7:19:56,Aura,,,,,rest. Focal end,RN,ct:a31304f7c3a74c3d0000000000000000,,,Save data,8/24/2024 0:19,8/24/2024 0:19,+07:00,2024042601,711e2ada-214a-4cc6-b94d-d0ec07c6157c,c9d50709-a75a-46c7-886e-864dd4c9ce9a,
8/24/2024,7:04:16,Aura,,,,,Forging on the shore. Focal start,RN,ct:a31304f7c3a74c3d0000000000000000,,,Save data,8/24/2024 0:19,8/24/2024 0:04,+07:00,2024042601,4cf04e6d-ee8a-4234-9144-2a9811b67a4e,6a36ff0d-6070-4641-8abe-95bc57944e39,
8/27/2024,15:55:22,Pat,,,Jim Lim,,rest. Focal start ,RN,ct:a31304f7c3a74c3d0000000000000000,,,Save data,8/29/2024 3:37,8/27/2024 8:55,+07:00,2024042601,6ca56cd4-5f2f-4401-b39d-a24becb0c658,18bcc612-ca1d-48b9-ac5a-34a6aa866074,
8/27/2024,15:06:35,Oreo,F_Adult,,,Ali,rest. Focal end,RN,ct:a31304f7c3a74c3d0000000000000000,,,Save data,8/27/2024 8:06,8/27/2024 8:06,+07:00,2024042601,fedefcf4-efb6-404a-a223-3e50a77bda79,c94f68cc-658f-4a77-81ff-73d46ddd2509,
8/27/2024,14:46:45,Oreo,F_Adult,,,Ali,rest. Focal start,RN,ct:a31304f7c3a74c3d0000000000000000,,,Save data,8/27/2024 8:06,8/27/2024 7:46,+07:00,2024042601,08a1bde9-d850-48f3-ae6d-d3ad8e02bc09,a0e09622-323d-451f-a112-803fbed50a79,
8/27/2024,14:44:32,Flame,Ted,,,Ali,rest. Focal end,RN,ct:a31304f7c3a74c3d0000000000000000,,,Save data,8/27/2024 7:44,8/27/2024 7:44,+07:00,2024042601,6ef5ceaf-3629-410a-8e58-f1922f4ce93c,191d5492-03e2-4498-b9df-faf90ad16cec,
8/27/2024,14:26:44,Flame,Ted,Ali,,,groom. Focal start,RN,ct:a31304f7c3a74c3d0000000000000000,,,Save data,8/27/2024 7:44,8/27/2024 7:26,+07:00,2024042601,aa0b778d-43e7-4eec-9f4e-d06fde29b8bb,4e176e7d-b2b6-4058-9f47-2ca9800e3ea1,
8/27/2024,13:48:50,Jim Lim,,Black infant Quindoline,Black infant Iyla Vula,Black infant Granny Pinky,rest. Focal start,RN,ct:a31304f7c3a74c3d0000000000000000,,,Save data,8/27/2024 7:44,8/27/2024 6:48,+07:00,2024042601,5f12c679-b82b-4471-8777-39f6b5682cb0,1a18b79c-e046-4b2a-bc35-0898c89414fc,
8/27/2024,13:41:27,Ted,,,Kaya,,rest. Focal end,RN,ct:a31304f7c3a74c3d0000000000000000,,,Save data,8/27/2024 6:41,8/27/2024 6:41,+07:00,2024042601,52a3bb83-e07d-4394-a638-9ce680ea4333,a923ce6a-f80f-418a-8422-1ee47b972ac4,
8/27/2024,13:25:38,Ted,,Black infant,,Quindoline,rest. Focal start,RN,ct:a31304f7c3a74c3d0000000000000000,,,Save data,8/27/2024 6:41,8/27/2024 6:25,+07:00,2024042601,054c6c1a-39f9-4c7b-bc7c-a273a6210d56,b18c46b5-ffc9-4993-96cf-0e2d16c85935,
8/27/2024,13:24:22,Quindoline,,,,Black infant Pat Ted Kaya,rest. Focal end,RN,ct:a31304f7c3a74c3d0000000000000000,,,Save data,8/27/2024 6:24,8/27/2024 6:24,+07:00,2024042601,bf5a4484-3210-4d41-b6b0-2ec2d8d9afe7,018e5d4a-e505-4a72-b01e-afcfb27f9c48,
8/27/2024,13:08:44,Quindoline,,,Babosa,Yaiko,foraging without tools. Focal start ,RN,ct:a31304f7c3a74c3d0000000000000000,,,Save data,8/27/2024 6:24,8/27/2024 6:08,+07:00,2024042601,e69c9e10-6967-4fc3-b266-95b40e8a8775,9d24cec4-37fd-453d-8eca-b0ffec040d80,
8/27/2024,13:06:09,Betina,,,,,foraging without tools. Focal end ,RN,ct:a31304f7c3a74c3d0000000000000000,,,Save data,8/27/2024 6:06,8/27/2024 6:06,+07:00,2024042601,0593111b-bc93-4235-900a-a27b18084ff0,6ff0e202-2414-41fa-b374-412fbc87306c,
8/27/2024,12:50:45,Betina,,,,Pat,move. Focal start,RN,ct:a31304f7c3a74c3d0000000000000000,,,Save data,8/27/2024 6:06,8/27/2024 5:50,+07:00,2024042601,4b0b26d9-31e6-4092-9f23-c0c88d839ca8,ddc681f8-e9f4-43be-966c-2a502ee04021,
8/27/2024,12:27:16,Belanda,Jim Lim,,,,Grooming. Focal end,RN,ct:a31304f7c3a74c3d0000000000000000,,,Save data,8/27/2024 5:27,8/27/2024 5:27,+07:00,2024042601,92240d85-e1e1-426a-b773-fa56d4fa9a6a,05899d3c-19a3-4714-8b1f-15ff3957be96,
8/27/2024,12:11:44,Belanda,,,,,rest. Focal start,RN,ct:a31304f7c3a74c3d0000000000000000,,,Save data,8/27/2024 5:11,8/27/2024 5:11,+07:00,2024042601,a9bf3eeb-3bfe-416d-b9b2-ce2ae9ce329b,6d6b0c47-4cf8-49e9-929c-0d5100c99804,
8/27/2024,12:10:20,Lip,,,,,rest. Focal end,RN,ct:a31304f7c3a74c3d0000000000000000,,,Save data,8/27/2024 5:10,8/27/2024 5:10,+07:00,2024042601,1748881a-2593-4115-8dcb-5a8cdf8b2c0a,d9f123ae-7036-426a-8b7e-aebc9967b22a,
8/27/2024,11:54:49,Lip,,Black infant,,Juvenile 1 Juvenile 2,search. Focal start,RN,ct:a31304f7c3a74c3d0000000000000000,,,Save data,8/27/2024 5:10,8/27/2024 4:54,+07:00,2024042601,c0812132-40e2-48a3-bf1a-d6a609520c3a,386fbd18-c8ea-44a2-a94c-11e1dc61a4c1,
8/27/2024,11:52:30,Cacao,,,,Juvenile 1,rest. Focal end,RN,ct:a31304f7c3a74c3d0000000000000000,,,Save data,8/27/2024 4:52,8/27/2024 4:52,+07:00,2024042601,ac674f17-2657-4516-89a1-c09397297aa7,12567dcd-59ee-41cf-8d88-1cf7ca43873a,
8/27/2024,11:36:58,Cacao,,,,Granny,foraging without tools. Focal start,RN,ct:a31304f7c3a74c3d0000000000000000,,,Save data,8/27/2024 4:52,8/27/2024 4:36,+07:00,2024042601,e17e8134-50a4-4ab6-a1fc-f03fc2e096a5,68945b58-701e-4731-88bc-557f665148f9,
8/27/2024,11:32:46,Robin,,,,,search. Focal end,RN,ct:a31304f7c3a74c3d0000000000000000,,,Save data,8/27/2024 4:32,8/27/2024 4:32,+07:00,2024042601,0f4207d7-4893-4d1b-9730-75b80eaa6c9e,16758cb8-fc5f-4367-abd8-e30163e4c2d1,
8/27/2024,11:17:14,Robin,,,,,move. Focal start,RN,ct:a31304f7c3a74c3d0000000000000000,,,Save data,8/27/2024 4:32,8/27/2024 4:17,+07:00,2024042601,09c7d6ae-8b92-494b-a2a7-45cecc84cf5c,46b8749b-faba-45f5-ba05-fb07bb34aa51,
8/27/2024,11:10:54,Naina,,,,,foraging without tools. Focal end ,RN,ct:a31304f7c3a74c3d0000000000000000,,,Save data,8/27/2024 4:10,8/27/2024 4:10,+07:00,2024042601,3c0c45f4-83dd-4de2-939f-8a8398a502da,11659369-c00f-4025-b2b7-f706bf387f7a,
8/27/2024,10:55:15,Naina,,,Iyla,,stone-tool use. Focal start,RN,ct:a31304f7c3a74c3d0000000000000000,,,Save data,8/27/2024 4:10,8/27/2024 3:55,+07:00,2024042601,396d2ce7-a447-4f9b-b225-262d51ecd405,f5029866-eea6-4739-9a9f-9c74fc4e6dfd,
8/27/2024,10:54:03,Vula,,Black infant,,Lip,stone-tool use. Focal end,RN,ct:a31304f7c3a74c3d0000000000000000,,,Save data,8/27/2024 3:54,8/27/2024 3:54,+07:00,2024042601,70692229-e5de-4e5b-aaba-742016f8f6bd,7a4f39f0-9e08-4a85-89f7-38a4dffda4d8,
8/27/2024,10:38:05,Vula,,,,Mamosa Lip,Travel. Focal start,RN,ct:a31304f7c3a74c3d0000000000000000,,,Save data,8/27/2024 3:54,8/27/2024 3:38,+07:00,2024042601,badc8f06-8db9-4af2-9804-9cc70dce09d7,e51ad4fa-abb4-4a1f-9e68-e7af1cfc6721,
8/27/2024,10:20:00,Granny,,,,Babosa,stone-tool use. Focal start,RN,ct:a31304f7c3a74c3d0000000000000000,,,Save data,8/27/2024 3:54,8/27/2024 3:20,+07:00,2024042601,20a98c0d-6328-43b5-abb6-63b9c464ee5a,95d024c8-def0-480a-a581-82965f698902,
8/27/2024,10:06:16,Pinky,,Juvenile 1,,,Travel. Focal end,RN,ct:a31304f7c3a74c3d0000000000000000,,,Save data,8/27/2024 3:54,8/27/2024 3:06,+07:00,2024042601,3481bbf9-fcce-4689-b8c1-25c8c0fb78f7,52c57f5f-2f10-48be-b884-9b247753883b,
8/27/2024,9:50:18,Pinky,,Granny,Black infant Juvenile 1,Juvenile 2,stone-tool use. Focal start ,RN,ct:a31304f7c3a74c3d0000000000000000,,,Save data,8/27/2024 3:54,8/27/2024 2:50,+07:00,2024042601,9b094386-6fae-4aab-b46e-1e9151077567,dc298364-4cd3-448b-9aef-c846313be201,
8/29/2024,14:50:05,Lip,,,,Juvenile 1,stone-tool use. Focal end,RN,ct:a31304f7c3a74c3d0000000000000000,,,Save data,8/29/2024 7:50,8/29/2024 7:50,+07:00,2024042601,5c50cfe9-a1ea-469c-9397-02dbfadc4b87,ed60bcee-f38a-4e7e-89f9-4c34c460631b,
8/29/2024,14:34:21,Lip,,,,Juvenile 1 Robin,stone-tool use. Focal start,RN,ct:a31304f7c3a74c3d0000000000000000,,,Save data,8/29/2024 7:50,8/29/2024 7:34,+07:00,2024042601,0b26baa4-8f1f-424e-a8ec-fcc7d441dda5,0f43bde4-1246-4baf-ade8-c3006eccca15,
8/29/2024,14:20:16,Granny,,Black infant,,,search. Focal start,RN,ct:a31304f7c3a74c3d0000000000000000,,,Save data,8/29/2024 7:50,8/29/2024 7:20,+07:00,2024042601,5666c226-bf80-4421-b912-0eea8c55919b,51151d82-1f98-4e37-9b29-afb82d44fef4,
8/29/2024,14:07:13,Pat,,Santa,,,stone-tool use. Focal end,RN,ct:a31304f7c3a74c3d0000000000000000,,,Save data,8/29/2024 7:07,8/29/2024 7:07,+07:00,2024042601,fa8533ea-dfb2-4bc7-8743-4ca52ac504c6,296ce128-a68d-4573-8d4a-faf2bfde7d2b,
8/29/2024,13:51:34,Pat,Santa,,,,Grooming. Focal strat,RN,ct:a31304f7c3a74c3d0000000000000000,,,Save data,8/29/2024 7:07,8/29/2024 6:51,+07:00,2024042601,3dcfcbec-3295-4a5a-816f-353a6dea8d7f,baa7ed2a-74a2-4e53-9d52-cb3484805788,
8/29/2024,13:19:00,Yaiko,,,Juvenile 2,,stone-tool use. Focal start,RN,ct:a31304f7c3a74c3d0000000000000000,,,Save data,8/29/2024 7:07,8/29/2024 6:19,+07:00,2024042601,fcf53010-2882-4272-8118-1358d79779a3,aa1b615b-0711-4376-b6aa-ac634563d74d,
8/29/2024,13:16:07,Aura,,,,,rest. Focal end,RN,ct:a31304f7c3a74c3d0000000000000000,,,Save data,8/29/2024 6:16,8/29/2024 6:16,+07:00,2024042601,7dcc9b49-7303-4692-b00f-983e1a1e0830,21c06c0f-1cda-43f9-bc66-88bf6ca1cb19,
8/29/2024,13:00:12,Aura,,,,,stone-tool use. Focal start,RN,ct:a31304f7c3a74c3d0000000000000000,,,Save data,8/29/2024 6:16,8/29/2024 6:00,+07:00,2024042601,a56cbf37-2d40-44bf-af2e-1a19d25672d4,72df8f59-f7ee-4e29-b10d-69fb9d175bcb,
8/29/2024,12:49:43,Quindoline,,,,,stone-tool use. Focal end,RN,ct:a31304f7c3a74c3d0000000000000000,,,Save data,8/29/2024 5:49,8/29/2024 5:49,+07:00,2024042601,1cc035a1-fc14-4386-9f27-a380751757bc,1ed3b3a4-6e7f-4f2b-a986-a0656b07f14e,
8/29/2024,12:33:54,Quindoline,,,,,stone-tool use. Focal start,RN,ct:a31304f7c3a74c3d0000000000000000,,,Save data,8/29/2024 5:49,8/29/2024 5:33,+07:00,2024042601,dd9e92c6-051f-4a4a-8af5-bbda666fa47b,025d82b9-d44a-4e62-b5d0-a5ac55fddf25,
8/29/2024,12:32:46,Oreo,Iyla,,,Black infant Juvenile 2 Jim Lim,Grooming. Focal end,RN,ct:a31304f7c3a74c3d0000000000000000,,,Save data,8/29/2024 5:32,8/29/2024 5:32,+07:00,2024042601,aacf1755-2329-4c09-b781-6d665661558d,12602d34-4d41-4981-917c-4d1aa4f02ea2,
8/29/2024,12:15:20,Oreo,,Dandi,Betina Jim Lim Quindoline,Juvenile 1 Iyla,rest. Focal start,RN,ct:a31304f7c3a74c3d0000000000000000,,,Save data,8/29/2024 5:32,8/29/2024 5:15,+07:00,2024042601,cb35b45b-c9b3-407d-8f2b-75d50a6dd4c4,bc93d74f-4941-4ea1-9a6e-9f79101ffb98,
8/29/2024,12:12:15,Dandi,Betina,,Oreo,Jim Lim Quindoline,Grooming. Focal end,RN,ct:a31304f7c3a74c3d0000000000000000,,,Save data,8/29/2024 5:12,8/29/2024 5:12,+07:00,2024042601,13536713-9425-43ed-9fd9-6396a65f1879,d9929fd3-99e4-41cb-896e-35cef29708ed,
8/29/2024,11:55:30,Dandi,,,Black infant Juvenile 2 Older Quindoline,,rest. Focal start,RN,ct:a31304f7c3a74c3d0000000000000000,,,Save data,8/29/2024 5:12,8/29/2024 4:55,+07:00,2024042601,90ca1da6-a9fa-42f6-8c23-b0ebc76f72f5,ee349fd5-3043-4de8-a754-6b8b1a40d236,
8/29/2024,11:50:36,Naina,,,,,stone-tool use. Focal wnd,RN,ct:a31304f7c3a74c3d0000000000000000,,,Save data,8/29/2024 4:50,8/29/2024 4:50,+07:00,2024042601,5b9bf423-08c2-47a0-aa8a-3a84d52d3946,05223744-a5c0-4f88-bdb3-d80473330280,
8/29/2024,11:35:03,Naina,Juvenile 1,Juvenile 1 Pinky,,,Grooming. Focal start,RN,ct:a31304f7c3a74c3d0000000000000000,,,Save data,8/29/2024 4:50,8/29/2024 4:35,+07:00,2024042601,a40fa6b1-6760-4401-a6e1-41199a172b89,50aa49fb-3168-4261-bde5-ca75c0b5544a,
8/29/2024,11:31:02,Vula,Black infant Iyla,,Juvenile 2 Jim Lim,Cacao Kaya,Grooming. Focal end,RN,ct:a31304f7c3a74c3d0000000000000000,,,Save data,8/29/2024 4:31,8/29/2024 4:31,+07:00,2024042601,599ffa8d-8bcf-47d2-a002-d124b842eb48,264d41a4-0da9-42f1-8a2c-ad1041556cdb,
8/29/2024,11:14:17,Vula,,,,,stone-tool use. Focal start,RN,ct:a31304f7c3a74c3d0000000000000000,,,Save data,8/29/2024 4:31,8/29/2024 4:14,+07:00,2024042601,ca72fb14-93e2-409c-a1bf-13672c96c164,c49f70fe-d7fc-463f-ba58-28a4a2557fed,
8/29/2024,11:12:20,Iyla,Jim Lim,Juvenile 2 F_Subadult,Juvenile 1 Cacao,Black infant Juvenile 1 Juvenile 2 Kal F_Subadult Aura,Grooming. Focal end,RN,ct:a31304f7c3a74c3d0000000000000000,,,Save data,8/29/2024 4:12,8/29/2024 4:12,+07:00,2024042601,20dad2f6-7eed-42a6-b6af-11162b352dc8,710d0981-0834-40c6-aefd-0fc4ca47ecf2,
8/29/2024,10:57:01,Iyla,,Aura,Juvenile 1 Juvenile 2,Kal Cacao,rest. Focal start,RN,ct:a31304f7c3a74c3d0000000000000000,,,Save data,8/29/2024 4:12,8/29/2024 3:57,+07:00,2024042601,aa07760f-b763-458e-a3da-c39fb9d2d5f0,60b6f153-0f3e-4855-9606-6fc5d02b4993,
8/29/2024,10:55:43,Kal,Cacao,Juvenile 2,Black infant Juvenile 1,Juvenile 2 Aura Iyla Jim Lim,Grooming. Focal end,RN,ct:a31304f7c3a74c3d0000000000000000,,,Save data,8/29/2024 3:55,8/29/2024 3:55,+07:00,2024042601,65e8a3fd-180e-4c31-af7a-33785052070f,c4c56686-e49f-4c43-b5f9-d1b625ac816d,
8/29/2024,10:39:37,Kal,Cacao,Black infant,Black infant Juvenile 1 Lip,Juvenile 2 Pinky,Grooming. Focal start,RN,ct:a31304f7c3a74c3d0000000000000000,,,Save data,8/29/2024 3:55,8/29/2024 3:39,+07:00,2024042601,9172cc5c-bf90-49ef-9b8c-8cd1e56080f5,32d1bd72-f02c-4042-aae8-917085c5a1c2,
8/30/2024,16:51:51,Naina,,,,Juvenile 1,rest. Focal end,RN,ct:a31304f7c3a74c3d0000000000000000,,,Save data,8/30/2024 9:51,8/30/2024 9:51,+07:00,2024042601,4a61766b-c6ee-4ea2-a21b-17b151dee213,5c40cf1f-82fc-4c17-afab-fcd52d01a2a9,
8/30/2024,16:36:19,Naina,,,,Tutu,stone-tool use. Focal start,RN,ct:a31304f7c3a74c3d0000000000000000,,,Save data,8/30/2024 9:51,8/30/2024 9:36,+07:00,2024042601,5b8795cb-5254-4006-a419-eb6b031e8403,9f698985-560a-45f9-8ab0-ac7ecd08da62,
8/30/2024,16:31:53,Kaya,,,Older,Juvenile 2,stone-tool use.  Focal end,RN,ct:a31304f7c3a74c3d0000000000000000,,,Save data,8/30/2024 9:31,8/30/2024 9:31,+07:00,2024042601,feefbf85-6308-41f0-9752-d25c51c31642,bb3779aa-182e-4693-8e64-6a2cfbb48106,
8/30/2024,16:16:04,Kaya,,Babosa,,,stone-tool use. Focal start,RN,ct:a31304f7c3a74c3d0000000000000000,,,Save data,8/30/2024 9:31,8/30/2024 9:16,+07:00,2024042601,c2efbe3f-2be3-4ccb-9cc4-e0209f8eedd0,b059aee8-b570-4ba9-a260-ae5dd4b4489f,
8/30/2024,15:19:37,Granny,,F_Subadult,Robin,Black infant,stone-tool use. Focal start,RN,ct:a31304f7c3a74c3d0000000000000000,,,Save data,8/30/2024 9:31,8/30/2024 8:19,+07:00,2024042601,7ed1e8e5-825a-4991-bd39-6446e4519e82,baa2e362-f2bf-4a25-8a79-4f78c61e46ff,
8/30/2024,15:17:52,Pinky,,Juvenile 1,Juvenile 1,Juvenile 1 Juvenile 2,stone-tool use. Focal end,RN,ct:a31304f7c3a74c3d0000000000000000,,,Save data,8/30/2024 8:17,8/30/2024 8:17,+07:00,2024042601,c1073579-4f95-4c86-8b25-0bcf4f23b66c,23ff0b2e-0576-46d8-af54-beda1973e217,
8/30/2024,15:02:23,Pinky,,,Juvenile 1,Juvenile 2,stone-tool use. Focal start,RN,ct:a31304f7c3a74c3d0000000000000000,,,Save data,8/30/2024 8:17,8/30/2024 8:02,+07:00,2024042601,31206ed5-a75c-4922-9c61-4fa33623c1f6,e347f355-ac2d-401c-a112-3339c335e1dc,
8/30/2024,15:00:31,Vula,,Black infant Juvenile 2,Lady Boy,Naina,stone-tool use. Focal end,RN,ct:a31304f7c3a74c3d0000000000000000,,,Save data,8/30/2024 8:00,8/30/2024 8:00,+07:00,2024042601,ecb2e096-4a6b-4f12-b6f9-0c653ba546b6,7bc181f0-b021-41f5-8a76-ec7d3170dcb3,
8/30/2024,14:44:37,Kaya,Vula,Black infant,,Older,stone-tool use. Focal start,RN,ct:a31304f7c3a74c3d0000000000000000,,,Save data,8/30/2024 8:00,8/30/2024 7:44,+07:00,2024042601,9f0629a8-e2a1-429d-8687-65a59f1f6291,9b5baaa3-8d1c-4d2c-8f48-9770da4a2cea,
8/30/2024,13:06:59,Dandi,,,Juvenile 2,,rest. Focal end,RN,ct:a31304f7c3a74c3d0000000000000000,,,Save data,8/30/2024 6:07,8/30/2024 6:06,+07:00,2024042601,98ce60ad-b9f2-4f68-9781-c95d4515231e,7a75c6f7-c66e-48d6-88d5-83679bed3ab6,
8/30/2024,12:51:22,Dandi,,,,,rest. Focal start ,RN,ct:a31304f7c3a74c3d0000000000000000,,,Save data,8/30/2024 6:07,8/30/2024 5:51,+07:00,2024042601,67d6af22-a79c-4041-a3bf-9472b3b1c284,8ae6a76b-199f-4c4b-ad25-4849edaba004,
8/30/2024,12:49:17,Harley,,,Belanda Vula,,stone-tool use. Focal end,RN,ct:a31304f7c3a74c3d0000000000000000,,,Save data,8/30/2024 5:49,8/30/2024 5:49,+07:00,2024042601,f16eb2df-3bf7-4fc7-a184-2219a29bb0b4,fb4af414-3cb4-4b5f-be9c-bd3625c48b59,
8/30/2024,12:33:35,Harley,,,,,stone-tool use. Focal start ,RN,ct:a31304f7c3a74c3d0000000000000000,,,Save data,8/30/2024 5:49,8/30/2024 5:33,+07:00,2024042601,0acdab28-9dce-4b0d-a9e5-874ad1e9945f,b15acb50-4807-4cd0-b668-968eaa03972c,
8/30/2024,12:16:56,Jim Lim,Pat,,,,Grooming. Focal end,RN,ct:a31304f7c3a74c3d0000000000000000,,,Save data,8/30/2024 5:16,8/30/2024 5:16,+07:00,2024042601,4d5454c3-6255-41e1-8154-fc002377b1f0,3b2af42b-ded3-4acc-aeeb-40949fbcb5c4,
8/30/2024,12:01:19,Jim Lim,,,,,rest. Focal syart,RN,ct:a31304f7c3a74c3d0000000000000000,,,Save data,8/30/2024 5:16,8/30/2024 5:01,+07:00,2024042601,b5462fca-74fa-4e60-860e-838fd6bab919,81608721-3a74-4a92-95d0-c31c4b3221b1,
8/30/2024,11:53:35,Lip,Black infant,,,Juvenile 1 Lady Boy,rest. Focal end,RN,ct:a31304f7c3a74c3d0000000000000000,,,Save data,8/30/2024 4:53,8/30/2024 4:53,+07:00,2024042601,a677d68d-6ba0-442f-bf7e-cdb945553f8e,1e50ab6d-7394-41f8-9093-8cee3c5a8a91,
8/30/2024,11:37:49,Lip,,Black infant,,Juvenile 1,Toolimg. Focal start,RN,ct:a31304f7c3a74c3d0000000000000000,,,Save data,8/30/2024 4:53,8/30/2024 4:37,+07:00,2024042601,3c889ffd-0f6f-460d-beff-5a75a65f8527,a4839289-7070-4259-9775-25c3677207d8,
8/30/2024,11:13:45,Jim Lim,,,,,foraging without tools. Focal start ,RN,ct:a31304f7c3a74c3d0000000000000000,,,Save data,8/30/2024 4:53,8/30/2024 4:13,+07:00,2024042601,1154426e-6b06-404e-b027-a50fa51d314d,1352b202-e1f5-47e4-8959-953469f77654,
8/30/2024,11:12:06,Lady Boy,Juvenile 2,,Juvenile 2,Juvenile 2,Grooming. Focal end,RN,ct:a31304f7c3a74c3d0000000000000000,,,Save data,8/30/2024 4:12,8/30/2024 4:12,+07:00,2024042601,1151c6da-299e-4cd7-93ea-95a91a1f1d27,64d332ac-0f31-44e5-b247-2cfeb8af4920,
8/30/2024,10:56:36,Lady Boy,,,,Juvenile 2,foraging without tools. Focal start ,RN,ct:a31304f7c3a74c3d0000000000000000,,,Save data,8/30/2024 4:12,8/30/2024 3:56,+07:00,2024042601,2de546fe-b3ef-48b1-ae9b-c90cac962c11,2d77aa68-a7c5-43c1-a293-d1d668fd926c,
9/2/2024,16:50:22,Flame,,Older Ted,Old infant Juvenile 1,Robin,stone-tool use. Focal end ,RN,ct:a31304f7c3a74c3d0000000000000000,,,Save data,9/2/2024 9:50,9/2/2024 9:50,+07:00,2024042601,0c5fce17-5ff7-4aa0-baed-1a07ad68dbbc,71f60e50-2b20-46e8-b52b-2d4c370a98a6,
9/2/2024,16:33:56,Flame,,Juvenile 1,Ted,Juvenile 1 Pinky,stone-tool use. Focal start ,RN,ct:a31304f7c3a74c3d0000000000000000,,,Save data,9/2/2024 9:50,9/2/2024 9:33,+07:00,2024042601,6ebc015a-2aab-4487-b6f5-940d960e0975,e625278d-4a2c-4f7b-9352-ec44c584723f,
9/2/2024,16:31:16,Pinky,,,Juvenile 1,Yaiko,rest. Focal start,RN,ct:a31304f7c3a74c3d0000000000000000,,,Save data,9/2/2024 9:50,9/2/2024 9:31,+07:00,2024042601,f9fc337d-b3c4-448d-b1ff-8de0326484fc,78e44782-9f5e-4f22-8830-e1f6c77f989e,
9/2/2024,16:27:24,Lip,,,,,stone-tool use. Focal end ,RN,ct:a31304f7c3a74c3d0000000000000000,,,Save data,9/2/2024 9:27,9/2/2024 9:27,+07:00,2024042601,71b035ee-d0d8-4059-9eb3-06a90c7aaf9f,df18e159-cfd5-4868-932d-1e35b98d1ee3,
9/2/2024,16:11:37,Lip,,,,,stone-tool use. Focal start,RN,ct:a31304f7c3a74c3d0000000000000000,,,Save data,9/2/2024 9:27,9/2/2024 9:11,+07:00,2024042601,647f4593-7cb4-4e8c-99ff-22e46dc05eed,68d5f997-d0e0-4c35-9038-c295d052c1a5,
9/2/2024,14:52:46,Cacao,,,Ted,,rest. Focal end ,RN,ct:a31304f7c3a74c3d0000000000000000,,,Save data,9/2/2024 7:52,9/2/2024 7:52,+07:00,2024042601,2474a960-eb82-42ea-9ce6-fa7c545afa7e,c6b4312c-568c-445e-8f2c-145a13a0d671,
9/2/2024,14:36:36,Cacao,,,Vula,,search. Focal start,RN,ct:a31304f7c3a74c3d0000000000000000,,,Save data,9/2/2024 7:52,9/2/2024 7:36,+07:00,2024042601,b1470733-ff77-4810-bf83-8e698e9b468b,1da9597a-598e-4104-aa8e-f66f92b044c7,
9/2/2024,14:32:42,Dandi,,,,,foraging without tools. Focal end ,RN,ct:a31304f7c3a74c3d0000000000000000,,,Save data,9/2/2024 7:32,9/2/2024 7:32,+07:00,2024042601,e6cde12e-cad5-48d5-bec4-dc500ee0f395,5953444f-f4a4-47df-8b35-e7f6792cd361,
9/2/2024,14:17:14,Dandi,,,,Juvenile 1 Juvenile 2,stone-tool use. Focal start,RN,ct:a31304f7c3a74c3d0000000000000000,,,Save data,9/2/2024 7:17,9/2/2024 7:17,+07:00,2024042601,dbe556a7-e74a-40d5-95f6-eb9e5dfa7a8e,401e53ec-5521-406b-911d-59c2cf9748b8,
9/2/2024,13:52:11,Jim Lim,Yaiko,Pat,Tin tin,Juvenile 1 Juvenile 2 Harley,rest. Focal end ,RN,ct:a31304f7c3a74c3d0000000000000000,,,Save data,9/2/2024 6:52,9/2/2024 6:52,+07:00,2024042601,a2560e0b-6583-454b-a446-149aecd4be73,c65efca6-b683-429d-948e-762fd16e41a5,
9/2/2024,13:35:13,Jim Lim,,,,,rest. Focal start,RN,ct:a31304f7c3a74c3d0000000000000000,,,Save data,9/2/2024 6:52,9/2/2024 6:35,+07:00,2024042601,f111ae32-ba74-4583-a07b-ec18e7bdec91,97c4c592-245d-4f43-9035-b86084b4a35d,
9/2/2024,13:13:20,Harley,Ham Yaiko,,,,groom (receptor). Focal end,RN,ct:a31304f7c3a74c3d0000000000000000,,,Save data,9/2/2024 6:13,9/2/2024 6:13,+07:00,2024042601,e704341f-7b9a-4fde-aed3-0b121be19c63,3d1e1fa9-3421-44f2-bc33-e1bdddc15d1f,
9/2/2024,12:57:47,Harley,Juvenile 1,Black infant Naina Vula Yaiko,,,rest. Focal start,RN,ct:a31304f7c3a74c3d0000000000000000,,,Save data,9/2/2024 6:13,9/2/2024 5:57,+07:00,2024042601,85f149e0-acd8-4d7a-8db9-b4de38abe7ae,dd7f3fdf-3312-440d-93ee-0bb5fdc397f2,
9/2/2024,12:27:48,Vula,Black infant,,,Yaiko,Grooming. Focal end,RN,ct:a31304f7c3a74c3d0000000000000000,,,Save data,9/2/2024 5:27,9/2/2024 5:27,+07:00,2024042601,d4577c12-a835-4ee3-b701-475a88f225c2,d60cce49-eb33-4939-a1b5-73755cd634e7,
9/2/2024,12:11:19,Vula,Black infant,,,Juvenile 1 Pinky,rest. Focal start,RN,ct:a31304f7c3a74c3d0000000000000000,,,Save data,9/2/2024 5:27,9/2/2024 5:11,+07:00,2024042601,969f0c08-aec7-431d-bfaf-a961cf802eec,436270b7-d145-4b5d-b3e1-c863af00b871,
9/2/2024,11:00:30,Tutu,,,,,rest. Focal end,RN,ct:a31304f7c3a74c3d0000000000000000,,,Save data,9/2/2024 4:00,9/2/2024 4:00,+07:00,2024042601,fdf78511-2b28-46c9-a53c-0150ffae4b5c,7e134684-9f9f-476b-8e3e-12d51bce0caf,
9/2/2024,10:45:03,Tutu,,,,,rest. Focal start,RN,ct:a31304f7c3a74c3d0000000000000000,,,Save data,9/2/2024 4:00,9/2/2024 3:45,+07:00,2024042601,62479510-312b-4e68-adb8-d6fb39513d7e,87fa6824-c22d-46b1-a9a8-7e04857f4c08,
9/2/2024,10:40:00,Pat,,,,,rest. Focal end,RN,ct:a31304f7c3a74c3d0000000000000000,,,Save data,9/2/2024 3:40,9/2/2024 3:40,+07:00,2024042601,cf0ad064-2e01-49d1-818f-621d1512a63e,c7d438c9-b494-4233-834a-8a7a47f41eca,
9/2/2024,10:26:25,Pat,,Kaya,Juvenile 2,Lady Boy Aura,Travel. Focal start,RN,ct:a31304f7c3a74c3d0000000000000000,,,Save data,9/2/2024 3:40,9/2/2024 3:26,+07:00,2024042601,f025101e-fe3b-4c90-b5c0-615771ca4c77,afdb1eff-cc0b-4568-a55c-a8f6e4e220b5,
9/2/2024,10:17:09,Lip,,Black infant,,,rest. Focal end,RN,ct:a31304f7c3a74c3d0000000000000000,,,Save data,9/2/2024 3:17,9/2/2024 3:17,+07:00,2024042601,a6e0bd4c-d7f4-4c0d-aaf2-4b26be08c660,e091169e-389e-4c3a-9230-50a089c5d7e4,
9/2/2024,10:01:31,Lip,Juvenile 2,Black infant,,Belanda Betina Dandi,Grooming. Focal start,RN,ct:a31304f7c3a74c3d0000000000000000,,,Save data,9/2/2024 3:17,9/2/2024 3:01,+07:00,2024042601,d98d461d-c28f-47d0-b27f-976381117db4,aee4dd6a-0a8a-4913-9bd3-9e0fadc7a16e,
9/2/2024,9:25:32,Granny,,Black infant,,,foraging without tools. Focal end ,RN,ct:a31304f7c3a74c3d0000000000000000,,,Save data,9/2/2024 2:25,9/2/2024 2:25,+07:00,2024042601,9c7f14bc-6de4-4184-a381-b0060386764b,653c6574-7dc5-4d2d-9116-eb8c88ccf828,
9/2/2024,9:09:38,Granny,,Pinky,,,rest. Focal start,RN,ct:a31304f7c3a74c3d0000000000000000,,,Save data,9/2/2024 2:25,9/2/2024 2:09,+07:00,2024042601,13e2aedf-e2fa-46b8-b31b-25802a1f4d49,229d1794-d368-425f-8fe9-f86073e874f9,
9/2/2024,8:56:03,Santa,,,,,rest. Focal start,RN,ct:a31304f7c3a74c3d0000000000000000,,,Save data,9/2/2024 2:25,9/2/2024 1:56,+07:00,2024042601,8ca2f02f-1e03-4308-99a3-63a793426b2d,0cb341d3-5888-4494-bf18-43de6c92281c,
9/2/2024,8:35:08,Flame,,,Ted,,rest. Focal start,RN,ct:a31304f7c3a74c3d0000000000000000,,,Save data,9/2/2024 2:25,9/2/2024 1:35,+07:00,2024042601,65129aab-13f6-43b3-a275-78059232d338,d4c6bba7-5f17-4f8b-bce4-03e518c8dd51,
9/2/2024,8:31:57,Quindoline,Black infant Taipan,,Yaiko,,Grommed. Focal end,RN,ct:a31304f7c3a74c3d0000000000000000,,,Save data,9/2/2024 1:31,9/2/2024 1:31,+07:00,2024042601,83f3afac-9993-4736-b4e2-ccdf1ff3fe3c,9d2eea71-0117-40cc-8134-c1a2319f8f7e,
9/2/2024,8:10:59,Quindoline,Yaiko,Black infant,,,Grooming. Focal start,RN,ct:a31304f7c3a74c3d0000000000000000,,,Save data,9/2/2024 1:31,9/2/2024 1:10,+07:00,2024042601,6eef070d-f4dc-40e2-91d7-dbdbef9fd81d,a425384b-e826-47f8-854c-d1ddee54bd0d,
9/2/2024,8:09:26,Yaiko,Quindoline,Black infant,,,Grooming. Focal end ,RN,ct:a31304f7c3a74c3d0000000000000000,,,Save data,9/2/2024 1:09,9/2/2024 1:09,+07:00,2024042601,d7b68123-4ffa-4305-8334-f30aac25265e,099e8e4e-94cf-478d-a512-3d15e534a8cb,
9/2/2024,7:53:42,Yaiko,,,,Kal,rest. Focal start,RN,ct:a31304f7c3a74c3d0000000000000000,,,Save data,9/2/2024 1:09,9/2/2024 0:53,+07:00,2024042601,cbc81c1b-ae67-4663-aec0-c3e5a87594c9,bc3c59c3-7a1c-44f2-838a-99a34fe1d2ac,
9/2/2024,7:51:24,Kal,,,Yaiko,,rest. Focal end,RN,ct:a31304f7c3a74c3d0000000000000000,,,Save data,9/2/2024 0:51,9/2/2024 0:51,+07:00,2024042601,8f2d012a-695b-4080-b2e3-5e650147957e,3abba7b3-86e8-442b-8a62-74fdc90c79b7,
9/2/2024,7:35:44,Kal,,,Harley,Juvenile 2 Aura Iyla,search. Focal start,RN,ct:a31304f7c3a74c3d0000000000000000,,,Save data,9/2/2024 0:51,9/2/2024 0:35,+07:00,2024042601,16487cbf-ed5f-4e52-8e37-faff16e2e108,eb0f7966-c8d6-41da-9edf-c269d63d5769,
9/2/2024,7:30:59,Oreo,,,,,move. Focal end,RN,ct:a31304f7c3a74c3d0000000000000000,,,Save data,9/2/2024 0:31,9/2/2024 0:30,+07:00,2024042601,522ad9f7-632d-42ad-9583-e62a7902b2b2,13d30606-e82b-4df1-8fc6-fef48df470ba,
9/2/2024,7:15:19,Oreo,,,,Juvenile 2,stone-tool use. Focal start,RN,ct:a31304f7c3a74c3d0000000000000000,,,Save data,9/2/2024 0:31,9/2/2024 0:15,+07:00,2024042601,4a3978a2-a9e0-4d1a-9a8c-bc51bc662344,7f503281-5600-4df8-8c27-bb8ada71bbd9,
9/2/2024,6:29:43,Naina,,,,,stone-tool use. Focal start,RN,ct:a31304f7c3a74c3d0000000000000000,,,Save data,9/2/2024 0:31,9/1/2024 23:29,+07:00,2024042601,3ee1a344-8cbb-46cd-ac74-84858e0f6c21,69d25e3d-4e8c-47c6-b07a-0fdc2d21b505,
9/4/2024,16:15:22,Harley,,Lady Boy,,,stone-tool use. Focal end,RN,ct:a31304f7c3a74c3d0000000000000000,,,Save data,9/4/2024 9:15,9/4/2024 9:15,+07:00,2024042601,f45bff9b-192e-4c32-a8ef-ff3f43fa844a,67d842ed-cb55-4113-bd03-d81005478d3f,
9/4/2024,15:59:44,Harley,,,,,stone-tool use. Focal start,RN,ct:a31304f7c3a74c3d0000000000000000,,,Save data,9/4/2024 9:15,9/4/2024 8:59,+07:00,2024042601,38fcb171-bb9e-4f6c-81a8-4d23e840cef6,f204352e-9f99-4ed0-87b4-d96ff81082d7,
9/4/2024,15:49:54,Vula,,Black infant,,Juvenile 2,stone-tool use. Focal start,RN,ct:a31304f7c3a74c3d0000000000000000,,,Save data,9/4/2024 9:15,9/4/2024 8:49,+07:00,2024042601,8c9105fe-d93a-48ec-8576-9856152fc463,b45fdcd0-f55a-4bc7-a5dc-2e2c6fba918d,
9/4/2024,15:22:03,Aura,,,,Bat,rest. Focal end,RN,ct:a31304f7c3a74c3d0000000000000000,,,Save data,9/4/2024 9:15,9/4/2024 8:22,+07:00,2024042601,2d6d1368-c494-4262-b021-6bb12cd6e1ac,042e547c-5bce-42b3-8b25-e6aede80c64a,
9/4/2024,15:06:31,Aura,,,,,stone-tool use. Focal start,RN,ct:a31304f7c3a74c3d0000000000000000,,,Save data,9/4/2024 9:15,9/4/2024 8:06,+07:00,2024042601,61b1c8b7-f08c-4455-838e-aa428fba439b,cffe2553-15fa-4919-b1db-7963e2b563ba,
9/4/2024,15:05:10,Iyla,,,,,foraging without tools. Focal end ,RN,ct:a31304f7c3a74c3d0000000000000000,,,Save data,9/4/2024 8:05,9/4/2024 8:05,+07:00,2024042601,33575b8a-d369-4da0-87ff-81ff37ad092a,a78a1b9e-9f10-416f-9a1a-561557c29001,
9/4/2024,14:49:23,Iyla,,,,,foraging without tools. Focal start ,RN,ct:a31304f7c3a74c3d0000000000000000,,,Save data,9/4/2024 8:05,9/4/2024 7:49,+07:00,2024042601,e6f54324-b248-47fe-82f6-28040c4fbc9a,bac2f222-b624-49bc-81cc-c026d8c0058d,
9/4/2024,13:15:25,Granny,Black infant,Juvenile 1,,Juvenile 2 Pinky F_Subadult,rest. Focal end,RN,ct:a31304f7c3a74c3d0000000000000000,,,Save data,9/4/2024 6:15,9/4/2024 6:15,+07:00,2024042601,6be39611-6b78-4f6c-ae80-f49baaadc551,85d377cf-15c7-4487-9ad5-936191dcc764,
9/4/2024,12:58:37,Granny,,,Naina J1,,rest. Focal start,RN,ct:a31304f7c3a74c3d0000000000000000,,,Save data,9/4/2024 6:15,9/4/2024 5:58,+07:00,2024042601,75f72b63-e18e-4565-a539-21998c4b0ae7,cbd5464e-7327-4fee-8757-c89a4fb77a05,
9/4/2024,12:02:37,Cacao,,,,F_Subadult,rest. Focal end,RN,ct:a31304f7c3a74c3d0000000000000000,,,Save data,9/4/2024 5:02,9/4/2024 5:02,+07:00,2024042601,c4346f88-c3dc-4f27-b044-023427e55a6a,757282b2-70ea-43be-a48b-e2d7e554e278,
9/4/2024,11:47:11,Cacao,,,Older Tin tin Kaya,,foraging without tools. Focal start,RN,ct:a31304f7c3a74c3d0000000000000000,,,Save data,9/4/2024 5:02,9/4/2024 4:47,+07:00,2024042601,bef86f10-29c2-445c-a6cc-6d93141b5e8e,07d6b557-5400-447c-93bd-f02fadee3b4a,
9/4/2024,11:37:25,Jim Lim,,,Belanda,,foraging without tools. Focal end,RN,ct:a31304f7c3a74c3d0000000000000000,,,Save data,9/4/2024 4:37,9/4/2024 4:37,+07:00,2024042601,fa9f67bf-f120-49c2-b1e6-6c8db77ba984,182f6530-84de-4bbe-80ab-6cb7044de65c,
9/4/2024,11:21:41,Jim Lim,,,,Belanda,move. Focal start,RN,ct:a31304f7c3a74c3d0000000000000000,,,Save data,9/4/2024 4:37,9/4/2024 4:21,+07:00,2024042601,9f2852f8-df87-41a8-8c60-1b74e21f29a6,a7ae86b9-ed69-4fee-b64b-ec3328b6dd86,
9/4/2024,11:14:00,Ted,,,Jim Lim,Robin,rest. Focal end,RN,ct:a31304f7c3a74c3d0000000000000000,,,Save data,9/4/2024 4:14,9/4/2024 4:14,+07:00,2024042601,55028e1c-9c88-47ec-a007-822ca49c72c2,011d8abb-629f-4ee0-9e32-d7228f921bf0,
9/4/2024,10:58:19,Ted,Robin,,,,Grooming. Focal start,RN,ct:a31304f7c3a74c3d0000000000000000,,,Save data,9/4/2024 4:14,9/4/2024 3:58,+07:00,2024042601,ed34db01-9cf3-4718-a07a-5f8bad62932b,a06e20f1-828b-4564-93e7-0a68e814b6fd,
9/4/2024,10:48:48,Kaya,,,,,foraging without tools. Focal end. Tree sp : L1,RN,ct:a31304f7c3a74c3d0000000000000000,,,Save data,9/4/2024 3:48,9/4/2024 3:48,+07:00,2024042601,5cecaa7c-10b5-47ce-ac21-3fbecebb98dd,44a72a89-115d-4441-8f61-63f6e618915f,
9/4/2024,10:32:56,Kaya,Belanda,,,,Grooming. Focal start,RN,ct:a31304f7c3a74c3d0000000000000000,,,Save data,9/4/2024 3:48,9/4/2024 3:32,+07:00,2024042601,8fb082f2-9003-4c19-97cf-5e920e568278,8cf472ab-bc0a-4278-8d10-cffda4d52f0e,
9/4/2024,9:49:04,Dandi,,,,,rest. Focal start,RN,ct:a31304f7c3a74c3d0000000000000000,,,Save data,9/4/2024 3:48,9/4/2024 2:49,+07:00,2024042601,7a436fb5-9726-490b-a6b4-8b806490a97e,2abaa6c7-1508-46b2-883a-2657034e2459,
9/4/2024,9:48:04,Naina,,,,,move. Focal end,RN,ct:a31304f7c3a74c3d0000000000000000,,,Save data,9/4/2024 2:48,9/4/2024 2:48,+07:00,2024042601,5bd1a48a-53ec-48a5-9b9f-63033806214b,73be6000-9d42-46cc-93d8-4913968d1b5b,
9/4/2024,9:32:39,Naina,,,,,foraging without tools. Focal start ,RN,ct:a31304f7c3a74c3d0000000000000000,,,Save data,9/4/2024 2:48,9/4/2024 2:32,+07:00,2024042601,b5a9ecec-b099-4ff2-bacb-cc0a6247f668,de17c235-b32f-4edd-92c8-870822e88999,
9/4/2024,9:27:08,Vula,Kaya,,,Who,foraging without tools. Focal start ,RN,ct:a31304f7c3a74c3d0000000000000000,,,Save data,9/4/2024 2:48,9/4/2024 2:27,+07:00,2024042601,19646cef-d449-4484-9d07-8efbc01b8c7c,04285adb-8287-427d-8637-e5de7b15eba2,
9/4/2024,8:26:17,Pat,,Jim Lim,Ali,,rest. Focal start,RN,ct:a31304f7c3a74c3d0000000000000000,,,Save data,9/4/2024 2:48,9/4/2024 1:26,+07:00,2024042601,8e8bdd9e-b44f-49bb-bf61-f52e9e14f81b,536e7146-a795-4574-8576-3b49730ca2ea,
9/4/2024,8:19:24,Robin,,,,,move. Focal end,RN,ct:a31304f7c3a74c3d0000000000000000,,,Save data,9/4/2024 1:19,9/4/2024 1:19,+07:00,2024042601,62f6009e-8605-446f-9fae-08653f8f7491,70a9673a-56ec-4007-8955-3dcbb4a0cb9c,
9/4/2024,8:03:13,Robin,,,Belanda,,move. Focal start,RN,ct:a31304f7c3a74c3d0000000000000000,,,Save data,9/4/2024 1:19,9/4/2024 1:03,+07:00,2024042601,2f50b59f-5ddb-4670-9f47-7c0854feae39,d1c3074a-8919-40e6-83f6-0dd243be7120,
9/4/2024,7:51:46,Flame,Taipan,Belanda,,Juvenile 2,Grooming. Focal end,RN,ct:a31304f7c3a74c3d0000000000000000,,,Save data,9/4/2024 0:51,9/4/2024 0:51,+07:00,2024042601,e46eaed3-89fa-452e-ab76-5b6351a2d926,0e29a8d9-80ee-47d4-9d18-603e9ec329e4,
9/4/2024,7:35:29,Flame,Ali,,,,Grooming. Focal start,RN,ct:a31304f7c3a74c3d0000000000000000,,,Save data,9/4/2024 0:51,9/4/2024 0:35,+07:00,2024042601,3d6f96f9-d92b-444b-94d9-3d72280b6001,2a10f375-7909-4ef5-8ba9-d8369e6cf0d9,
9/4/2024,7:35:12,Ali,Flame,,,,Grooming. Focal end,RN,ct:a31304f7c3a74c3d0000000000000000,,,Individuals,9/4/2024 0:51,9/4/2024 0:35,+07:00,2024042601,4f78f0cf-9787-4a43-a8bf-81565159d6c0,f2f54409-67c7-463a-928f-f5e8abdcbe1b,
9/4/2024,7:20:01,Ali,,,,Juvenile 1,rest. Focal start,RN,ct:a31304f7c3a74c3d0000000000000000,,,Save data,9/4/2024 0:51,9/4/2024 0:20,+07:00,2024042601,0436c640-a1f2-4ffd-b15f-2035118dcf5f,8c88d88f-95ee-4c8c-b23a-2642f57cb7b5,
9/4/2024,7:17:36,Yaiko,,Older,,,foraging without tools. Focal end ,RN,ct:a31304f7c3a74c3d0000000000000000,,,Save data,9/4/2024 0:17,9/4/2024 0:17,+07:00,2024042601,c8839151-0e45-48f3-9b59-ffffee0aae73,19f784b8-1a1e-4fe4-9436-0f38541ef07d,
9/4/2024,7:01:51,Yaiko,,,Whitney,,stone-tool use. Focal start,RN,ct:a31304f7c3a74c3d0000000000000000,,,Save data,9/4/2024 0:17,9/4/2024 0:01,+07:00,2024042601,c3859349-c64b-4f76-a6db-3661dcc5421a,8b5e1fbb-cde5-46e0-9b02-cd18d71be166,
9/6/2024,17:16:42,Iyla,,,,,move. Focal end,RN,ct:a31304f7c3a74c3d0000000000000000,,,Save data,9/6/2024 10:17,9/6/2024 10:16,+07:00,2024042601,339303ba-a158-451c-a101-9a861300a882,e8444f0b-be34-41c1-aa31-f1030c2588e9,
9/6/2024,17:01:07,Iyla,,,Jim Lim,Lady Boy,foraging without tools. Focal start,RN,ct:a31304f7c3a74c3d0000000000000000,,,Save data,9/6/2024 10:17,9/6/2024 10:01,+07:00,2024042601,f3e254be-675e-46cc-9443-f7e5f6b7d33f,c8b57e3d-701d-4919-906f-803c38ab6db5,
9/6/2024,16:41:55,Aura,,,,,stone-tool use. Focal start,RN,ct:a31304f7c3a74c3d0000000000000000,,,Save data,9/6/2024 10:17,9/6/2024 9:41,+07:00,2024042601,794670b2-ce50-4610-9725-60b7ceafe7b9,1f148da2-b222-424e-8a02-d4c46b7a94ea,
9/6/2024,16:38:16,Whitney,,,Lip,Black infant,stone-tool use. Focal end,RN,ct:a31304f7c3a74c3d0000000000000000,,,Save data,9/6/2024 9:38,9/6/2024 9:38,+07:00,2024042601,3754e92c-6ef6-4855-ae25-c90a31a832a2,f83de78d-af84-4095-a91a-528d639a3227,
9/6/2024,16:22:15,Whitney,,,Juvenile 2 Kaya,,stone-tool use. Focal start,RN,ct:a31304f7c3a74c3d0000000000000000,,,Save data,9/6/2024 9:38,9/6/2024 9:22,+07:00,2024042601,5b76d0f4-d34a-499a-b6bb-4d60ad5323e4,9275aba3-9868-4d41-8b9c-a6c5cb6821b6,
9/6/2024,16:06:36,Naina,,,,,stone-tool use. Focal end,RN,ct:a31304f7c3a74c3d0000000000000000,,,Save data,9/6/2024 9:06,9/6/2024 9:06,+07:00,2024042601,09352cb4-5391-447e-9ae2-d31794f989b9,c1b5380d-e6f2-405b-a22f-a1b832bebdf6,
9/6/2024,15:50:59,Naina,,,,Vula,stone-tool use. Focal strt,RN,ct:a31304f7c3a74c3d0000000000000000,,,Save data,9/6/2024 9:06,9/6/2024 8:50,+07:00,2024042601,3c70cde4-97d1-4cfc-a035-7cdfebe2feac,d038f946-f6bd-43fc-a93e-162da6c23453,
9/6/2024,15:29:44,Pinky,,,Juvenile 2,,rest. Focal end,RN,ct:a31304f7c3a74c3d0000000000000000,,,Save data,9/6/2024 8:29,9/6/2024 8:29,+07:00,2024042601,b4365b64-c40b-4910-a10a-6fb3ff9038be,907736bb-ce2b-4274-913d-6b4a6fa6efb1,
9/6/2024,15:14:12,Pinky,,,,F_Subadult,foraging without tools. Focal start ,RN,ct:a31304f7c3a74c3d0000000000000000,,,Save data,9/6/2024 8:29,9/6/2024 8:14,+07:00,2024042601,61ced128-8330-4cf0-ae3c-e5b1b3ed9cbd,a491bdfb-0148-42e0-a1fb-e760d3a311f9,
9/6/2024,12:40:23,Vula,Black infant Cacao Kaya,,,,rest. Focal end,RN,ct:a31304f7c3a74c3d0000000000000000,,,Save data,9/6/2024 5:40,9/6/2024 5:40,+07:00,2024042601,3bc6c311-391f-4f55-a19d-0e073af6362e,a61486ba-94de-45ec-b950-09da636925ce,
9/6/2024,12:24:38,Vula,Black infant Cacao,,Kaya,Yaiko,rest. Focal start,RN,ct:a31304f7c3a74c3d0000000000000000,,,Save data,9/6/2024 5:40,9/6/2024 5:24,+07:00,2024042601,e70ab417-3d89-4735-8abc-7022d9f0500a,33968f3f-ef10-4398-9698-ad13ca61aa22,
9/6/2024,12:17:03,Cacao,Vula,Black infant,Juvenile 1,,rest. Focal end,RN,ct:a31304f7c3a74c3d0000000000000000,,,Save data,9/6/2024 5:17,9/6/2024 5:17,+07:00,2024042601,06fe4aa6-e6aa-4af5-865c-a5d397eea85d,02e222a5-d28c-4bf5-9b59-f8cf5bd5098b,
9/6/2024,12:01:19,Cacao,Babosa,Black infant,,Ali Pat F_Subadult Taipan,Grooming. Focal start,RN,ct:a31304f7c3a74c3d0000000000000000,,,Save data,9/6/2024 5:17,9/6/2024 5:01,+07:00,2024042601,3156851e-06ff-4e4c-8ca1-b64bad1778cf,990f1a9b-7ab6-4249-b279-fb093b3bc6fc,
9/6/2024,11:56:11,Jim Lim,,Ted,,,move. Focal end,RN,ct:a31304f7c3a74c3d0000000000000000,,,Save data,9/6/2024 5:17,9/6/2024 4:56,+07:00,2024042601,f0d66b10-8801-4009-b518-8b551783df3a,2e8fe47c-f133-4ce4-883e-9d8e563d5dc7,
9/6/2024,11:40:38,Jim Lim,,,Ali,,rest. Focal start,RN,ct:a31304f7c3a74c3d0000000000000000,,,Save data,9/6/2024 5:17,9/6/2024 4:40,+07:00,2024042601,2a442ae9-37e1-40f4-8f92-072e4f488455,8527f4fc-aaaf-4251-b1d9-4d045b2d04cf,
9/6/2024,11:29:28,Taipan,,,,Flame,rest. Focal start,RN,ct:a31304f7c3a74c3d0000000000000000,,,Save data,9/6/2024 5:17,9/6/2024 4:29,+07:00,2024042601,3c4708c1-d1f4-40f6-883a-6dd2b5732872,c17aef69-e521-4d48-abd0-2ea71b43ba5b,
9/6/2024,11:11:14,Whitney,,,Juvenile 2,,foraging without tools. Focal start ,RN,ct:a31304f7c3a74c3d0000000000000000,,,Save data,9/6/2024 5:17,9/6/2024 4:11,+07:00,2024042601,89c421b9-4713-4bea-831c-a4f6cf6403ba,6e363136-eeb9-4bbb-95d2-89007e16b074,
9/6/2024,10:45:16,Granny,,Black infant,,,climb. Focal end,RN,ct:a31304f7c3a74c3d0000000000000000,,,Save data,9/6/2024 3:45,9/6/2024 3:45,+07:00,2024042601,8e7ad8ea-5669-4727-b74b-a2be00ade3f5,23813b66-d3dc-4b54-a9a0-686a9eaf7244,
9/6/2024,10:29:47,Granny,,Black infant,,,rest. Focal start,RN,ct:a31304f7c3a74c3d0000000000000000,,,Save data,9/6/2024 3:45,9/6/2024 3:29,+07:00,2024042601,7b801671-8c3f-478b-9510-d12a24271dff,4aec691b-bd30-45d6-8ec5-b66b81e56887,
9/6/2024,10:17:52,Kal,,,,,rest. Focal end,RN,ct:a31304f7c3a74c3d0000000000000000,,,Save data,9/6/2024 3:18,9/6/2024 3:17,+07:00,2024042601,f0bbaad2-c411-4577-a814-784330d52038,2b2a2cdc-aaec-40e1-843f-47065e3c80d3,
9/6/2024,10:02:17,Kal,,,,,rest. Focal start,RN,ct:a31304f7c3a74c3d0000000000000000,,,Save data,9/6/2024 3:17,9/6/2024 3:02,+07:00,2024042601,11261cef-5569-4936-8c7a-f7d2d8945627,723de20e-5ea2-497a-9eef-8645b93b8840,
9/6/2024,10:01:16,Robin,,Pat,,,rest. Focal end,RN,ct:a31304f7c3a74c3d0000000000000000,,,Save data,9/6/2024 3:01,9/6/2024 3:01,+07:00,2024042601,3807e30c-38b7-428f-8cf4-a02f10528b0c,22738452-3b90-411f-930e-27eab525799e,
9/6/2024,9:45:50,Robin,,,,Black infant Quindoline,rest. Focal start,RN,ct:a31304f7c3a74c3d0000000000000000,,,Save data,9/6/2024 3:01,9/6/2024 2:45,+07:00,2024042601,313a0084-61c7-4647-9c13-3c2e5deb7d04,66da8bae-c62c-4dac-9776-544d2ad824b2,
9/6/2024,9:41:55,Quindoline,Black infant Robin,,,,Grooming. Focal end,RN,ct:a31304f7c3a74c3d0000000000000000,,,Save data,9/6/2024 2:41,9/6/2024 2:41,+07:00,2024042601,5c4dd6da-7a4d-401d-9595-e0c0776b8f22,3e83d352-8309-4753-bf7e-71725b10f3bd,
9/6/2024,9:26:18,Quindoline,,,,,move. Focal start,RN,ct:a31304f7c3a74c3d0000000000000000,,,Save data,9/6/2024 2:41,9/6/2024 2:26,+07:00,2024042601,73f11e44-2a4a-4b27-89c0-4f29c1c019bd,8b90180f-b748-4fe7-a9b3-dced8a404e18,
9/6/2024,8:21:39,Dandi,,,,,stone-tool use. Focal end,RN,ct:a31304f7c3a74c3d0000000000000000,,,Save data,9/6/2024 1:21,9/6/2024 1:21,+07:00,2024042601,5c2cec22-5d49-4d21-ad10-2132d5f87a0c,a28e1783-8f95-41b8-bb8a-3a5f421a1a71,
9/6/2024,8:05:45,Dandi,,Who,,,stone-tool use (oyster).,RN,ct:a31304f7c3a74c3d0000000000000000,,,Save data,9/6/2024 1:21,9/6/2024 1:05,+07:00,2024042601,4b80830c-9e5c-4367-b6b3-f6214376753d,bc42af39-ad3a-4437-bcdf-1702ac141aea,
9/6/2024,8:00:48,Lip,,,,,stone-tool use. Focal end,RN,ct:a31304f7c3a74c3d0000000000000000,,,Save data,9/6/2024 1:00,9/6/2024 1:00,+07:00,2024042601,eaffff4d-9b0e-493b-94d1-7cb9a2f739df,e6efdd4a-332c-4104-9ef3-93e38e4d4cbc,
9/6/2024,7:45:02,Lip,,,,,stone-tool use. Focal start,RN,ct:a31304f7c3a74c3d0000000000000000,,,Save data,9/6/2024 1:00,9/6/2024 0:45,+07:00,2024042601,3b5323bf-8685-4d6a-8fa6-ba7c091039bd,a5b479f3-4551-4434-9069-c5b3c74d820c,
9/6/2024,7:42:51,Kaya,,,,Older,climb. Focal end,RN,ct:a31304f7c3a74c3d0000000000000000,,,Save data,9/6/2024 0:42,9/6/2024 0:42,+07:00,2024042601,0b1ffac3-3c20-4bcb-b398-706329383c46,b0097188-f4c1-4fdd-acac-859c027a7e4b,
9/6/2024,7:27:04,Kaya,,Pat,Santa,,rest. Focal start,RN,ct:a31304f7c3a74c3d0000000000000000,,,Save data,9/6/2024 0:42,9/6/2024 0:27,+07:00,2024042601,4ec5f66f-fed5-4bee-b747-bc8c7730a1a5,2c37c7e5-b2b3-4e3b-ad4e-ed0e6899a187,
9/7/2024,8:36:28,Naina,Ted,,,,Grooming. Focal end,RN,ct:a31304f7c3a74c3d0000000000000000,,,Save data,9/7/2024 1:36,9/7/2024 1:36,+07:00,2024042601,a47e9bda-c2f6-4e33-aee5-3ebe8cd603eb,89da700c-9e32-4174-b248-01eb177a3d77,
9/7/2024,8:20:53,Naina,,,,F_Subadult,Right handed. search. Focal start,RN,ct:a31304f7c3a74c3d0000000000000000,,,Save data,9/7/2024 1:36,9/7/2024 1:20,+07:00,2024042601,df043b16-8bce-49f8-a04e-029f2b998382,86e0bc37-b7a7-4e7f-a472-7fe50e24286c,
9/7/2024,8:01:02,Belanda,,,,,rest. Focal start,RN,ct:a31304f7c3a74c3d0000000000000000,,,Save data,9/7/2024 1:36,9/7/2024 1:01,+07:00,2024042601,3d7f090a-9080-45a9-8924-6266ed0011e5,7c83ae59-683e-4d76-b971-7f4c6265bc46,
9/7/2024,7:59:19,Yaiko,,,,Dandi,rest. Focal end,RN,ct:a31304f7c3a74c3d0000000000000000,,,Save data,9/7/2024 0:59,9/7/2024 0:59,+07:00,2024042601,28dbe88c-d615-477b-8dd6-a798f9d8c3b5,93ae5aa1-8efa-4310-8a93-014eb3a62185,
9/7/2024,7:43:24,Yaiko,,,,,stone-tool use. Focal start,RN,ct:a31304f7c3a74c3d0000000000000000,,,Save data,9/7/2024 0:56,9/7/2024 0:43,+07:00,2024042601,133853cb-8485-4e37-bfe9-4a0548ccac6a,ad8c2f8d-31a8-413c-a24d-6cc16626ba50,
9/7/2024,7:40:30,Belanda,,,,Juvenile 1 Juvenile 2,rest. Focal start,RN,ct:a31304f7c3a74c3d0000000000000000,,,Save data,9/7/2024 0:56,9/7/2024 0:40,+07:00,2024042601,51db8ce2-7524-4dd7-abbd-cc55e114ce29,3471e871-0ef5-49aa-b7c6-1700a9eabbb2,
9/7/2024,7:36:49,Taipan,,,Flame,,stone-tool use. Focal end,RN,ct:a31304f7c3a74c3d0000000000000000,,,Save data,9/7/2024 0:36,9/7/2024 0:36,+07:00,2024042601,892cacf1-6511-4c35-ad77-34dafadda041,346357fb-a3b4-4e46-a1de-23e007c23234,
9/7/2024,7:20:55,Taipan,,,Jim Lim,,search. Focal start,RN,ct:a31304f7c3a74c3d0000000000000000,,,Save data,9/7/2024 0:36,9/7/2024 0:20,+07:00,2024042601,9d3a0210-9060-4ae2-81b8-c30e7b6ca761,5b374031-ac69-4338-81ac-c86722a176c7,
9/7/2024,7:19:21,Flame,,,,,stone-tool use. Focal end,RN,ct:a31304f7c3a74c3d0000000000000000,,,Save data,9/7/2024 0:36,9/7/2024 0:19,+07:00,2024042601,2bdf9e69-0505-419b-90ed-6286106de6e1,a01e1bc9-65be-4213-92d0-504dbb223214,
9/7/2024,7:04:02,Flame,,,,Taipan,stone-tool use. Focal start ,RN,ct:a31304f7c3a74c3d0000000000000000,,,Save data,9/7/2024 0:36,9/7/2024 0:04,+07:00,2024042601,b51fe29a-c102-435d-9bbc-8274d3cd28ab,20d3b270-863c-4ee4-8c3a-520dbe690645,
9/10/2024,17:37:58,Jim Lim,,Ali,Flame,,stone-tool use. Focal end,RN,ct:a31304f7c3a74c3d0000000000000000,,,Save data,9/10/2024 10:38,9/10/2024 10:37,+07:00,2024042601,02776907-1d47-4f1d-8b8f-00327f211ecf,d976c83d-d9d9-4e12-af4e-697ba161e7e3,
9/10/2024,17:22:23,Jim Lim,Older,,,,Grooming. Focal start,RN,ct:a31304f7c3a74c3d0000000000000000,,,Save data,9/10/2024 10:38,9/10/2024 10:22,+07:00,2024042601,38407946-87f4-4986-9e96-f689ad140fc3,98a32658-2ff8-4a13-91a4-7f352151ebf4,
9/10/2024,17:16:30,Granny,,Kal,F_Subadult,Juvenile 1 Juvenile 2 Pinky,SaF is Right handed,RN,ct:a31304f7c3a74c3d0000000000000000,,,Save data,9/10/2024 10:16,9/10/2024 10:16,+07:00,2024042601,1f84de1b-1d91-497c-9593-8c97e9012a06,9ff27c1a-d625-4fbf-8a10-3287f2382aac,
9/10/2024,17:00:44,Granny,,Black infant,,Juvenile 1 Juvenile 2,stone-tool use. Focal start,RN,ct:a31304f7c3a74c3d0000000000000000,,,Save data,9/10/2024 10:16,9/10/2024 10:00,+07:00,2024042601,6d85c0ca-e116-4da6-84f0-bea37a3934df,0171ebbe-7d69-4a0d-99e9-8e2472376b94,
9/10/2024,16:59:11,Lady Boy,,,Juvenile 1,Yaiko,stone-tool use. Focal end,RN,ct:a31304f7c3a74c3d0000000000000000,,,Save data,9/10/2024 9:59,9/10/2024 9:59,+07:00,2024042601,3790286f-41bd-4902-81a2-6a3b3113b0a7,b1a9c6ef-3c2c-4368-b197-8040911a1dc3,
9/10/2024,16:42:40,Lady Boy,,,,,search. Focal start,RN,ct:a31304f7c3a74c3d0000000000000000,,,Save data,9/10/2024 9:59,9/10/2024 9:42,+07:00,2024042601,516809b8-a524-4b8a-b7ba-31872f853f43,9dc8d09c-63fd-446b-9005-674f03d04c8c,
9/10/2024,15:55:26,Babosa,,,Kal,,rest. Focal end,RN,ct:a31304f7c3a74c3d0000000000000000,,,Save data,9/10/2024 8:55,9/10/2024 8:55,+07:00,2024042601,007213ed-41e5-4fbd-a033-e7a80ace8a7f,30d23ed6-80ef-4691-a2e5-4fe2a52b1140,
9/10/2024,15:39:22,Babosa,,,,,rest. Focal start,RN,ct:a31304f7c3a74c3d0000000000000000,,,Save data,9/10/2024 8:55,9/10/2024 8:39,+07:00,2024042601,cde00dc4-a4e8-469a-b5a5-d4d5209a0d0d,4024b451-c4e4-4c67-a631-c3334f0b8238,
9/10/2024,14:20:13,Cacao,,,Black infant,Vula,rest. Focal end,RN,ct:a31304f7c3a74c3d0000000000000000,,,Save data,9/10/2024 7:20,9/10/2024 7:20,+07:00,2024042601,c941fc05-7c4a-4c73-9781-1bbccab48751,191861c9-e5f5-4fa4-8c03-5b3ae1a356fe,
9/10/2024,14:04:40,Cacao,,Black infant Vula,,Aura,rest. Focal start,RN,ct:a31304f7c3a74c3d0000000000000000,,,Save data,9/10/2024 7:20,9/10/2024 7:04,+07:00,2024042601,e04ae727-ec15-4517-9482-cd70a4285fcf,0873cf11-0d3b-4a01-8810-afc1ad2029fd,
9/10/2024,13:36:10,Cacao,Black infant,,Juvenile 2 Vula,Black infant Oreo Quindoline,rest. Focal start,RN,ct:a31304f7c3a74c3d0000000000000000,,,Save data,9/10/2024 7:20,9/10/2024 6:36,+07:00,2024042601,f2a723e5-def7-4995-ade5-29533c388353,2bd9c5cd-3c46-47ba-ac24-8d771f887f52,
9/10/2024,13:06:16,Quindoline,,Black infant,,,rest. Focal end,RN,ct:a31304f7c3a74c3d0000000000000000,,,Save data,9/10/2024 6:06,9/10/2024 6:06,+07:00,2024042601,829f9f44-424d-4518-8bf8-f9fa801047ef,3088f23b-b648-439b-867b-4bd90c425d80,
9/10/2024,12:51:00,Quindoline,,Black infant,,,rest. Focal start,RN,ct:a31304f7c3a74c3d0000000000000000,,,Save data,9/10/2024 6:06,9/10/2024 5:51,+07:00,2024042601,838a20a9-e5e9-4d7f-9e70-fd3a8b6cf658,12c336ce-feba-4633-8f03-de4cdae17214,
9/10/2024,12:44:31,Vula,Black infant Iyla,,,Pat,Grooming. Focal end,RN,ct:a31304f7c3a74c3d0000000000000000,,,Save data,9/10/2024 5:44,9/10/2024 5:44,+07:00,2024042601,3c2208de-a794-4e7b-83c5-2d5d058af926,4825e254-a63b-4c16-b967-e5f9ecaad314,
9/10/2024,12:28:43,Vula,Black infant,,,,rest. Focal start,RN,ct:a31304f7c3a74c3d0000000000000000,,,Save data,9/10/2024 5:28,9/10/2024 5:28,+07:00,2024042601,542803ea-7e9a-4ac0-9ace-5a5d24e4cbf0,0468213a-6389-48ad-b520-8abc5921fd6a,
9/10/2024,11:20:05,Yaiko,,,,,foraging without tools. Focal end ,RN,ct:a31304f7c3a74c3d0000000000000000,,,Save data,9/10/2024 4:20,9/10/2024 4:20,+07:00,2024042601,43889f44-ed23-43b8-8a3c-f0c1c831912d,a4196e7b-9a58-4838-9083-3df3f171b373,
9/10/2024,11:04:27,Yaiko,,,,Juvenile 2,rest. Focal start,RN,ct:a31304f7c3a74c3d0000000000000000,,,Save data,9/10/2024 4:20,9/10/2024 4:04,+07:00,2024042601,5377621c-1fe8-487a-9fa7-f6b74074e778,2c7a1a93-08ac-4296-b47a-4a7554b0670d,
9/10/2024,11:02:52,Whitney,,,Robin,Juvenile 2 M_Adult,Who. rest. Focal end,RN,ct:a31304f7c3a74c3d0000000000000000,,,Save data,9/10/2024 4:02,9/10/2024 4:02,+07:00,2024042601,337290fc-ea87-4099-bc11-53fd3915d5d2,e171d50c-708f-4a40-ad59-4f14f474b741,
9/10/2024,10:47:11,Whitney,Kaya,Black infant,Juvenile 1,Juvenile 1 Pat,Grooming. Focal start,RN,ct:a31304f7c3a74c3d0000000000000000,,,Save data,9/10/2024 4:02,9/10/2024 3:47,+07:00,2024042601,a161d36e-2cef-4daf-a8d3-95276197c33b,e4b11b26-9b78-49e0-b59b-0a580544d7a2,
9/10/2024,10:03:42,Flame,,,Ted,Juvenile 2 Oreo,move. Focal end,RN,ct:a31304f7c3a74c3d0000000000000000,,,Save data,9/10/2024 3:03,9/10/2024 3:03,+07:00,2024042601,b9c4c0a6-2b65-4180-8719-c602ab562442,a66e5634-b9e0-428f-9bb5-8c59bfc86b39,
9/10/2024,9:47:59,Flame,,Old infant Ted,Black infant Cacao Vula,Dandi Kaya,rest. Focal start,RN,ct:a31304f7c3a74c3d0000000000000000,,,Save data,9/10/2024 3:03,9/10/2024 2:47,+07:00,2024042601,e1c8d02e-c32c-4f4d-8254-46417879a37b,148bcd6e-d425-4b42-bbe4-53767d2f1c24,
9/10/2024,9:45:31,Kaya,Cacao,Black infant Flame Vula,Juvenile 2 Ted,,Grooming. Focal end. ,RN,ct:a31304f7c3a74c3d0000000000000000,,,Save data,9/10/2024 2:46,9/10/2024 2:45,+07:00,2024042601,7422b0ec-0128-4c03-99a2-a7879e7af3d7,3272d13a-fca0-463f-9738-877a64eb5acb,
9/10/2024,9:29:11,Kaya,,,Pat,,stone-tool use. Focal start,RN,ct:a31304f7c3a74c3d0000000000000000,,,Save data,9/10/2024 2:46,9/10/2024 2:29,+07:00,2024042601,8571b9b8-c31b-4e33-8c08-481ff763d247,ded3fc6c-8278-4125-ad74-6af2c0f58a53,
9/10/2024,9:06:26,Robin,,Ted,,,rest. Focal end,RN,ct:a31304f7c3a74c3d0000000000000000,,,Save data,9/10/2024 2:06,9/10/2024 2:06,+07:00,2024042601,1f313410-e664-4e74-ae15-f2f0f5ba2990,6be60a9c-cbf2-4f26-b6c0-83dfc711a1fa,
9/10/2024,8:51:01,Robin,,,,,foraging without tools. Focal start,RN,ct:a31304f7c3a74c3d0000000000000000,,,Save data,9/10/2024 2:06,9/10/2024 1:51,+07:00,2024042601,b40e8fe0-fc63-4e15-902c-3e0ce708487c,d13eb170-3926-450f-be69-b1acb7abd8f5,
9/10/2024,8:50:23,Ali,,,,,rest. Focal end,RN,ct:a31304f7c3a74c3d0000000000000000,,,Save data,9/10/2024 2:06,9/10/2024 1:50,+07:00,2024042601,e92421fd-cd0b-4592-bd5a-c9157b30148e,04fd97dd-c595-4647-b43a-a793580733d7,
9/10/2024,8:35:00,Ali,,,,Black infant Juvenile 1 Juvenile 2,move. Focal start,RN,ct:a31304f7c3a74c3d0000000000000000,,,Save data,9/10/2024 2:06,9/10/2024 1:35,+07:00,2024042601,9ac9c96c-45a9-473d-9248-e4d38a1d1798,5d86bac5-f78c-4152-bd1a-e721efc93d0d,
9/10/2024,8:27:13,Iyla,,,,Black infant Juvenile 2 Gramps Quindoline,Drinking. Focal end,RN,ct:a31304f7c3a74c3d0000000000000000,,,Save data,9/10/2024 1:27,9/10/2024 1:27,+07:00,2024042601,c38a44b3-0308-47b1-aef6-7a87bcf152ff,04a933b4-01b8-4fa5-a185-957a9ad767ac,
9/10/2024,8:11:29,Iyla,,,,Tutu Jim Lim Lip Vula,Toolimg. Focal start,RN,ct:a31304f7c3a74c3d0000000000000000,,,Save data,9/10/2024 1:27,9/10/2024 1:11,+07:00,2024042601,368b2ed8-98cd-40f7-9050-e935e3f93034,0c3289f5-5606-479a-8be4-944c16f0d187,
9/10/2024,8:05:59,Aura,,,,,rest. Focal end,RN,ct:a31304f7c3a74c3d0000000000000000,,,Save data,9/10/2024 1:06,9/10/2024 1:05,+07:00,2024042601,ad018769-c47f-4377-88f2-e121bf3d76b1,61a5fc61-7b49-4e9f-9ad4-a69b3ffe5ba0,
9/10/2024,7:49:59,Aura,,,,Naina,stone-tool use. Focal start. Chicken island,RN,ct:a31304f7c3a74c3d0000000000000000,,,Save data,9/10/2024 1:06,9/10/2024 0:49,+07:00,2024042601,27a893a8-9da9-4de9-a3b4-e8c7d4c6abc5,c240f648-5d2d-4058-97f1-6087f65421cf,
9/10/2024,7:45:17,Oreo,,,,,foraging without tools. Focal end. All in chicken island,RN,ct:a31304f7c3a74c3d0000000000000000,,,Save data,9/10/2024 0:45,9/10/2024 0:45,+07:00,2024042601,d34791db-9bce-4e14-a41c-58da9d2d10c3,5164a3e1-3685-4634-9d1d-414b416f4038,
9/10/2024,7:29:30,Oreo,,,Tin tin,,stone-tool use. Focal start,RN,ct:a31304f7c3a74c3d0000000000000000,,,Save data,9/10/2024 0:45,9/10/2024 0:29,+07:00,2024042601,2963402b-f592-41c9-89b6-596640a104a3,a2f95d6a-979a-49e3-8cda-f8c418853197,
9/10/2024,7:26:06,Pinky,,F_Subadult,Juvenile 2,,SaF: left handed tool user,RN,ct:a31304f7c3a74c3d0000000000000000,,,Save data,9/10/2024 0:26,9/10/2024 0:26,+07:00,2024042601,7d105d97-5cf2-49f1-b259-b7b935e0880b,bdf5f0f7-ed0a-43e4-a387-8ca4d6b8823d,
9/10/2024,7:10:08,Pinky,,,,F_Subadult,Right handed SaF. stone-tool use. Focal start,RN,ct:a31304f7c3a74c3d0000000000000000,,,Save data,9/10/2024 0:26,9/10/2024 0:10,+07:00,2024042601,d90259c2-4aa2-41d5-8044-f968df8ff4d2,114bc6c2-320a-425c-a556-ad16e56de362,
9/10/2024,7:03:00,Naina,,,,,stone-tool use. Focal end,RN,ct:a31304f7c3a74c3d0000000000000000,,,Save data,9/10/2024 0:03,9/10/2024 0:03,+07:00,2024042601,a3105af9-c591-471b-a042-d1438f0b5740,5142a05d-21f0-4ce8-b269-cb2da94d76f4,
9/10/2024,6:47:08,Naina,,,,,search. Focal start ,RN,ct:a31304f7c3a74c3d0000000000000000,,,Save data,9/10/2024 0:03,9/9/2024 23:47,+07:00,2024042601,35f10330-e111-496b-bbd9-3faa9f5fa5ea,aefcaa45-e706-4b03-b027-79b0a6b272e5,
9/12/2024,11:43:34,Granny,Black infant Juvenile 2 F_Subadult Iyla,,,,Grooming. Focal start,RN,ct:a31304f7c3a74c3d0000000000000000,,,Save data,10/19/2024 8:26,9/12/2024 4:43,+07:00,2024042601,3568aead-c292-4736-a211-d52ca08d75fc,5180e1fc-cd4f-4b50-a570-e709e447791d,
9/12/2024,11:08:57,Dandi,,Babosa,,Juvenile 1,rest. Focal start,RN,ct:a31304f7c3a74c3d0000000000000000,,,Save data,10/19/2024 8:26,9/12/2024 4:08,+07:00,2024042601,71587e34-3992-435c-822b-bf0bbbdba7ef,335bbc58-159e-4ae6-b566-80d2edf82e21,
9/12/2024,11:08:20,Harley,Oreo,,,Juvenile 1 Dandi,Grooming. Focal end,RN,ct:a31304f7c3a74c3d0000000000000000,,,Save data,10/19/2024 8:26,9/12/2024 4:08,+07:00,2024042601,1503589b-23e1-403e-9208-f83c9a2aff91,b22b4065-1a33-4f38-bf2c-a290c1f88fc9,
9/12/2024,10:52:40,Harley,Juvenile 1,,,,Groom. Focal start,RN,ct:a31304f7c3a74c3d0000000000000000,,,Save data,10/19/2024 8:26,9/12/2024 3:52,+07:00,2024042601,d0d50298-fff7-4673-a845-7b349c889bff,be5fb174-e059-480e-875a-9ae602f47329,
9/12/2024,10:50:40,Aura,,,Juvenile 1,,rest. Focal end,RN,ct:a31304f7c3a74c3d0000000000000000,,,Save data,9/12/2024 3:50,9/12/2024 3:50,+07:00,2024042601,574ac3c7-3524-4e4a-871f-2285deca5273,537e976b-f55b-4918-b702-ccdb427b0b6d,
9/12/2024,10:35:03,Aura,,,,Robin,stone-tool use. Focal start,RN,ct:a31304f7c3a74c3d0000000000000000,,,Save data,9/12/2024 3:50,9/12/2024 3:35,+07:00,2024042601,b0aeadfe-a5ff-40a3-a8af-14fa198e468a,9ad7f58e-f521-438c-b525-6b59aa1bf03b,
9/12/2024,10:20:48,Granny,,,,,stone-tool use. Focal start ,RN,ct:a31304f7c3a74c3d0000000000000000,,,Save data,9/12/2024 3:50,9/12/2024 3:20,+07:00,2024042601,353053d1-c3a7-4d28-bde5-6a6799d596e8,27652465-b3d0-46c9-bad0-5c55a9abbd63,
9/12/2024,9:53:50,Jim Lim,,Ali,Old infant,,stone-tool use. Focal end,RN,ct:a31304f7c3a74c3d0000000000000000,,,Save data,9/12/2024 2:53,9/12/2024 2:53,+07:00,2024042601,35cac583-fd92-4d63-8005-0bf8b0e4cc6d,7acd4cfc-6bb0-4691-9bd6-f849c1000c2d,
9/12/2024,9:38:05,Jim Lim,,Ali,Juvenile 1 Kal,,stone-tool use. Focal start,RN,ct:a31304f7c3a74c3d0000000000000000,,,Save data,9/12/2024 2:53,9/12/2024 2:38,+07:00,2024042601,ab42b17a-93ee-46b5-9b14-c4e5ae5c08ad,b558266f-ed12-4099-ab2a-fc0a003aa9a4,
9/12/2024,9:34:19,Iyla,,,Dandi,,stone-tool use. Focal end,RN,ct:a31304f7c3a74c3d0000000000000000,,,Save data,9/12/2024 2:34,9/12/2024 2:34,+07:00,2024042601,0cfc3330-b6df-4642-9933-7192713f40a7,2ec6ad46-de33-41a8-8978-cf59c56a11a2,
9/12/2024,9:18:38,Iyla,,,,,stone-tool use. Focal start,RN,ct:a31304f7c3a74c3d0000000000000000,,,Save data,9/12/2024 2:34,9/12/2024 2:18,+07:00,2024042601,648dc431-a069-45ae-9bc2-9211bc52bbd5,3ddeb5ba-64d1-4b1b-b070-9763e055c0e6,
9/12/2024,9:17:00,Whitney,,,,Dandi,stone-tool use. Focal end,RN,ct:a31304f7c3a74c3d0000000000000000,,,Save data,9/12/2024 2:17,9/12/2024 2:17,+07:00,2024042601,849da846-a223-4158-9cec-f31e2b375f87,202640b0-e99d-41e6-a6a6-408c325ab324,
9/12/2024,9:01:22,Whitney,,,,Juvenile 1,stone-tool use. Focal start,RN,ct:a31304f7c3a74c3d0000000000000000,,,Save data,9/12/2024 2:17,9/12/2024 2:01,+07:00,2024042601,48a1e1aa-1d0a-417f-9bcb-3bb6c5345018,29af0043-db0d-4ea5-bccc-12dde930c791,
9/12/2024,8:58:49,Pinky,,,Dandi,Juvenile 2 Belanda,stone-tool use. Focal end,RN,ct:a31304f7c3a74c3d0000000000000000,,,Save data,9/12/2024 1:58,9/12/2024 1:58,+07:00,2024042601,2a527d58-359c-461b-820c-c85e5ef6f0ec,105411ce-28cf-438e-9076-ff46a55b50e5,
9/12/2024,8:42:55,Pinky,,,,,search. Focal start,RN,ct:a31304f7c3a74c3d0000000000000000,,,Save data,9/12/2024 1:58,9/12/2024 1:42,+07:00,2024042601,f52e8eaf-ad5c-4a91-b8ca-4424f40ce95b,b8a27aaf-f916-4ac9-8241-f6d5d8d5f821,
9/12/2024,8:32:13,Kaya,Black infant Quindoline,,,Pat,rest. Focal end ,RN,ct:a31304f7c3a74c3d0000000000000000,,,Save data,9/12/2024 1:32,9/12/2024 1:32,+07:00,2024042601,b56909b7-c734-4dcf-91da-06ef30ac6c23,7fb24cb8-7476-4679-914c-e92f4e65dbb1,
9/12/2024,8:16:13,Kaya,,,,,move. Focal start,RN,ct:a31304f7c3a74c3d0000000000000000,,,Save data,9/12/2024 1:32,9/12/2024 1:16,+07:00,2024042601,103cb250-f5dd-4927-940c-f3c0347bd1ec,4d3c84c7-0d34-49a2-9a9e-db3c00b65af5,
9/12/2024,8:13:15,Vula,,,,,stone-tool use. Focal end,RN,ct:a31304f7c3a74c3d0000000000000000,,,Save data,9/12/2024 1:13,9/12/2024 1:13,+07:00,2024042601,30416420-3978-4a24-96c3-e20d14e986e2,15859333-63c9-4c2b-b8dc-0b0a91727731,
9/12/2024,7:57:31,Vula,,,,F_Subadult,SaF is right handed. stone-tool use. Focal start,RN,ct:a31304f7c3a74c3d0000000000000000,,,Save data,9/12/2024 1:13,9/12/2024 0:57,+07:00,2024042601,d2a2ab79-7444-4328-9c34-e64ec2f992ad,1343259c-ef46-491c-9cb6-c59670e8b702,
9/12/2024,7:50:07,Vula,,,F_Subadult,F_Subadult Lip,stone-tool use. Focak start,RN,ct:a31304f7c3a74c3d0000000000000000,,,Save data,9/12/2024 1:13,9/12/2024 0:50,+07:00,2024042601,7c4462e7-6fd1-46fe-95cd-833da99bd860,9e52e010-c54d-4960-a328-655caabf52e0,
10/19/2024,17:09:11,Granny,,Black infant,Aura,Iyla,stone-tool use. Focal end,RN,ct:a31304f7c3a74c3d0000000000000000,,,Save data,10/19/2024 10:09,10/19/2024 10:09,+07:00,2024042601,498efe5c-ae8f-4c7f-954b-9499b76930d9,0eb8a20c-3048-4797-8404-740f88bcc0fe,
10/19/2024,16:52:48,Granny,,Black infant,,Juvenile 1,stone-tool use. Focal start,RN,ct:a31304f7c3a74c3d0000000000000000,,,Save data,10/19/2024 10:09,10/19/2024 9:52,+07:00,2024042601,bc2bb402-5ccc-4bc0-8e42-63d6523af323,82dc1bff-ac9d-4f8c-8e50-a7fcee4a5e93,
10/19/2024,16:26:25,Oreo,Juvenile 2,Jim Lim,Juvenile 1,,Grooming. Focal end,RN,ct:a31304f7c3a74c3d0000000000000000,,,Save data,10/19/2024 9:26,10/19/2024 9:26,+07:00,2024042601,b4e8349a-88b5-4ec8-9a79-f6f73f92e604,ad996db0-04a3-4bb8-b369-37902ede5a6f,
10/19/2024,16:10:42,Oreo,,Jim Lim Quindoline,Black infant,,stone-tool use. Focal start,RN,ct:a31304f7c3a74c3d0000000000000000,,,Save data,10/19/2024 9:26,10/19/2024 9:10,+07:00,2024042601,dc093a5f-9fa9-4aeb-bf07-5d1b5f1f6ec4,f03d2d71-627f-4363-878d-b9a32fc80f2b,
10/19/2024,16:07:15,Jim Lim,,Black infant Quindoline,,Old infant,stone-tool use. Focal end,RN,ct:a31304f7c3a74c3d0000000000000000,,,Save data,10/19/2024 9:07,10/19/2024 9:07,+07:00,2024042601,fe5c7df2-0454-4892-8de4-7ce418441c73,1be01fe6-e880-49a2-8ad8-b8af15dbe36b,
10/19/2024,15:50:51,Jim Lim,,F_Subadult,,,SaF is right handed. stone-tool use. Focal start,RN,ct:a31304f7c3a74c3d0000000000000000,,,Save data,10/19/2024 9:07,10/19/2024 8:50,+07:00,2024042601,d5098813-c65d-4723-8b11-bac2c1ce3f4d,400f63eb-bfcd-4d91-b455-7624e792a63e,
10/19/2024,15:44:33,Babosa,Oreo,,,,Grooming. Focal end,RN,ct:a31304f7c3a74c3d0000000000000000,,,Save data,10/19/2024 8:44,10/19/2024 8:44,+07:00,2024042601,f2ab0343-a4dc-47ad-be10-61ea7fd820b3,1081d16b-58a6-48f7-8b38-fd1acd8158a3,
10/19/2024,15:27:28,Babosa,,,,,stone-tool use. Focal start,RN,ct:a31304f7c3a74c3d0000000000000000,,,Save data,10/19/2024 8:44,10/19/2024 8:27,+07:00,2024042601,ac02bd40-399b-4bcc-b517-bea92e59430d,4d94ace9-7cf5-43c2-8e18-7c5af632fc22,
10/20/2024,17:29:15,Robin,,,,Ali,Travel. Focal end. Put stone-tool use in her previous scan. ,RN,ct:a31304f7c3a74c3d0000000000000000,,,Save data,10/20/2024 10:29,10/20/2024 10:29,+07:00,2024042601,25472741-31f9-4738-a3d6-e32dcba5dcf0,94dee298-1eb1-43dd-a901-9444f113eb99,
10/20/2024,17:13:18,Robin,,Pat,,,searching. Focal start,RN,ct:a31304f7c3a74c3d0000000000000000,,,Save data,10/20/2024 10:29,10/20/2024 10:13,+07:00,2024042601,85beb542-4ef9-45a5-992c-c91334421273,09254df7-1244-4651-8ed1-ae750f5bd825,
10/20/2024,16:10:03,Flame,,,,,foraging without tools. Focal end,RN,ct:a31304f7c3a74c3d0000000000000000,,,Save data,10/20/2024 9:10,10/20/2024 9:10,+07:00,2024042601,0ebd05e1-6a87-4560-8cae-8b5dfcef330a,47a0ffc9-caa7-437c-92dd-b340912a19b1,
10/20/2024,15:54:28,Flame,,M_Adult Rambo,Taipan,Juvenile 1 Juvenile 2,searching without tools. Focal start,RN,ct:a31304f7c3a74c3d0000000000000000,,,Save data,10/20/2024 9:10,10/20/2024 8:54,+07:00,2024042601,9aaecc3d-a7ca-4139-b5ad-02a778cd460c,ef6c947e-dea5-4123-8e29-cc99681fbdf1,
10/21/2024,16:41:56,Quindoline,,,Lip,,stone-tool use. Focal end,RN,ct:a31304f7c3a74c3d0000000000000000,,,Save data,10/21/2024 9:42,10/21/2024 9:41,+07:00,2024042601,aaac423f-1ed6-4986-999a-c6598fbde105,d61480b2-af93-4418-ad95-638cfa4b87d5,
10/21/2024,16:25:18,Quindoline,,,,,stone-tool use. Focal start,RN,ct:a31304f7c3a74c3d0000000000000000,,,Save data,10/21/2024 9:42,10/21/2024 9:25,+07:00,2024042601,aac57004-13b7-4b8e-a498-c55139e55bdc,de16015e-982a-45e8-9706-15cb938ca0ce,
10/21/2024,15:08:57,Oreo,Ali,,,,Grooming. Focal start,RN,ct:a31304f7c3a74c3d0000000000000000,,,Save data,10/21/2024 9:42,10/21/2024 8:08,+07:00,2024042601,dcd0b5c7-7bd5-4e36-b4d3-675dfce2f1f1,667a2659-5127-402d-9022-a3af17f77972,
10/21/2024,12:25:17,Yaiko,,,,,foraging without tools. Focal end ,RN,ct:a31304f7c3a74c3d0000000000000000,,,Save data,10/21/2024 5:25,10/21/2024 5:25,+07:00,2024042601,fa1a328a-9801-422b-a849-ffebdfc914f0,1e186771-d9d8-4f02-ac70-d149f91475cb,
10/21/2024,12:09:39,Yaiko,,,,,rest. Focal start,RN,ct:a31304f7c3a74c3d0000000000000000,,,Save data,10/21/2024 5:25,10/21/2024 5:09,+07:00,2024042601,f37870a1-064f-4cd2-9a1a-8ae1acb18b62,1440250e-a322-4f15-b00a-92402f2f17b5,
10/21/2024,11:31:52,Granny,,Black infant,,,rest. Focal end,RN,ct:a31304f7c3a74c3d0000000000000000,,,Save data,10/21/2024 4:32,10/21/2024 4:31,+07:00,2024042601,f7170f81-dee0-45fa-9bb6-56e156b6a633,8a526b40-a66a-461d-9e11-b1efc15162e0,
10/21/2024,11:16:35,Granny,Black infant,Juvenile 1 Juvenile 2 F_Subadult,Juvenile 2,F_Subadult,rest. Focal start,RN,ct:a31304f7c3a74c3d0000000000000000,,,Save data,10/21/2024 4:32,10/21/2024 4:16,+07:00,2024042601,c674c255-cd99-4409-bd61-db13da95d591,fd5dda43-d985-408f-9261-a651bffc3948,
10/21/2024,10:58:27,Yaiko,,,Juvenile 2,Old infant Juvenile 1 Juvenile 2 Kal Tutu F_Subadult,rest. Focal satrt,RN,ct:a31304f7c3a74c3d0000000000000000,,,Save data,10/21/2024 4:32,10/21/2024 3:58,+07:00,2024042601,000161ac-aca0-4bf4-bb8d-47d5473f711e,7100eb5e-a088-430b-b4d6-002439d59e42,
10/21/2024,10:47:50,Tutu,,Juvenile 2 Kal,Juvenile 1 Juvenile 2,,Anti-predator interaction. Focal end,RN,ct:a31304f7c3a74c3d0000000000000000,,,Save data,10/21/2024 3:47,10/21/2024 3:47,+07:00,2024042601,87c2a3c0-b673-423d-83f0-750e50b34f6b,1a1b9b16-d1e6-4ceb-b420-4c53fd09a51c,
10/21/2024,10:31:11,Tutu,,,,,rest. Focal start,RN,ct:a31304f7c3a74c3d0000000000000000,,,Save data,10/21/2024 3:47,10/21/2024 3:31,+07:00,2024042601,572833ce-5417-4534-9fe9-2b046fb2e234,54015044-7bed-47ff-8fc9-35e5c6319773,
10/21/2024,9:12:33,Betina,,,,,rest. Focal start,RN,ct:a31304f7c3a74c3d0000000000000000,,,Save data,10/21/2024 3:47,10/21/2024 2:12,+07:00,2024042601,9f85e81e-d870-48d4-b355-9738264088ec,d871ff27-2365-40c7-9fba-dbb7a195be21,
10/21/2024,8:53:58,Pinky,,Ali Tutu,,Juvenile 2,rest. Focal end,RN,ct:a31304f7c3a74c3d0000000000000000,,,Save data,10/21/2024 1:54,10/21/2024 1:53,+07:00,2024042601,0631b3eb-198c-4069-92c5-c0dfab8124a0,812716b8-51d8-4a33-ba4e-1aa524b0531a,
10/21/2024,8:38:02,Pinky,,Ali Tutu,Juvenile 2 Iyla,Juvenile 2 Pat,foraging without tools. Focal start,RN,ct:a31304f7c3a74c3d0000000000000000,,,Save data,10/21/2024 1:54,10/21/2024 1:38,+07:00,2024042601,e3406f75-5e52-44c2-83c4-02131c060c83,d9974a0c-c6df-4cd2-b562-10f2858dd8a8,
10/21/2024,8:31:59,Jim Lim,,,,,rest. Focal end,RN,ct:a31304f7c3a74c3d0000000000000000,,,Save data,10/21/2024 1:32,10/21/2024 1:31,+07:00,2024042601,5b1e04fc-1899-45bd-a867-636412b8690a,021c8cad-1a0b-478c-bb74-c85bbae0915c,
10/21/2024,8:16:25,Jim Lim,,,Whitney,,stone-tool use. Focal start,RN,ct:a31304f7c3a74c3d0000000000000000,,,Save data,10/21/2024 1:32,10/21/2024 1:16,+07:00,2024042601,265fd68a-bac0-44fb-a5e9-90adab492142,6c7b4c0d-e66a-4409-ab67-48baecf3cf47,
10/21/2024,8:06:30,Granny,,,Pinky,Jim Lim Yaiko,stone-tool use. Focal start,RN,ct:a31304f7c3a74c3d0000000000000000,,,Save data,10/21/2024 1:32,10/21/2024 1:06,+07:00,2024042601,0eaadc0a-0f19-4505-b47e-037ee8dddc99,1adcf917-30d9-403e-9491-2d1514b14ae6,
10/21/2024,8:02:08,Flame,,,Tutu,Juvenile 2 Aura,rest. Focal end,RN,ct:a31304f7c3a74c3d0000000000000000,,,Save data,10/21/2024 1:02,10/21/2024 1:02,+07:00,2024042601,f0f05ec4-a89e-4e8a-862f-d2614369c16f,db60c1a9-cc2d-4d42-b5bd-b1942123d450,
10/21/2024,7:46:47,Flame,,,Tutu,Belanda,rest. Focal start,RN,ct:a31304f7c3a74c3d0000000000000000,,,Save data,10/21/2024 1:02,10/21/2024 0:46,+07:00,2024042601,1e67b327-5da0-4742-b5ca-9476444902a4,64cdc0a5-72ae-4537-9a8c-5ad5ba6478fb,
10/21/2024,7:45:00,Iyla,,,,Black infant Dandi,stone-tool use. Focal start,RN,ct:a31304f7c3a74c3d0000000000000000,,,Save data,10/21/2024 1:02,10/21/2024 0:45,+07:00,2024042601,7b097df5-c2d9-4160-b1d3-43a1de6e9c8d,a44c7a66-71a1-4580-9a60-df61791d6e9e,
10/21/2024,7:39:16,Cacao,,,,,rest. Focal end,RN,ct:a31304f7c3a74c3d0000000000000000,,,Save data,10/21/2024 0:39,10/21/2024 0:39,+07:00,2024042601,aca5f74f-4652-439d-933a-7242189651d1,0432aa3c-7ca7-4356-b77c-d744001a80fc,
10/21/2024,7:23:45,Cacao,,,Kaya,,Focal start,RN,ct:a31304f7c3a74c3d0000000000000000,,,Save data,10/21/2024 0:39,10/21/2024 0:23,+07:00,2024042601,56c783c5-3ab0-453c-bd82-3fbc4a3dc8d2,eda5e6ec-9bfd-4a92-82b2-a031e76b429e,
10/21/2024,7:19:31,Aura,,,Bat,,move. Focal end,RN,ct:a31304f7c3a74c3d0000000000000000,,,Save data,10/21/2024 0:19,10/21/2024 0:19,+07:00,2024042601,7a66b599-495a-4463-bb64-31c33e4200ae,1113d5b8-78c1-43fb-9b23-1df978bac987,
10/21/2024,7:03:54,Aura,Bat,,,,Grooming. Focal start,RN,ct:a31304f7c3a74c3d0000000000000000,,,Save data,10/21/2024 0:19,10/21/2024 0:03,+07:00,2024042601,56086935-0557-4d00-989c-d834d596e634,46c14b52-9b56-4583-bf0e-001f1569470d,
10/21/2024,7:02:57,Dandi,,,,,rest. Focal end,RN,ct:a31304f7c3a74c3d0000000000000000,,,Save data,10/21/2024 0:03,10/21/2024 0:02,+07:00,2024042601,311c8128-997d-4c7b-bf95-230ae23f08b8,95b556be-0720-4f44-aacd-867e4e16c8ae,
10/21/2024,6:47:16,Dandi,,Belanda,,,Stone-tool.,RN,ct:a31304f7c3a74c3d0000000000000000,,,Save data,10/21/2024 0:03,10/20/2024 23:47,+07:00,2024042601,b0e9ff69-1679-4b27-a0ed-f5031b6d3f67,66113d95-ab49-48fa-809b-fffc1641ff9a,
10/23/2024,16:35:38,Kal,,,,,rest. Focal end,RN,ct:a31304f7c3a74c3d0000000000000000,,,Save data,10/23/2024 9:35,10/23/2024 9:35,+07:00,2024042601,50aa3242-a30f-4ee6-a2d5-bbf2da903f7b,2b097d02-c8b0-4bdf-8f9f-c2267e0a20ef,
10/23/2024,16:23:45,Kal,,Tin tin,F_Subadult,,rest. Focal start,RN,ct:a31304f7c3a74c3d0000000000000000,,,Save data,10/23/2024 9:35,10/23/2024 9:23,+07:00,2024042601,ee09d377-c6bb-4769-8e81-55d3c72d4c0d,25a7bd98-559b-4cdc-935c-196f551c9033,
10/23/2024,16:20:35,Naina,,,,,rest. Focal end,RN,ct:a31304f7c3a74c3d0000000000000000,,,Save data,10/23/2024 9:20,10/23/2024 9:20,+07:00,2024042601,60b967b8-10c6-4a3a-92c6-d286d7be82a7,513258f8-53c9-4a85-9d73-f45f95541641,
10/23/2024,16:05:07,Naina,,,,,rest. Focal strt,RN,ct:a31304f7c3a74c3d0000000000000000,,,Save data,10/23/2024 9:20,10/23/2024 9:05,+07:00,2024042601,9a59a0f8-360e-4182-bab5-6c6f1d7ed3e1,6b9c2585-6f32-4a6b-af43-c17ba964f631,
10/23/2024,15:33:07,Santa,,,,,foraging without tools. Focal end,RN,ct:a31304f7c3a74c3d0000000000000000,,,Save data,10/23/2024 8:33,10/23/2024 8:33,+07:00,2024042601,de762d7a-2be8-4e06-84cb-6f725105673f,e68d0fa2-4542-4eaa-b74f-2d50200a310f,
10/23/2024,15:17:29,Santa,,,,,foraging without tools. Focal start ,RN,ct:a31304f7c3a74c3d0000000000000000,,,Save data,10/23/2024 8:32,10/23/2024 8:17,+07:00,2024042601,ce60b837-5acd-460f-95be-847f607ffbc1,0f43faa3-895f-4954-8ae1-2374e61dd120,
10/23/2024,14:21:37,Naina,,,,,rest. Focal start,RN,ct:a31304f7c3a74c3d0000000000000000,,,Save data,10/23/2024 8:32,10/23/2024 7:21,+07:00,2024042601,c085648b-b9bc-45e5-a3c7-03b5c2bd1171,9e8b3322-9366-4e53-9946-429c4ca5e9f0,
10/23/2024,13:22:05,Tin tin,,,Old infant Granny,Pinky,rest. Focal end,RN,ct:a31304f7c3a74c3d0000000000000000,,,Save data,10/23/2024 6:22,10/23/2024 6:22,+07:00,2024042601,385146a4-fc2f-48ef-bd1e-37943b5e8f4f,4c2fcbe7-f98c-4677-af3e-40cd8a39adba,
10/23/2024,13:05:47,Tin tin,,,,F_Subadult,rest. Focal start,RN,ct:a31304f7c3a74c3d0000000000000000,,,Save data,10/23/2024 6:22,10/23/2024 6:05,+07:00,2024042601,b3a9e929-476a-40bd-84fa-080ab3969808,00253a98-e7bb-4163-8cc2-96766475d0ad,
10/23/2024,12:13:37,Lip,,Black infant,,F_Subadult,rest. Focal end,RN,ct:a31304f7c3a74c3d0000000000000000,,,Save data,10/23/2024 5:13,10/23/2024 5:13,+07:00,2024042601,ee37d1c4-e461-4659-a5e1-2c90937ea93a,3c3afce1-d46d-4395-9db3-ca709b410387,
10/23/2024,11:57:50,Lip,F_Subadult,Black infant Old infant,,,Saf = Eina?. Grooming. Focal start,RN,ct:a31304f7c3a74c3d0000000000000000,,,Save data,10/23/2024 5:13,10/23/2024 4:57,+07:00,2024042601,aa0a3a0b-2ebe-488a-8efc-f456745fe53d,27025981-c9f4-47f7-851a-c23c36934e09,
10/23/2024,11:05:04,Ted,Robin,,,,Grooming. Focal end,RN,ct:a31304f7c3a74c3d0000000000000000,,,Save data,10/23/2024 4:05,10/23/2024 4:05,+07:00,2024042601,3834545d-1a60-47e0-a107-e13451cc4b4d,2a5d1933-b367-411d-b4df-e2c97470d117,
10/23/2024,10:49:27,Ted,,,,Robin,rest. Focal start,RN,ct:a31304f7c3a74c3d0000000000000000,,,Save data,10/23/2024 4:05,10/23/2024 3:49,+07:00,2024042601,3b05a685-d4bf-4a5e-8005-4174c52fac30,de5b6a50-89b9-457c-ab2e-0b9d8c83d0c6,
10/23/2024,10:33:46,Quindoline,Black infant,,Juvenile 2,Bat,Grooming. Focal end,RN,ct:a31304f7c3a74c3d0000000000000000,,,Save data,10/23/2024 3:33,10/23/2024 3:33,+07:00,2024042601,be7260dc-3a17-4011-b079-b5b4f0b0d565,5023b81c-d2bc-489e-823c-e0a8fc2f6a60,
10/23/2024,10:18:23,Quindoline,Black infant Juvenile 2,,,,Grooming. Focal start,RN,ct:a31304f7c3a74c3d0000000000000000,,,Save data,10/23/2024 3:33,10/23/2024 3:18,+07:00,2024042601,a69fec3c-0e0a-44a9-ace6-f49ac24b4e34,7b3f1f1c-1379-4fc9-83b9-40ebc3feb348,
10/23/2024,8:50:25,Kaya,,,,,move. Focal end,RN,ct:a31304f7c3a74c3d0000000000000000,,,Save data,10/23/2024 1:50,10/23/2024 1:50,+07:00,2024042601,85c1fd1d-7d7d-4aae-8f71-e86ae00d3c3f,8ad32fb5-0695-4a89-8aa4-b91bdd7f33ec,
10/23/2024,8:34:45,Kaya,,,,Bat,stone-tool use. Focal start,RN,ct:a31304f7c3a74c3d0000000000000000,,,Save data,10/23/2024 1:50,10/23/2024 1:34,+07:00,2024042601,bf36e2c2-c4a3-47d0-bed0-7c8f6a4e45fe,0e058f8d-86dd-49cd-bc34-2514acb15be0,
10/23/2024,8:30:53,Granny,,Black infant,Pinky,,stone-tool use. Focal end,RN,ct:a31304f7c3a74c3d0000000000000000,,,Save data,10/23/2024 1:33,10/23/2024 1:30,+07:00,2024042601,6ba59df3-d3a9-4b3b-b9d9-dc8a4bef3eaa,2aa7cc45-4668-47b1-b8ec-a201687aa056,
10/23/2024,8:15:18,Granny,,Black infant,F_Subadult,,SaF is right habded. stone-tool use. Focal start. All these focals Chicken island,RN,ct:a31304f7c3a74c3d0000000000000000,,,Save data,10/23/2024 1:33,10/23/2024 1:15,+07:00,2024042601,9df9301d-8325-42de-82bc-ca4c04f7bb70,b73f3883-d0f5-4e58-ad3d-7259ac02f6c8,
10/23/2024,8:09:50,Aura,,,Pat Cacao,F_Subadult Iyla,SaF is right handed. foraging without tools. Focal end ,RN,ct:a31304f7c3a74c3d0000000000000000,,,Save data,10/23/2024 1:09,10/23/2024 1:09,+07:00,2024042601,32fa5e1b-cb6b-40b5-b4b2-11152e4f90fd,be186099-6cbb-45b1-8e54-093fb88861b1,
10/23/2024,7:53:46,Aura,,,,Whitney,foraging without tools. Focal start ,RN,ct:a31304f7c3a74c3d0000000000000000,,,Save data,10/23/2024 1:09,10/23/2024 0:53,+07:00,2024042601,fa8a15dc-e7e5-4802-9fca-42bed6d8f0b2,db04fe15-d3b5-4fd9-a8dd-7e96cb30ef44,
10/23/2024,7:49:17,Jim Lim,,,Aura,,stone-tool use. Focal end,RN,ct:a31304f7c3a74c3d0000000000000000,,,Save data,10/23/2024 0:49,10/23/2024 0:49,+07:00,2024042601,da48d04e-393c-4cfe-bc41-315577f6e6fa,04858d67-0339-440d-9397-59d7c06b2234,
10/23/2024,7:33:43,Jim Lim,,,,,foraging without tools. Focal start ,RN,ct:a31304f7c3a74c3d0000000000000000,,,Save data,10/23/2024 0:49,10/23/2024 0:33,+07:00,2024042601,d6e293d0-d04d-43e7-b9a0-91c0db5a6f16,70c9a693-eebf-41a4-93f2-b06c3d46b803,
10/23/2024,7:21:38,Iyla,,,,Pat,stone-tool use. Focal end,RN,ct:a31304f7c3a74c3d0000000000000000,,,Save data,10/23/2024 0:21,10/23/2024 0:21,+07:00,2024042601,15f76e89-67df-4f15-a3a0-7310c9769a78,b1279fcd-cff5-4b07-9b2f-e083ece32a5c,
10/23/2024,7:05:57,Iyla,,Pat,,,foraging without tools. Focal start ,RN,ct:a31304f7c3a74c3d0000000000000000,,,Save data,10/23/2024 0:21,10/23/2024 0:05,+07:00,2024042601,9521f3c4-4335-48ff-9c66-0c07eed19229,ed80a979-e8d7-4af9-8b4c-8a4d5074c47c,
10/23/2024,6:58:34,Robin,,Ted,,,rest. Focal end,RN,ct:a31304f7c3a74c3d0000000000000000,,,Save data,10/22/2024 23:58,10/22/2024 23:58,+07:00,2024042601,3c6ebbab-d556-4ed0-a259-95c697d00cba,d24a8c96-7e5a-4a54-8a9b-60a143062a90,
10/23/2024,6:43:02,Robin,,,,Ted,stone-tool use. Focal start,RN,ct:a31304f7c3a74c3d0000000000000000,,,Save data,10/22/2024 23:58,10/22/2024 23:43,+07:00,2024042601,19d1fdcc-dbc8-4481-bcd5-0a25b4517594,45fa41c4-2e00-4238-ae37-4ddf969fa026,
10/25/2024,12:42:30,Jim Lim,,,,,rest. Focal end,RN,ct:a31304f7c3a74c3d0000000000000000,,,Save data,10/25/2024 5:42,10/25/2024 5:42,+07:00,2024042601,0d77e4b3-d63d-4956-a852-a99ef8d7fd9f,f2c6f580-f6f6-40c7-b50d-8c4f92e29cc6,
10/25/2024,12:26:50,Jim Lim,,Yaiko,,,rest. Focal star,RN,ct:a31304f7c3a74c3d0000000000000000,,,Individuals,10/25/2024 5:42,10/25/2024 5:26,+07:00,2024042601,17088ba7-565c-428c-8c8c-2b8cbb187fba,7859f8b4-aac9-42ee-b7c6-dcf196526db8,
10/25/2024,12:25:44,Whitney,,,,,stone-tool use. Focal end,RN,ct:a31304f7c3a74c3d0000000000000000,,,Save data,10/25/2024 5:42,10/25/2024 5:25,+07:00,2024042601,87fac82e-a88d-4b53-aacc-cf49f27ee7c1,7d41423c-e436-440a-a4ca-1b5886a5d23f,
10/25/2024,12:09:56,Whitney,,,,,stone-tool use. Focal start,RN,ct:a31304f7c3a74c3d0000000000000000,,,Save data,10/25/2024 5:42,10/25/2024 5:09,+07:00,2024042601,3eb48d90-db4f-49e7-8080-180e5c20fd8f,3a1bfffc-6085-41f9-8cb1-54179cce6d6d,
10/25/2024,11:57:57,Cacao,,Juvenile 2,,Babosa,stone-tool use. Focal end,RN,ct:a31304f7c3a74c3d0000000000000000,,,Save data,10/25/2024 4:58,10/25/2024 4:57,+07:00,2024042601,974ad950-9ed7-484f-b6d1-ca5717e345e3,ad43dab4-790d-4cb0-b258-494417855b9b,
10/25/2024,11:41:53,Cacao,,,,,stone-tool use. Focal start,RN,ct:a31304f7c3a74c3d0000000000000000,,,Save data,10/25/2024 4:58,10/25/2024 4:41,+07:00,2024042601,e4173ebd-814f-4bef-b36c-f58ebcb1ccab,46a5b067-778a-4e77-ad3e-3345fbe9ac04,
10/25/2024,11:36:28,Kaya,,,,,rest. Focal end,RN,ct:a31304f7c3a74c3d0000000000000000,,,Save data,10/25/2024 4:36,10/25/2024 4:36,+07:00,2024042601,03774bbb-f26e-40af-9d1e-f5abf44922d7,6c2b7df9-26a0-4cca-99a6-2b764577e764,
10/25/2024,11:20:55,Kaya,,Juvenile 1,Juvenile 2 Cacao Yaiko Vula,Old infant Whitney,foraging without tools. Focal start ,RN,ct:a31304f7c3a74c3d0000000000000000,,,Save data,10/25/2024 4:36,10/25/2024 4:20,+07:00,2024042601,1e3b79b2-186c-4707-9eef-dd76d4801cf2,fe478ca1-2ae5-4675-822b-8d3a1f6eb2b1,
10/25/2024,10:59:39,Quindoline,,Black infant,Juvenile 2,,foraging without tools. Focal end ,RN,ct:a31304f7c3a74c3d0000000000000000,,,Save data,10/25/2024 4:00,10/25/2024 3:59,+07:00,2024042601,dd3d7fb4-bd75-4a21-a2bc-fc8358724af2,28451c9a-b817-4e15-9cdb-5f7d2b93da28,
10/25/2024,10:43:45,Quindoline,,,Juvenile 2 F_Subadult Lip,Juvenile 2,stone-tool use. Focal start,RN,ct:a31304f7c3a74c3d0000000000000000,,,Save data,10/25/2024 4:00,10/25/2024 3:43,+07:00,2024042601,bddffdf9-de82-41b1-8558-338ff3f26926,2dce66d1-ecf6-4b7a-8718-2925d82a1be9,
10/25/2024,10:08:01,Lip,,,,,move. Focal end,RN,ct:a31304f7c3a74c3d0000000000000000,,,Save data,10/25/2024 3:08,10/25/2024 3:08,+07:00,2024042601,fb27489d-f8ef-4883-a102-b3cd3ec43e16,37896928-4f60-47e1-8823-1669def96f3c,
10/25/2024,9:52:33,Lip,,,Ali Ted,,stone-tool use. Focal start,RN,ct:a31304f7c3a74c3d0000000000000000,,,Save data,10/25/2024 3:08,10/25/2024 2:52,+07:00,2024042601,255cb2cd-58c4-42ed-a629-8f535ff517ba,9f72babf-557b-4d22-a022-8e9c1b3e143c,
10/25/2024,9:50:29,Pat,,,,,stone-tool use. Focal end,RN,ct:a31304f7c3a74c3d0000000000000000,,,Save data,10/25/2024 2:51,10/25/2024 2:50,+07:00,2024042601,4a6f7fff-edae-46b3-8250-2d2743c5d8cb,d56a5417-2f47-4329-8619-34dea82abf83,
10/25/2024,9:34:56,Pat,,Iyla,,,stone-tool use. Focal start,RN,ct:a31304f7c3a74c3d0000000000000000,,,Save data,10/25/2024 2:51,10/25/2024 2:34,+07:00,2024042601,d2ab9061-15fe-455c-9099-be067957d584,ba4d8dcb-8960-459a-8ccc-1972e018570c,
10/25/2024,9:27:03,Betina,,,,,foraging without tools. Focal end ,RN,ct:a31304f7c3a74c3d0000000000000000,,,Save data,10/25/2024 2:27,10/25/2024 2:27,+07:00,2024042601,66466832-29ad-42ed-9587-0347f0a6dc15,8f6e1406-64e2-4a02-b857-09615115c887,
10/25/2024,9:11:28,Betina,,,Pinky,,stone-tool use. Focal start,RN,ct:a31304f7c3a74c3d0000000000000000,,,Save data,10/25/2024 2:27,10/25/2024 2:11,+07:00,2024042601,2ada6b37-74e7-4310-b4fb-e3e0145436e0,65fae13f-321a-4523-9f81-e3a5516b609c,
10/25/2024,9:09:09,Granny,,Tin tin,,Rambo,stone-tool use. Focal end,RN,ct:a31304f7c3a74c3d0000000000000000,,,Save data,10/25/2024 2:27,10/25/2024 2:09,+07:00,2024042601,78ee5a25-9a13-47c3-aeaa-22a61d379551,b7ba79a4-6032-4978-ba7e-466c0d131f5a,
10/25/2024,8:53:13,Granny,,Black infant,,Pinky,stone-tool use. Focal start,RN,ct:a31304f7c3a74c3d0000000000000000,,,Save data,10/25/2024 2:27,10/25/2024 1:53,+07:00,2024042601,d38cff06-6785-40be-99b5-c2a7941635a4,2183cd27-efa2-4606-ba8a-76d54d41b4c8,
10/25/2024,8:48:32,Vula,,,,Juvenile 2,J2 is right handed. stone-tool use. Focal end,RN,ct:a31304f7c3a74c3d0000000000000000,,,Save data,10/25/2024 1:48,10/25/2024 1:48,+07:00,2024042601,1e0443e6-4b43-47b2-b0e7-cc7450e06d7b,8dad1b4b-ca0d-4520-9646-45e1613d6bbb,
10/25/2024,8:32:13,Naina,Vula,,Juvenile 1 Juvenile 2,Juvenile 1,stone-tool use. Focal start,RN,ct:a31304f7c3a74c3d0000000000000000,,,Save data,10/25/2024 1:48,10/25/2024 1:32,+07:00,2024042601,dd974a9f-6ae3-40dd-9b71-7d54b28a55e9,f42efad4-67d1-479b-9827-3be257154d7c,
10/25/2024,8:19:28,Pinky,Gramps,,,Juvenile 1 Juvenile 2,rest.,RN,ct:a31304f7c3a74c3d0000000000000000,,,Save data,10/25/2024 1:48,10/25/2024 1:19,+07:00,2024042601,7d5f487c-1b2e-484e-882f-76d054a60dac,0e2853ba-3a3b-4677-a73c-c108561ef464,
10/25/2024,8:03:22,Pinky,,Juvenile 2,Naina,Kaya,stone-tool use. Focal start,RN,ct:a31304f7c3a74c3d0000000000000000,,,Save data,10/25/2024 1:48,10/25/2024 1:03,+07:00,2024042601,bd59171b-f216-4b35-b1d6-577875d5e649,b08b5c41-3b6c-4084-af21-9b318d2ce316,
10/26/2024,13:27:37,Harley,,,,,stone-tool use. Focal start,RN,ct:a31304f7c3a74c3d0000000000000000,,,Save data,10/28/2024 5:14,10/26/2024 6:27,+07:00,2024042601,ab76b058-4bad-4ece-9a23-0e0b0c122620,a14fc52d-00ad-472f-ae03-6776805fd533,
10/26/2024,13:22:24,Granny,,,,,stone-tool use. Focal end,RN,ct:a31304f7c3a74c3d0000000000000000,,,Save data,10/28/2024 5:14,10/26/2024 6:22,+07:00,2024042601,1e3ad6f8-8262-4d90-bb8d-eb6ce85a3b48,58fbfec2-4436-4ead-a646-1c3760f8e3a2,
10/26/2024,13:06:19,Granny,Juvenile 2 Pinky,Old infant Juvenile 2,Juvenile 2,Black infant Juvenile 1 Lip,Grooming. Focak start,RN,ct:a31304f7c3a74c3d0000000000000000,,,Save data,10/28/2024 5:14,10/26/2024 6:06,+07:00,2024042601,8c0610af-41e4-42a6-98e4-c1ceb9e1385b,5adb1281-e65a-4f9f-8706-fbb2f28616b6,
10/26/2024,12:59:55,Lady Boy,,,Old infant Juvenile 2 Granny,Black infant Vula,rest. Focal end,RN,ct:a31304f7c3a74c3d0000000000000000,,,Save data,10/26/2024 5:59,10/26/2024 5:59,+07:00,2024042601,bb3b783e-acf0-4960-866f-ae4fc0ac9b95,9e70aa5a-46a6-4b05-a3db-a5b538c449f2,
10/26/2024,12:43:32,Lady Boy,Juvenile 2,Juvenile 1,,,Grooming. Focal start,RN,ct:a31304f7c3a74c3d0000000000000000,,,Save data,10/26/2024 5:59,10/26/2024 5:43,+07:00,2024042601,4be51dfc-60a5-4a55-b7c1-cfd85803d5a1,4eeedb1d-e637-45ed-9af4-9efdde0870f7,
10/26/2024,12:39:01,Santa,Ted,,,,Grooming. Focal end,RN,ct:a31304f7c3a74c3d0000000000000000,,,Save data,10/26/2024 5:39,10/26/2024 5:39,+07:00,2024042601,d277d079-f4d8-4944-9099-0a0e40919886,827e3999-e21f-455b-85e2-9a3a52a4ec24,
10/26/2024,12:23:13,Santa,,Bat Ted,,,stone-tool use. Focal start,RN,ct:a31304f7c3a74c3d0000000000000000,,,Save data,10/26/2024 5:39,10/26/2024 5:23,+07:00,2024042601,c97a7c9e-230f-4cb2-8391-267c360c23c9,a4090a08-43a3-4976-af8b-2b6b847e8fe5,
10/26/2024,12:18:32,Naina,Kal,,,,Grooming. Focal end,RN,ct:a31304f7c3a74c3d0000000000000000,,,Save data,10/26/2024 5:18,10/26/2024 5:18,+07:00,2024042601,3af7a60d-26a7-45d0-8f6e-a500fad9e7a4,4493bab3-092f-4c3b-9798-de294978f3ad,
10/26/2024,12:02:53,Naina,Kal,,,Juvenile 2,Grooming. Focal start,RN,ct:a31304f7c3a74c3d0000000000000000,,,Save data,10/26/2024 5:18,10/26/2024 5:02,+07:00,2024042601,a2689c5f-f0dc-4efd-a8c6-b1b429d0f7eb,5cc238e4-5e26-415f-9783-cf38f5b3b9c2,
10/26/2024,11:36:56,Bat,,,,Whitney,foraging without tools. Focal end ,RN,ct:a31304f7c3a74c3d0000000000000000,,,Save data,10/26/2024 4:36,10/26/2024 4:36,+07:00,2024042601,6733ece0-a118-46ca-8cfe-f82f15aeb198,b6da07db-33c4-4c05-b421-0ed21c62ddcd,
10/26/2024,11:21:02,Bat,,Juvenile 2,,,stone-tool use. Focal start,RN,ct:a31304f7c3a74c3d0000000000000000,,,Save data,10/26/2024 4:36,10/26/2024 4:21,+07:00,2024042601,62af3f23-a9ad-47a6-8626-edd2bccb774f,86cd82cc-25a4-4146-88f3-8f44d9b10998,
10/26/2024,11:01:02,Oreo,,,,,stone-tool use. Focal start,RN,ct:a31304f7c3a74c3d0000000000000000,,,Save data,10/26/2024 4:36,10/26/2024 4:01,+07:00,2024042601,94983e50-a3f9-4cec-8788-e592c067f74d,f9a784bb-8655-41b1-80bf-2649d541698e,
10/26/2024,10:46:57,Yaiko,,Juvenile 2,,,searching. Focal start,RN,ct:a31304f7c3a74c3d0000000000000000,,,Save data,10/26/2024 4:36,10/26/2024 3:46,+07:00,2024042601,6d0924d2-c65e-47b0-8096-0a55e0c3afd0,e92c144f-fc75-4956-9465-847c85514172,
10/26/2024,10:45:30,Dandi,,,,Juvenile 2,move. Focal end,RN,ct:a31304f7c3a74c3d0000000000000000,,,Save data,10/26/2024 3:45,10/26/2024 3:45,+07:00,2024042601,570349bc-d577-4d6c-b335-4bac6aa48d84,1647c09b-c8a8-44b2-a8c9-2d0474de068c,
10/26/2024,10:34:05,Dandi,,,,Lady Boy,stone-tool use. Focal start,RN,ct:a31304f7c3a74c3d0000000000000000,,,Save data,10/26/2024 3:45,10/26/2024 3:34,+07:00,2024042601,bfb47786-7ddb-45a2-8c8d-19101f9524d4,443b406d-7a62-40a6-9fd5-faf821ddfc4b,
10/26/2024,10:32:42,Aura,,,Bat,Juvenile 2,rest. Focal end,RN,ct:a31304f7c3a74c3d0000000000000000,,,Save data,10/26/2024 3:32,10/26/2024 3:32,+07:00,2024042601,ae923882-95f5-4a3d-8889-cfd0e2b9c0d4,5b45e148-8571-4f99-8f97-4765b601ef14,
10/26/2024,10:17:06,Aura,,Bat,,,move. Focal start,RN,ct:a31304f7c3a74c3d0000000000000000,,,Save data,10/26/2024 3:32,10/26/2024 3:17,+07:00,2024042601,d76db2dc-6c15-416f-bcfb-83fc838723ce,85bf2108-2554-460e-b584-ca2ecf219262,
10/28/2024,16:42:39,Dandi,,,,,stone-tool use. Focal start,RN,ct:a31304f7c3a74c3d0000000000000000,,,Save data,10/28/2024 11:32,10/28/2024 9:42,+07:00,2024042601,5fce9144-b3e8-43a7-b1a0-7a5bb1ebbf59,876b850a-eda6-4623-864c-7f77a5917e32,
10/28/2024,16:12:20,Harley,Juvenile 1 Lady Boy,,,,Grooming. Focal start,RN,ct:a31304f7c3a74c3d0000000000000000,,,Save data,10/28/2024 11:32,10/28/2024 9:12,+07:00,2024042601,6b314004-6139-40be-9b15-c83b5d13fdc7,0573e2b9-fae6-4e43-86b2-9572726a286a,
10/28/2024,16:03:21,Pinky,,,Juvenile 2,,rest. Fock end,RN,ct:a31304f7c3a74c3d0000000000000000,,,Save data,10/28/2024 9:03,10/28/2024 9:03,+07:00,2024042601,7c2db661-720b-4dde-b888-020f1bf473d0,cbc964d2-b287-4998-9f34-5917598025a6,
10/28/2024,15:47:40,Pinky,,,,,move. Focal start,RN,ct:a31304f7c3a74c3d0000000000000000,,,Save data,10/28/2024 9:03,10/28/2024 8:47,+07:00,2024042601,286e5074-5be8-4690-a2b4-4e88922bc36f,cb41c4f5-4353-4d4f-a6b2-fdbeaaeafda8,
10/28/2024,15:45:42,Babosa,,,,,stone-tool use. Focal end. In Pig Island,RN,ct:a31304f7c3a74c3d0000000000000000,,,Save data,10/28/2024 8:45,10/28/2024 8:45,+07:00,2024042601,f56ada3d-cc45-41a1-9e73-1e3f6951ad35,c59a15c6-dbe3-4ea7-885d-424be48c0b65,
10/28/2024,15:30:04,Babosa,,,Juvenile 2,,foraging without tools. Focal start,RN,ct:a31304f7c3a74c3d0000000000000000,,,Save data,10/28/2024 8:45,10/28/2024 8:30,+07:00,2024042601,16e75f91-6d54-404e-85e4-c38bcb14cc7c,90fad56b-52ab-4dcd-ac55-b68fc163442b,
10/28/2024,15:25:48,Granny,,Black infant,Ted,,stone-tool use. Focal start,RN,ct:a31304f7c3a74c3d0000000000000000,,,Save data,10/28/2024 8:45,10/28/2024 8:25,+07:00,2024042601,57b23391-dca6-42ba-857b-98e7f0d71611,a6575fe5-773f-4b79-a4e3-44b00973ffc5,
10/28/2024,14:04:26,Vula,,,,Black infant Quindoline,stone-tool use. Focal end,RN,ct:a31304f7c3a74c3d0000000000000000,,,Save data,10/28/2024 7:04,10/28/2024 7:04,+07:00,2024042601,04317987-2120-4686-b26c-e2b261f0145b,aa830ce5-ac84-4787-bcec-d721aa35f663,
10/28/2024,13:48:38,Vula,,,,,stone-tool use. Focal start,RN,ct:a31304f7c3a74c3d0000000000000000,,,Save data,10/28/2024 7:04,10/28/2024 6:48,+07:00,2024042601,11ac21dd-369a-40de-9d08-79d8dc6e5e4f,0fdc9fc1-0996-4857-b7c6-0488ba41819a,
10/28/2024,13:46:16,Quindoline,,Black infant,,,move. Focal end,RN,ct:a31304f7c3a74c3d0000000000000000,,,Save data,10/28/2024 6:46,10/28/2024 6:46,+07:00,2024042601,2d414377-34aa-43c9-a209-eff3964dd828,bc46e2c0-ab88-44ab-8bd1-32d7c180388e,
10/28/2024,13:30:39,Quindoline,,Black infant,,,searching. Focal start,RN,ct:a31304f7c3a74c3d0000000000000000,,,Save data,10/28/2024 6:46,10/28/2024 6:30,+07:00,2024042601,46c60312-2370-405f-b97e-d42601fc9941,c2ec750a-74c0-4f23-bcf0-7eca8fe5a8b8,
10/28/2024,13:26:01,Kaya,,,,,move. Focal end,RN,ct:a31304f7c3a74c3d0000000000000000,,,Save data,10/28/2024 6:26,10/28/2024 6:26,+07:00,2024042601,eda6ac51-c1bd-43c7-8f00-fcba88415ba0,a61e4d30-413d-40e0-b9b3-a6e0380b1b12,
10/28/2024,13:10:13,Kaya,,Juvenile 2,,,stone-tool use. Focal start,RN,ct:a31304f7c3a74c3d0000000000000000,,,Save data,10/28/2024 6:26,10/28/2024 6:10,+07:00,2024042601,899ba44a-fadb-42a3-911b-71b6ce1066e8,c1abd307-3b35-445b-844a-d39bec9a72a0,
10/28/2024,13:06:51,Yaiko,,,,,rest. Focal end,RN,ct:a31304f7c3a74c3d0000000000000000,,,Save data,10/28/2024 6:06,10/28/2024 6:06,+07:00,2024042601,f60e2c83-4fc1-4bb9-a159-5cb0babb2967,2bb3beee-c26d-4855-8d1b-0b43f6e24984,
10/28/2024,12:51:24,Yaiko,,,,,stone-tool use. Focal start,RN,ct:a31304f7c3a74c3d0000000000000000,,,Save data,10/28/2024 6:06,10/28/2024 5:51,+07:00,2024042601,35dc097b-9584-4b6d-8a6f-ffac4d0546e9,0b7ddcb6-80c5-410f-a8c4-84a001c7f9ff,
10/28/2024,12:48:47,Aura,,Babosa,,,rest. Focal end,RN,ct:a31304f7c3a74c3d0000000000000000,,,Save data,10/28/2024 5:48,10/28/2024 5:48,+07:00,2024042601,dce89a96-0893-4de8-ba5f-54e185deea2b,3374680c-aa33-44c4-8e8e-227f0a797a94,
10/28/2024,12:33:10,Aura,,,,Bat,stone-tool use. Focal start,RN,ct:a31304f7c3a74c3d0000000000000000,,,Save data,10/28/2024 5:48,10/28/2024 5:33,+07:00,2024042601,477889ce-af84-4abb-a23f-5838a06d4b9d,ae84daf9-28e0-4d77-873e-e8aaa927d73e,
10/28/2024,12:31:19,Robin,,M_Subadult,,,"climb. SaM is unknown male. He recently see him, look like Bat. Focal end. ",RN,ct:a31304f7c3a74c3d0000000000000000,,,Save data,10/28/2024 5:31,10/28/2024 5:31,+07:00,2024042601,f0de66b2-3247-4b1b-8a4e-d51d82453946,c8b52633-9810-49fd-8290-938098d8fc70,
10/28/2024,12:15:14,Robin,,Babosa,Aura,Juvenile 1 Bat,rest. Focal start,RN,ct:a31304f7c3a74c3d0000000000000000,,,Save data,10/28/2024 5:31,10/28/2024 5:15,+07:00,2024042601,c8f97fb0-df9d-4f1b-a89a-27fb1faa44b9,4ede87c1-ce39-4d32-bf2e-5ed3c8ece7f4,
10/29/2024,16:53:43,Santa,,,,,rest. Focal end,RN,ct:a31304f7c3a74c3d0000000000000000,,,Save data,10/29/2024 9:53,10/29/2024 9:53,+07:00,2024042601,b30807db-8b00-4507-8fdc-63b6f8649560,3d620c07-16eb-49ab-a168-105435914f6b,
10/29/2024,16:38:08,Santa,,Ted,,,stone-tool use. Focal start,RN,ct:a31304f7c3a74c3d0000000000000000,,,Save data,10/29/2024 9:53,10/29/2024 9:38,+07:00,2024042601,f63d18db-0b4a-45a0-974e-75c70d5d6859,b8cfd34f-a28f-49a8-9cf4-addad210e692,
10/29/2024,16:24:22,Iyla,,Pat,,Ted,rest. Focal end,RN,ct:a31304f7c3a74c3d0000000000000000,,,Save data,10/29/2024 9:24,10/29/2024 9:24,+07:00,2024042601,e31f759b-2744-4094-a452-c117f9d941f2,e70e9f91-e7fe-427e-91fd-2b8df3ff0ace,
10/29/2024,16:08:48,Iyla,Ted,,Jim Lim,Black infant Old infant,Grooming. Focal start,RN,ct:a31304f7c3a74c3d0000000000000000,,,Save data,10/29/2024 9:24,10/29/2024 9:08,+07:00,2024042601,a5c413bb-40c1-407c-a017-e5b22f6e1882,32876660-92ae-4d79-9cc8-71f6a6ab24c8,
10/29/2024,15:44:26,Ted,,Juvenile 1,Quindoline,,Delete previous scan. foraging without tools. Focal end ,RN,ct:a31304f7c3a74c3d0000000000000000,,,Save data,10/29/2024 8:44,10/29/2024 8:44,+07:00,2024042601,30cf78dc-dcdb-4003-baef-077603e4ef72,5a2d9632-6c4b-4976-87dd-c13fe6778312,
10/29/2024,15:43:50,Ted,,Juvenile 1,,,foraging without tools. Focal end ,RN,ct:a31304f7c3a74c3d0000000000000000,,,Save data,10/29/2024 8:43,10/29/2024 8:43,+07:00,2024042601,59be3193-4ea8-4069-9ae6-68b9044e1cdc,f28d9f1f-362b-4fd4-be0e-05d9f911e1df,
10/29/2024,15:28:05,Ted,Iyla,,Black infant Old infant,Old infant,Grooming. Focal start,RN,ct:a31304f7c3a74c3d0000000000000000,,,Save data,10/29/2024 8:43,10/29/2024 8:28,+07:00,2024042601,0a7c29bb-3c81-460a-84cb-84a108d5cc1a,d28d1e3f-20fd-419b-9aa3-2f7c628697e5,
10/29/2024,15:04:56,Naina,,,,,rest. Focal end,RN,ct:a31304f7c3a74c3d0000000000000000,,,Save data,10/29/2024 8:04,10/29/2024 8:04,+07:00,2024042601,87d047fa-ba18-4dc2-894c-d707cc5ff86a,2b868194-f1b1-4f6e-966c-5230c712ff4b,
10/29/2024,14:48:48,Naina,,,Kal,Pat,stone-tool use. Focal start,RN,ct:a31304f7c3a74c3d0000000000000000,,,Save data,10/29/2024 8:04,10/29/2024 7:48,+07:00,2024042601,f6874137-e2fe-43a0-a88a-5ce1c0b7c1e0,09d38a80-c11e-4d3f-80a6-8969b0a5e117,
10/29/2024,14:32:14,Granny,,Old infant,,,stone-tool use. Focal end,RN,ct:a31304f7c3a74c3d0000000000000000,,,Save data,10/29/2024 7:32,10/29/2024 7:32,+07:00,2024042601,c3a6b797-b0b8-49ed-a537-33c9fbf648c2,18b042c1-6787-45f7-b2bf-862f68b9699d,
10/29/2024,14:16:33,Granny,,Old infant,,Ted,stone-tool use. Focal start,RN,ct:a31304f7c3a74c3d0000000000000000,,,Save data,10/29/2024 7:32,10/29/2024 7:16,+07:00,2024042601,2936ffba-d5a1-4e9d-8efa-e3e99723416f,4b3effbe-dc77-4620-ae4c-4f6162975db3,
10/29/2024,14:10:23,Granny,,Old infant,,,stone-tool use. Focal start,RN,ct:a31304f7c3a74c3d0000000000000000,,,Save data,10/29/2024 7:32,10/29/2024 7:10,+07:00,2024042601,18380d95-f653-47da-a1f4-43798aaf8934,c1444049-bbcf-4ace-a31c-229e5b015a7d,
10/29/2024,13:59:51,Harley,,,,Bat,Stone too. Focal end,RN,ct:a31304f7c3a74c3d0000000000000000,,,Save data,10/29/2024 7:32,10/29/2024 6:59,+07:00,2024042601,1dd63d66-3dd5-4a4d-b3db-6153f3a6ff60,9946ff89-59c4-4887-9d94-541f6dade062,
10/29/2024,13:44:12,Harley,,,,Juvenile 2 F_Subadult,SaF is right handed. stone-tool use. Focal start,RN,ct:a31304f7c3a74c3d0000000000000000,,,Save data,10/29/2024 7:32,10/29/2024 6:44,+07:00,2024042601,219ede2f-bbad-453e-8668-7569d40fb61a,47d2320c-3b59-40cc-89fb-65acc0b872ea,
10/29/2024,13:37:04,Iyla,,Pat,,,stone-tool use. Focal end. Pat trying to copulate qith her,RN,ct:a31304f7c3a74c3d0000000000000000,,,Save data,10/29/2024 6:37,10/29/2024 6:37,+07:00,2024042601,a89ad24d-fe7b-43b9-a9c1-8dea67ad70ff,7df2811b-d55b-429e-bcd3-8f2acc9bffad,
10/29/2024,13:21:11,Iyla,,Pat,,F_Subadult,foraging without tools. Focal start ,RN,ct:a31304f7c3a74c3d0000000000000000,,,Save data,10/29/2024 6:37,10/29/2024 6:21,+07:00,2024042601,db4beb67-01d8-406d-a4fd-6728cef59e49,a1ce7170-b384-46da-b7c8-ba24c74e4698,
10/29/2024,13:19:39,Betina,,,Pat Whitney,F_Subadult Iyla,stone-tool use. Focal end,RN,ct:a31304f7c3a74c3d0000000000000000,,,Save data,10/29/2024 6:19,10/29/2024 6:19,+07:00,2024042601,ae58fe07-110e-482c-bb1f-52b083a53a3d,859eb768-55ee-4e05-a7ab-31939a51faa8,
10/29/2024,13:04:07,Betina,,,,Whitney,stone-tool use. Focal start,RN,ct:a31304f7c3a74c3d0000000000000000,,,Save data,10/29/2024 6:19,10/29/2024 6:04,+07:00,2024042601,ecca5963-08ac-44e1-bd6d-90492ecb206b,5ce10414-a4b5-4732-aaed-b9b87b2d7e8b,
10/29/2024,13:02:50,Oreo,,,,,stone-tool use. Focal end,RN,ct:a31304f7c3a74c3d0000000000000000,,,Save data,10/29/2024 6:19,10/29/2024 6:02,+07:00,2024042601,fc3eab8f-f3bb-4cf4-9e99-4a924e4049f5,e6b63b3e-50c3-491d-8d25-ef1c95ea2e0c,
10/29/2024,12:46:53,Oreo,,,,,stone-tool use. Focal start,RN,ct:a31304f7c3a74c3d0000000000000000,,,Save data,10/29/2024 6:19,10/29/2024 5:46,+07:00,2024042601,83b20b2a-8d96-418c-a7ee-f0c204aea8de,b5deba15-62e8-4358-8d74-958fcec71195,
10/30/2024,16:06:08,Yaiko,,,Juvenile 2,Lip Taipan,foraging without tools. Focal end ,RN,ct:a31304f7c3a74c3d0000000000000000,,,Save data,10/30/2024 9:06,10/30/2024 9:06,+07:00,2024042601,8e3ee85d-c67a-45fa-8e38-ad7c72b8b3b8,70f2646b-f823-4ff7-92c1-244fa2a51ecf,
10/30/2024,15:50:03,Yaiko,,,,,stone-tool use. Focal start,RN,ct:a31304f7c3a74c3d0000000000000000,,,Save data,10/30/2024 9:06,10/30/2024 8:50,+07:00,2024042601,9d3c7f69-1f30-4b43-9fe8-80b7eaf3c3c1,7679630e-7cb5-4bf0-a3e0-f3211fed6abb,
10/30/2024,15:06:04,Ted,,,Babosa,,stone-tool use. Focal start,RN,ct:a31304f7c3a74c3d0000000000000000,,,Save data,10/30/2024 9:06,10/30/2024 8:06,+07:00,2024042601,2d61f397-8a76-4689-853c-93a0669ea6c0,e7fec5a0-b54d-4727-9609-e7539bbb4612,
10/30/2024,15:04:27,Pat,,,Juvenile 1,,foraging without tools. Focal end ,RN,ct:a31304f7c3a74c3d0000000000000000,,,Save data,10/30/2024 8:04,10/30/2024 8:04,+07:00,2024042601,6ca6b40e-4caf-4548-9f1d-2e614436978a,6bd9617c-2cf6-4b70-9a77-9f408934e16d,
10/30/2024,14:48:45,Pat,,,,,stone-tool use. Focal start ,RN,ct:a31304f7c3a74c3d0000000000000000,,,Save data,10/30/2024 8:04,10/30/2024 7:48,+07:00,2024042601,d64bd3ea-3bc0-4ca8-8f8e-b82db17fe50e,b9461f3a-d82c-46d5-b621-950dfb498850,
10/30/2024,14:26:57,Robin,,,,,foraging without tools. Focal end ,RN,ct:a31304f7c3a74c3d0000000000000000,,,Save data,10/30/2024 7:26,10/30/2024 7:26,+07:00,2024042601,834c7095-c3b2-453c-b4c7-6a9d2ad51f46,91560c41-eabd-4588-8a10-fc33b568045b,
10/30/2024,14:11:21,Robin,,,,,move. Focal start,RN,ct:a31304f7c3a74c3d0000000000000000,,,Save data,10/30/2024 7:26,10/30/2024 7:11,+07:00,2024042601,fc889d18-0649-4024-8802-2d310c1abef7,9fcb0f9a-738a-4412-80ce-8cdb76988139,
10/30/2024,13:54:24,Dandi,,,,,foraging without tools. Focal end,RN,ct:a31304f7c3a74c3d0000000000000000,,,Save data,10/30/2024 6:55,10/30/2024 6:54,+07:00,2024042601,266aa843-5ce8-41ef-a545-6c96f22f8aa1,60944521-625e-4536-91f4-c71c59137573,
10/30/2024,13:38:45,Dandi,,,Naina,,foraging without tools. Focal start ,RN,ct:a31304f7c3a74c3d0000000000000000,,,Save data,10/30/2024 6:55,10/30/2024 6:38,+07:00,2024042601,53fefadc-1baf-4589-a326-131d5727b3c1,f0b30c64-528f-45ad-83ab-8a006e849526,
10/30/2024,12:52:05,Aura,,,,Belanda,foraging without tools. Focal end ,RN,ct:a31304f7c3a74c3d0000000000000000,,,Save data,10/30/2024 5:52,10/30/2024 5:52,+07:00,2024042601,a0ccd23c-90e5-4f21-b3fe-1fdc5cd70217,5e8ba59a-8830-4984-8534-161d00dfdfc8,
10/30/2024,12:36:29,Aura,Belanda,,,,Grooming. Focal start,RN,ct:a31304f7c3a74c3d0000000000000000,,,Save data,10/30/2024 5:52,10/30/2024 5:36,+07:00,2024042601,db4b37bb-1133-4a37-9039-5886025bd80a,26c2075c-0dbd-4476-95b2-be19ed91ed3c,
10/30/2024,11:51:12,Harley,Juvenile 1,,,,Grooming. Focal end,RN,ct:a31304f7c3a74c3d0000000000000000,,,Save data,10/30/2024 5:52,10/30/2024 4:51,+07:00,2024042601,86d1af22-99dd-41a2-9377-7443ed8997d9,96fbbe4c-a883-4593-90fc-5ecdcb236424,
10/30/2024,11:35:36,Harley,Juvenile 1,Ali Lady Boy,,,Grooming. Focal start,RN,ct:a31304f7c3a74c3d0000000000000000,,,Save data,10/30/2024 5:52,10/30/2024 4:35,+07:00,2024042601,5a4c1c73-4fb1-4ef8-8771-a321859c8e1e,194bd0e7-2478-4ed8-988a-cc0eac1ecc7a,
10/30/2024,11:25:18,Babosa,,,,,rest. Focal end,RN,ct:a31304f7c3a74c3d0000000000000000,,,Save data,10/30/2024 5:52,10/30/2024 4:25,+07:00,2024042601,938a8baf-1cc4-41dc-8a2e-d67f1c726db0,9abd0ca7-b4d1-4f91-b29f-cb05044c2a0c,
10/30/2024,11:09:53,Babosa,,,,,rest. Focal start,RN,ct:a31304f7c3a74c3d0000000000000000,,,Save data,10/30/2024 5:52,10/30/2024 4:09,+07:00,2024042601,b8cebff9-bc60-4880-b3b5-e1f1405e5717,62d8fa5b-0968-4494-9d11-2a63dcd6a99a,
10/30/2024,10:58:00,Granny,Old infant F_Subadult,,,Pat,Grooming. Focal end,RN,ct:a31304f7c3a74c3d0000000000000000,,,Save data,10/30/2024 3:58,10/30/2024 3:58,+07:00,2024042601,cf101267-31da-4622-9af5-2ebbc7acc96c,4ec81158-a296-44b2-afc0-1a38a16f3927,
10/30/2024,10:42:04,Granny,Old infant,,F_Subadult,,rest. Focal end,RN,ct:a31304f7c3a74c3d0000000000000000,,,Save data,10/30/2024 3:58,10/30/2024 3:42,+07:00,2024042601,c03ce429-3714-4201-9826-93b0d80a8944,47eb9c3c-a919-4e5f-b63d-3ebf2430b0d9,
10/30/2024,10:40:37,Iyla,,Pat,,Old infant Babosa,rest. Focal end,RN,ct:a31304f7c3a74c3d0000000000000000,,,Save data,10/30/2024 3:40,10/30/2024 3:40,+07:00,2024042601,f4c5d8e6-b213-4f97-a118-8184754bf784,3639d3d4-4f87-4414-bec7-f4caa27a0534,
10/30/2024,10:24:50,Iyla,Pat,,Babosa,,Grooming. Focal start,RN,ct:a31304f7c3a74c3d0000000000000000,,,Save data,10/30/2024 3:40,10/30/2024 3:24,+07:00,2024042601,49bb4bb4-135b-4ccd-b2d7-8a7a3bd06d3b,865f35ae-8af3-49ae-8437-b5f9df719a69,
10/30/2024,9:47:10,Naina,,,,,rest. Focal end,RN,ct:a31304f7c3a74c3d0000000000000000,,,Save data,10/30/2024 2:47,10/30/2024 2:47,+07:00,2024042601,cee207f3-9ac0-4b34-8aee-3e1b276aec47,b982da75-fac3-4640-9b8c-84adbd43c1ef,
10/30/2024,9:31:43,Naina,,,,,rest. Focal start,RN,ct:a31304f7c3a74c3d0000000000000000,,,Save data,10/30/2024 2:47,10/30/2024 2:31,+07:00,2024042601,f3549f72-5562-439c-b773-62b9a3dbc786,efb4cc7c-de61-4adf-b1a0-5984c7d42f13,
10/30/2024,8:57:50,Bat,,,,Juvenile 1,rest. Focal start,RN,ct:a31304f7c3a74c3d0000000000000000,,,Save data,10/30/2024 1:59,10/30/2024 1:57,+07:00,2024042601,0663cc06-0e92-4c76-b790-4ca247da3f9a,3c6f1961-b8d7-424e-8147-81650dad6028,
10/30/2024,8:46:37,Kaya,,Juvenile 1,Juvenile 1,,foraging without tools. Focal end ,RN,ct:a31304f7c3a74c3d0000000000000000,,,Save data,10/30/2024 1:46,10/30/2024 1:46,+07:00,2024042601,9196567d-a875-48b8-8113-af1900250e39,13b3ebef-aa4c-4be7-a77a-abadc9adcddb,
10/30/2024,8:30:30,Kaya,,,,Juvenile 1,rest. Focal start,RN,ct:a31304f7c3a74c3d0000000000000000,,,Save data,10/30/2024 1:46,10/30/2024 1:30,+07:00,2024042601,589dc05f-5331-4250-a77e-b0c16b334940,df85e1b9-03d2-4e73-b2ee-3af52211794f,
10/30/2024,8:28:46,Vula,Old infant,,,,foraging without tools. Focal end,RN,ct:a31304f7c3a74c3d0000000000000000,,,Save data,10/30/2024 1:28,10/30/2024 1:28,+07:00,2024042601,7b0f88d1-7572-4ef4-822c-df62cc77ca1f,3d0a0796-d136-456f-99bc-3167c32980a2,
10/30/2024,8:13:07,Vula,,,,Black infant Old infant,move. Focal start,RN,ct:a31304f7c3a74c3d0000000000000000,,,Save data,10/30/2024 1:28,10/30/2024 1:13,+07:00,2024042601,a274c45f-3dc1-4014-a11a-aa8a3e6a66a1,33be824e-b7f9-4e51-a63d-d7838b441ee9,
10/30/2024,8:07:49,Jim Lim,Harley,,Juvenile 1,,Grooming. Focal end,RN,ct:a31304f7c3a74c3d0000000000000000,,,Save data,10/30/2024 1:07,10/30/2024 1:07,+07:00,2024042601,31a95726-ae82-4001-b2d3-e351f9538054,bc414e61-e4f3-4093-bb38-a3eec02769a5,
10/30/2024,7:52:16,Jim Lim,,,Juvenile 1 Harley,,rest. Focal start,RN,ct:a31304f7c3a74c3d0000000000000000,,,Save data,10/30/2024 1:07,10/30/2024 0:52,+07:00,2024042601,1037af67-056c-4f6b-9957-b4e5eae780eb,8db5f47c-3a82-4c42-b4ad-99fc3ad9bf2e,
10/30/2024,7:37:08,Rambo,,,,,move. Focal start,RN,ct:a31304f7c3a74c3d0000000000000000,,,Save data,10/30/2024 1:07,10/30/2024 0:37,+07:00,2024042601,56805946-ab3d-49e3-9491-f2df37f2528f,14966b83-cb37-42ee-b754-96e799c30d91,
10/30/2024,7:11:27,Oreo,M_Adult,,F_Adult,,rest. Focal start,RN,ct:a31304f7c3a74c3d0000000000000000,,,Save data,10/30/2024 1:07,10/30/2024 0:11,+07:00,2024042601,844953b2-e841-4d8f-b873-9f9bd4576718,de13d2bb-6dd3-4a8d-a5af-d95b3b433c30,
11/1/2024,16:23:44,Santa,,M_Adult,,F_Subadult,SaF is right handed. Focal start. stone-tool use,RN,ct:a31304f7c3a74c3d0000000000000000,,,Save data,11/2/2024 0:15,11/1/2024 9:23,+07:00,2024042601,5ea79c9b-b769-4e39-ab13-48bd20f8349d,8d27e213-f6aa-48d7-91c3-ef9cda3ac808,
11/1/2024,16:19:09,Betina,,,Old infant Juvenile 1,Dandi,foraging without tools. Focal end ,RN,ct:a31304f7c3a74c3d0000000000000000,,,Save data,11/1/2024 9:19,11/1/2024 9:19,+07:00,2024042601,8d3ac3cc-a4ae-486d-b1c2-24946910e313,c522b357-a179-43d9-b9a7-8a7050a86399,
11/1/2024,16:03:19,Betina,,,,F_Subadult,stone-tool use. Focal start,RN,ct:a31304f7c3a74c3d0000000000000000,,,Save data,11/1/2024 9:19,11/1/2024 9:03,+07:00,2024042601,79917b5b-e7ae-40b6-b4be-edb2f62a804d,01917fb3-303f-4250-af76-291a15789e0a,
11/1/2024,15:34:58,Dandi,,,,,stone-tool use. Focal end,RN,ct:a31304f7c3a74c3d0000000000000000,,,Save data,11/1/2024 8:35,11/1/2024 8:34,+07:00,2024042601,44b73ae4-f24d-4180-afcc-f261883039a4,acb3892d-24c3-4af2-acdd-7490c92509f2,
11/1/2024,15:19:23,Dandi,,,,Taipan,stone-tool use. Focal start,RN,ct:a31304f7c3a74c3d0000000000000000,,,Save data,11/1/2024 8:35,11/1/2024 8:19,+07:00,2024042601,cff38847-3eb0-4d99-afe3-256944ed158f,9a408b34-6382-4c35-b8d6-5e1e936413a0,
11/1/2024,15:09:57,Flame,Juvenile 2,,,,rest. Focal end,RN,ct:a31304f7c3a74c3d0000000000000000,,,Save data,11/1/2024 8:09,11/1/2024 8:09,+07:00,2024042601,135dd041-54d9-4ffa-bafd-4a095fa5849d,a75ac4e4-1d51-4bac-aa01-c9da5b8a8883,
11/1/2024,14:54:21,Flame,,Cacao,,Vula,stone-tool use. Focal start,RN,ct:a31304f7c3a74c3d0000000000000000,,,Save data,11/1/2024 8:09,11/1/2024 7:54,+07:00,2024042601,a93e83f6-743c-4014-85b8-4919c99010a6,01dae3df-b01b-40d3-862c-00ecd2bb5925,
11/1/2024,14:44:17,Harley,,,,Bat,stone-tool use. Focal end,RN,ct:a31304f7c3a74c3d0000000000000000,,,Save data,11/1/2024 8:09,11/1/2024 7:44,+07:00,2024042601,95d33e39-7412-4f6d-bad2-165db61a18df,19163b4e-42fe-4b3a-86d4-5f81f49434b0,
11/1/2024,14:28:18,Harley,,,Whitney,Pat,stone-tool use. Focal start,RN,ct:a31304f7c3a74c3d0000000000000000,,,Save data,11/1/2024 8:09,11/1/2024 7:28,+07:00,2024042601,1440c4f3-67d1-48ab-89db-226980fe904c,6582abba-75d5-46f4-841a-357ba155861c,
11/2/2024,15:25:37,Jim Lim,,,,,move. Focal end,RN,ct:a31304f7c3a74c3d0000000000000000,,,Save data,11/2/2024 8:25,11/2/2024 8:25,+07:00,2024042601,f9316afa-5782-4520-a15e-9c0d9520759d,497a5dc1-1567-40bd-aea8-a7b8e528105f,
11/2/2024,15:10:11,Jim Lim,Telinga,,,,Grooming. Focal start,RN,ct:a31304f7c3a74c3d0000000000000000,,,Save data,11/2/2024 8:25,11/2/2024 8:10,+07:00,2024042601,c77536e6-604f-4f2f-98d5-58cd6aa1de81,8d30220b-777c-4358-a82f-348025445f56,
11/2/2024,15:08:47,Robin,,,,,foraging without tools. Focal end ,RN,ct:a31304f7c3a74c3d0000000000000000,,,Save data,11/2/2024 8:08,11/2/2024 8:08,+07:00,2024042601,cc904fd6-cb40-4c68-91f4-a7b61f935c45,688bf14c-d1e0-4a03-8298-30f4aeccdbf8,
11/2/2024,14:53:13,Robin,,,,,stone-tool use. Focal start,RN,ct:a31304f7c3a74c3d0000000000000000,,,Save data,11/2/2024 8:08,11/2/2024 7:53,+07:00,2024042601,52acd540-2481-4f4b-8518-4e51ae5c6e3a,7c972140-a2b4-41f0-a0d4-7655e0ecba85,
11/2/2024,14:52:31,Whitney,Juvenile 2,,,,Grooming. Focal end,RN,ct:a31304f7c3a74c3d0000000000000000,,,Save data,11/2/2024 7:52,11/2/2024 7:52,+07:00,2024042601,4a3c815e-5efa-49d3-aa9b-e70d7c6eb872,97bbed44-456d-433a-83c8-7781c0381a16,
11/2/2024,14:36:57,Whitney,,,,Pat,rest. Focal start,RN,ct:a31304f7c3a74c3d0000000000000000,,,Save data,11/2/2024 7:52,11/2/2024 7:36,+07:00,2024042601,24bb6c45-400d-4790-9483-2dff9e42b231,6648ba0a-6381-4a47-845e-4fb2946f861b,
11/2/2024,14:27:08,Cacao,Kaya,,,,Grooming. Focal end,RN,ct:a31304f7c3a74c3d0000000000000000,,,Save data,11/2/2024 7:27,11/2/2024 7:27,+07:00,2024042601,31baa790-da06-455d-9f84-3714d65403a0,cde00d4d-821c-428e-8671-37f322c986fb,
11/2/2024,14:11:12,Cacao,Kaya,Juvenile 2,Old infant,Whitney,Grooming. Focal strt,RN,ct:a31304f7c3a74c3d0000000000000000,,,Save data,11/2/2024 7:27,11/2/2024 7:11,+07:00,2024042601,c0f793bd-fe5d-4c57-9fba-a8e558840891,37e70ed2-202b-436a-a1e0-3b5106d23ab1,
11/2/2024,14:09:38,Kaya,Juvenile 2,,,Whitney,Grooming. Focal end,RN,ct:a31304f7c3a74c3d0000000000000000,,,Save data,11/2/2024 7:09,11/2/2024 7:09,+07:00,2024042601,77004073-4354-4fb9-a9ab-a95ca00f0bc6,3ce41866-3ff7-4c8d-b7ab-d6e750df8846,
11/2/2024,13:53:56,Kaya,,Juvenile 1,Black infant Quindoline,Juvenile 2,rest. Focal syart,RN,ct:a31304f7c3a74c3d0000000000000000,,,Save data,11/2/2024 7:09,11/2/2024 6:53,+07:00,2024042601,fca55554-06ac-4f39-a35a-1924201d3283,40e9b72d-9306-4e27-acf7-8153ccca1921,
11/2/2024,12:44:08,Harley,Juvenile 1,,,Black infant Vula,rest. Focal end,RN,ct:a31304f7c3a74c3d0000000000000000,,,Save data,11/2/2024 5:44,11/2/2024 5:44,+07:00,2024042601,949843ca-0e80-4faf-9101-c21c29139594,99a88a77-41b7-439b-82f6-d67b886d5247,
11/2/2024,12:28:02,Harley,Juvenile 1,,Black infant Quindoline,,rest.  Focal start,RN,ct:a31304f7c3a74c3d0000000000000000,,,Save data,11/2/2024 5:44,11/2/2024 5:28,+07:00,2024042601,82fcb82f-9706-4ae3-8c82-990822f4cad1,2d679175-aa2b-43fb-99c3-fec221ff7ee9,
11/2/2024,12:18:42,Quindoline,Black infant,,Juvenile 1 Harley,,rest. Focal end,RN,ct:a31304f7c3a74c3d0000000000000000,,,Save data,11/2/2024 5:44,11/2/2024 5:18,+07:00,2024042601,ee23935e-19e0-4be2-a741-9db6d27e9deb,7a0b8724-0034-4d8c-9a9b-0b05d889c0f3,
11/2/2024,12:03:10,Quindoline,Black infant Juvenile 2,,Black infant F_Subadult Harley Vula,,rest. Focal start,RN,ct:a31304f7c3a74c3d0000000000000000,,,Save data,11/2/2024 5:44,11/2/2024 5:03,+07:00,2024042601,04321d2e-f9c4-42f8-a023-6cc8b3cef088,95ca1ca9-d773-4113-8928-c805b1ef4d03,
11/2/2024,11:35:13,Oreo,Babosa,,Juvenile 2,Black infant Old infant Juvenile 1 Tin tin Granny Pinky,Grooming. Focal end,RN,ct:a31304f7c3a74c3d0000000000000000,,,Save data,11/2/2024 4:35,11/2/2024 4:35,+07:00,2024042601,65d0e609-df6c-4145-886e-e6fe75cab297,ef4c3ed1-a641-4b07-8f5b-af5e2881f718,
11/2/2024,11:17:47,Oreo,Ted,,Black infant Juvenile 1 Vula,Old infant,Grooming. Focal start,RN,ct:a31304f7c3a74c3d0000000000000000,,,Save data,11/2/2024 4:35,11/2/2024 4:17,+07:00,2024042601,f48c9f7c-c5a6-45ad-8d14-c704371e09e2,a28e5461-2d6b-4434-bb46-eeb4d84bd8cd,
11/2/2024,10:05:12,Granny,,,,Pinky,foraging without tools. Focal end ,RN,ct:a31304f7c3a74c3d0000000000000000,,,Save data,11/2/2024 3:05,11/2/2024 3:05,+07:00,2024042601,86228886-adf1-4df8-9b2f-0310fb1e0743,7c2935f7-f8c7-472d-bced-e4a5b1abbe2f,
11/2/2024,9:49:40,Granny,,,,,rest. Focal start,RN,ct:a31304f7c3a74c3d0000000000000000,,,Save data,11/2/2024 3:05,11/2/2024 2:49,+07:00,2024042601,2662cfd6-9e80-4d47-aa17-9235b2aa0b65,163f6812-b8bd-4a71-b74e-0ab743b26bd3,
11/2/2024,9:31:38,Granny,,,,,move. Focal start,RN,ct:a31304f7c3a74c3d0000000000000000,,,Save data,11/2/2024 3:05,11/2/2024 2:31,+07:00,2024042601,2e4e7d71-07c4-4df6-9eda-d739e4545948,bce24e52-335e-4ad8-88cd-bd94b8598e10,
11/2/2024,9:14:06,Vula,,,,,foraging without tools. Focal end ,RN,ct:a31304f7c3a74c3d0000000000000000,,,Save data,11/2/2024 2:14,11/2/2024 2:14,+07:00,2024042601,78838a32-94ac-4ee7-8c9c-8bffd150de61,e2399e6f-9fb3-4eeb-a78e-2bb0af21cdef,
11/2/2024,8:58:27,Vula,,,,Juvenile 2,rest. Focal start,RN,ct:a31304f7c3a74c3d0000000000000000,,,Save data,11/2/2024 2:14,11/2/2024 1:58,+07:00,2024042601,8e159733-1442-4b6a-9026-bb1357b55a91,a51da58e-19f6-42dd-aec1-657d997ae1d1,
11/2/2024,8:45:37,Tin tin,,,,,rest. Focal end,RN,ct:a31304f7c3a74c3d0000000000000000,,,Save data,11/2/2024 1:45,11/2/2024 1:45,+07:00,2024042601,c303ac34-d1b6-4d52-874c-555ec5f605f4,746881cb-11a9-4e2f-8a3b-f5fb7c8daf77,
11/2/2024,8:30:02,Tin tin,,,,,foraging without tools. Focal start ,RN,ct:a31304f7c3a74c3d0000000000000000,,,Save data,11/2/2024 1:45,11/2/2024 1:30,+07:00,2024042601,cdd199b7-e66f-4887-87aa-cc9ef1659560,c070824d-5e02-46b6-851c-7310ea7856ba,
11/2/2024,8:12:49,Babosa,,,,,foraging without tools. Focal end ,RN,ct:a31304f7c3a74c3d0000000000000000,,,Save data,11/2/2024 1:12,11/2/2024 1:12,+07:00,2024042601,ad467749-4450-4b52-9581-03ebc7467efc,d5368d8b-f4b3-4c8b-9650-b442326f33b7,
11/2/2024,7:57:14,Babosa,F_Subadult,,,,Grooming. Focal start,RN,ct:a31304f7c3a74c3d0000000000000000,,,Save data,11/2/2024 1:12,11/2/2024 0:57,+07:00,2024042601,d0fbca1f-0895-4b1f-ae3f-931659c11152,783b5058-a876-43c4-a731-ea036435a444,
11/2/2024,7:51:27,Pinky,,,,M_Adult,move. Focal end,RN,ct:a31304f7c3a74c3d0000000000000000,,,Save data,11/2/2024 0:51,11/2/2024 0:51,+07:00,2024042601,af6d4aa9-d844-4683-9b04-4a6d45720acf,6770bef7-04c6-432d-9553-49e6e52c9ff2,
11/2/2024,7:35:30,Pinky,,,,Babosa,rest. Focal start,RN,ct:a31304f7c3a74c3d0000000000000000,,,Save data,11/2/2024 0:51,11/2/2024 0:35,+07:00,2024042601,ea0e28a7-c146-492b-8e98-cbdbc14ef6d7,e26d6ebb-19b9-4335-91ae-6673ca7f8fbf,
11/2/2024,7:31:15,Belanda,,,Iyla,,move. Focal end,RN,ct:a31304f7c3a74c3d0000000000000000,,,Save data,11/2/2024 0:31,11/2/2024 0:31,+07:00,2024042601,c7b6ad67-6ae7-4cb7-9045-c2eee051f583,56b6b5c2-4b70-48bc-ad00-d38ba73fb1e9,
11/2/2024,7:15:56,Belanda,,,Iyla,,foraging without tools. Focal start,RN,ct:a31304f7c3a74c3d0000000000000000,,,Save data,11/2/2024 0:31,11/2/2024 0:15,+07:00,2024042601,83d46c1d-3d6c-4717-9acb-4bc77ce53809,5771392a-f75a-4a36-bc28-8cbc3dc6f10e,
11/4/2024,16:15:19,Dandi,,,,Betina,foraging without tools. Focal end ,RN,ct:a31304f7c3a74c3d0000000000000000,,,Save data,11/4/2024 9:15,11/4/2024 9:15,+07:00,2024042601,62acfbd6-6986-432b-89a3-e1c0af7fb2d8,aeba3bc0-6578-47c8-acb9-0597d752ae51,
11/4/2024,15:59:43,Dandi,,,Belanda,Pat Aura Iyla I - Infant,stone-tool use. Focal start,RN,ct:a31304f7c3a74c3d0000000000000000,,,Save data,11/4/2024 9:15,11/4/2024 8:59,+07:00,2024042601,71fa0aae-273e-43b9-8415-c9c116d539cc,ba8a3875-661a-4149-a44f-098c547484d8,
11/4/2024,15:55:46,Yaiko,,,,,foraging without tools. Focal end,RN,ct:a31304f7c3a74c3d0000000000000000,,,Save data,11/4/2024 8:55,11/4/2024 8:55,+07:00,2024042601,46401bf2-8b48-46d2-9255-508e21373c14,6dabc475-8635-437a-a62a-5a423200a36a,
11/4/2024,15:40:14,Yaiko,,,,,stone-tool use. Focal start,RN,ct:a31304f7c3a74c3d0000000000000000,,,Save data,11/4/2024 8:40,11/4/2024 8:40,+07:00,2024042601,a5fb7df2-e1fa-47e1-b6dc-3d660116a37f,1aeba7fc-f1aa-44f0-aff8-3f1acb308836,
11/4/2024,15:38:26,Jim Lim,,,,Tutu,foraging without tools. Focal end,RN,ct:a31304f7c3a74c3d0000000000000000,,,Save data,11/4/2024 8:38,11/4/2024 8:38,+07:00,2024042601,82afa109-eb3d-495b-b3cc-03e22e942766,ba46bbd1-f491-499c-9836-2cffbf879d58,
11/4/2024,15:22:42,Jim Lim,,Belanda Harley,,,stone-tool use. Focal start,RN,ct:a31304f7c3a74c3d0000000000000000,,,Save data,11/4/2024 8:38,11/4/2024 8:22,+07:00,2024042601,e9efd17b-3cbc-455b-a1b3-92e6b688b847,7e3809f3-a1f0-45d7-a2e0-c1fc7d9663dc,
11/4/2024,13:41:42,Aura,, Boss Pat,F_Subadult,Telinga,Focal start. Rrst,RN,ct:a31304f7c3a74c3d0000000000000000,,,Save data,11/4/2024 8:22,11/4/2024 6:41,+07:00,2024042601,b04a35ae-da66-4ffb-a0bf-7820dbc18c37,deb760d5-d2fb-4385-95cc-8b91d3817ad1,
11/4/2024,13:36:48,Belanda,,,,Boss Pat Aura,rest. Focal end,RN,ct:a31304f7c3a74c3d0000000000000000,,,Save data,11/4/2024 8:22,11/4/2024 6:36,+07:00,2024042601,ca3c8032-956c-4216-ad5e-860ead3d543f,9d33360e-b38e-4ea8-affe-8fd9f65038d6,
11/4/2024,13:21:50,Belanda,,,,Pat Iyla,rest. Focal start,RN,ct:a31304f7c3a74c3d0000000000000000,,,Save data,11/4/2024 8:22,11/4/2024 6:21,+07:00,2024042601,0a09290a-d6cc-4992-a9cf-a0266bfd17be,68ca55b8-314c-4639-b760-eac3f5561302,
11/4/2024,12:43:58,Pinky,Juvenile 2,,Ali Naina,,Grooming. Focal end,RN,ct:a31304f7c3a74c3d0000000000000000,,,Save data,11/4/2024 5:44,11/4/2024 5:43,+07:00,2024042601,39c02e8c-2c70-43a2-830f-ed24bc3a92d6,b72ac6d0-d85d-4853-b78e-2ccc15cb7371,
11/4/2024,12:28:23,Pinky,Juvenile 2,,,Ali,Grooming. Focal start,RN,ct:a31304f7c3a74c3d0000000000000000,,,Save data,11/4/2024 5:44,11/4/2024 5:28,+07:00,2024042601,b8bfcbba-d17f-4d12-99cf-8303edf81a13,db1d0ef1-d7cc-40a0-8a23-989a49f370ac,
11/4/2024,12:26:28,Ali,,,,,rest. Focal end,RN,ct:a31304f7c3a74c3d0000000000000000,,,Save data,11/4/2024 5:26,11/4/2024 5:26,+07:00,2024042601,b5855f0f-5d56-4012-97d4-ff62c2ec9ef1,406d0b15-6af2-46ca-9311-7f7cf90c66bd,
11/4/2024,12:10:50,Ali,,,,Old infant,rest. Focal start,RN,ct:a31304f7c3a74c3d0000000000000000,,,Save data,11/4/2024 5:26,11/4/2024 5:10,+07:00,2024042601,5396c8bf-9bfd-4817-b7cb-d0f6c67e71fe,04dbaef4-b42c-4d39-8cf9-26170f1ff5c5,
11/4/2024,11:12:20,Naina,,,Bat,,move. Focal end,RN,ct:a31304f7c3a74c3d0000000000000000,,,Save data,11/4/2024 4:12,11/4/2024 4:12,+07:00,2024042601,df7bcb8b-4565-4f03-96fd-5ac708d3bb92,68f7e7d0-df59-44d6-8bd0-d61c7c5ed6a9,
11/4/2024,10:56:36,Naina,Juvenile 2,Babosa Iyla,Black infant Old infant Juvenile 1 Quindoline,Juvenile 1 Juvenile 2,rest. Focal start,RN,ct:a31304f7c3a74c3d0000000000000000,,,Save data,11/4/2024 4:12,11/4/2024 3:56,+07:00,2024042601,bcf9fc4d-fb04-4ee6-95e3-483d415c07c2,34efaaa0-5b4f-4a61-8414-bee95413b38f,
11/4/2024,10:00:26,Quindoline,Juvenile 1,,Ted,Juvenile 1 Ali F_Subadult,rest. Focal end,RN,ct:a31304f7c3a74c3d0000000000000000,,,Save data,11/4/2024 3:00,11/4/2024 3:00,+07:00,2024042601,d074ce80-510d-48a7-be49-97f04dafb96a,5d43d9de-dc91-4a43-bc95-9f54335fd408,
11/4/2024,9:44:03,Quindoline,,Juvenile 1,Black infant Juvenile 1 Juvenile 2,Juvenile 1 Juvenile 2 Babosa Kal F_Subadult Harley Pinky,rest. Focal start,RN,ct:a31304f7c3a74c3d0000000000000000,,,Save data,11/4/2024 3:00,11/4/2024 2:44,+07:00,2024042601,e7f64f7b-c5d4-4880-a68b-019732702105,823b9d2a-3966-499c-81c7-e717d11300a0,
11/4/2024,9:41:50,Cacao,,Flame Taipan,Old infant Kal Pinky Vula,Old infant Juvenile 1 Juvenile 2 Harley Robin,rest. Focal end,RN,ct:a31304f7c3a74c3d0000000000000000,,,Save data,11/4/2024 2:41,11/4/2024 2:41,+07:00,2024042601,a224d376-30c2-44af-9e6a-3cb20a3a7c53,1c415a44-c5d4-445c-b60e-8905525335f3,
11/4/2024,9:24:54,Cacao,,Belanda Jim Lim Kaya,,Naina,rest. Focal start,RN,ct:a31304f7c3a74c3d0000000000000000,,,Save data,11/4/2024 2:41,11/4/2024 2:24,+07:00,2024042601,4ef6b226-b694-41f2-88d4-a042df2c3e95,c8dbbcc0-0fa4-48bf-a81d-5f01158b3dc4,
11/4/2024,8:51:57,Kal,Juvenile 2 Tin tin,,,,Grooming. Focal start,RN,ct:a31304f7c3a74c3d0000000000000000,,,Save data,11/4/2024 2:41,11/4/2024 1:51,+07:00,2024042601,0c09e138-ce54-4fdf-bacd-b7413151f651,d663411b-4e14-4eda-abe7-4d316a5c9f9b,
11/4/2024,8:30:41,Robin,,,,,stone-tool use. Focal start,RN,ct:a31304f7c3a74c3d0000000000000000,,,Save data,11/4/2024 2:41,11/4/2024 1:30,+07:00,2024042601,0ca6c40a-6dc2-4b79-83d3-491909110251,f99b33ef-48ec-4419-ab4f-468739e71371,
11/4/2024,8:19:00,Iyla,,,,,foraging without tools. Focal end ,RN,ct:a31304f7c3a74c3d0000000000000000,,,Save data,11/4/2024 1:19,11/4/2024 1:19,+07:00,2024042601,57f56175-dddd-4955-9348-4e2d3ddb0a22,46cb47ae-27f9-4ca0-b251-1b507bf14125,
11/4/2024,8:03:22,Iyla,,,Quindoline,,Travel. Focal start,RN,ct:a31304f7c3a74c3d0000000000000000,,,Save data,11/4/2024 1:19,11/4/2024 1:03,+07:00,2024042601,50287cca-9b32-4611-aeab-588b22765079,a62da776-dff5-40d3-8126-f1230fbc78ad,
11/4/2024,7:32:51,Whitney,,Juvenile 1,,Kal,stone-tool use. Focal end. Chicken island,RN,ct:a31304f7c3a74c3d0000000000000000,,,Save data,11/4/2024 0:32,11/4/2024 0:32,+07:00,2024042601,642ae83e-83b5-43f9-a81b-533c97716d94,1bc27803-c902-4bcb-b158-246ad0657030,
11/4/2024,7:16:19,Whitney,,,Juvenile 2,Juvenile 2,stone-tool use. Focal start. Chicken island,RN,ct:a31304f7c3a74c3d0000000000000000,,,Save data,11/4/2024 0:32,11/4/2024 0:16,+07:00,2024042601,d30919cf-6467-4f46-8c9e-b9d1e1eb7374,c41af8c1-590f-4170-a072-2f444372a273,
11/4/2024,7:14:46,Granny,,Old infant,,F_Subadult Pinky,SaF is right handed. stone-tool use. Focal end,RN,ct:a31304f7c3a74c3d0000000000000000,,,Save data,11/4/2024 0:14,11/4/2024 0:14,+07:00,2024042601,65142455-5dcd-47d0-bef2-c27ba9eb4213,af6f8fa2-4ac4-40d8-9ddc-51cefa641d0f,
11/4/2024,6:58:47,Granny,,Old infant Pinky,,F_Subadult,stone-tool use. Focal start,RN,ct:a31304f7c3a74c3d0000000000000000,,,Save data,11/4/2024 0:14,11/3/2024 23:58,+07:00,2024042601,b7fbde1f-a23b-4d6e-83da-ffba4b5941f4,15f2ba19-e3be-4d30-b35e-7a643b72846d,
11/6/2024,9:06:04,Jim Lim,,Kaya,F_Subadult,Juvenile 2,foraging without tools. Focal end,RN,ct:a31304f7c3a74c3d0000000000000000,,,Save data,11/6/2024 2:06,11/6/2024 2:06,+07:00,2024042601,eb193d95-af1a-429f-b04f-2c38ee8566dd,268bc424-eb1f-42f1-b77a-0ebae86701d9,
11/6/2024,8:50:03,Jim Lim,,,,,stone-tool use. Focal start,RN,ct:a31304f7c3a74c3d0000000000000000,,,Save data,11/6/2024 1:50,11/6/2024 1:50,+07:00,2024042601,2b60d2f9-dfaa-40e2-b524-f97bd3fe8040,ca35a73f-da2a-4090-bbe2-f2086d336674,
11/6/2024,8:12:24,Yaiko,,,,F_Subadult,stone-tool use. Focal start,RN,ct:a31304f7c3a74c3d0000000000000000,,,Save data,11/6/2024 1:50,11/6/2024 1:12,+07:00,2024042601,b3e0840f-5edd-4853-b455-6473d8071e6f,4330959f-084b-41ad-b529-b257f805e8a9,
11/6/2024,7:41:05,Iyla,Ted,,Babosa,,Grooming. Focal start,RN,ct:a31304f7c3a74c3d0000000000000000,,,Save data,11/6/2024 1:50,11/6/2024 0:41,+07:00,2024042601,b7fa2137-33f9-4da7-895a-30e8e71a28b5,f039145d-9b9e-41d0-8711-fe83dd73a132,
11/6/2024,7:29:45,Belanda,,,Betina,Dandi,move. Focal end,RN,ct:a31304f7c3a74c3d0000000000000000,,,Save data,11/6/2024 0:29,11/6/2024 0:29,+07:00,2024042601,70f30b14-0262-4a20-9569-6afa0f598b22,39e4a726-1957-42e8-8054-c70bc19dd5e9,
11/6/2024,7:14:08,Belanda,,,,,search. Focal start,RN,ct:a31304f7c3a74c3d0000000000000000,,,Save data,11/6/2024 0:29,11/6/2024 0:14,+07:00,2024042601,0ef2309b-0a63-4010-aa39-ddd73941bc9b,42d11131-cb0a-42c2-b86b-b1e9c9c2701f,
11/6/2024,6:52:28,Harley,,,,,rest. Focal start,RN,ct:a31304f7c3a74c3d0000000000000000,,,Save data,11/6/2024 0:29,11/5/2024 23:52,+07:00,2024042601,2fb84fb4-9354-4a23-a419-95521e9825ff,6af58dd2-1333-48b8-bfc2-deacbe0588cb,
11/11/2024,13:35:40,Flame,,,Ted Yaiko,Vula,stone-tool use. Focal end,RN,ct:a31304f7c3a74c3d0000000000000000,,,Save data,11/11/2024 6:35,11/11/2024 6:35,+07:00,2024042601,d8a1dcb3-5246-40e0-bfe5-63524ad768f1,c37d2be3-df09-4271-bee2-347bbb8ab889,
11/11/2024,13:19:51,Flame,Taipan,,Juvenile 1,Granny Pinky,rest. Focal start,RN,ct:a31304f7c3a74c3d0000000000000000,,,Save data,11/11/2024 6:35,11/11/2024 6:19,+07:00,2024042601,3568c533-6693-474a-a2d4-851045b786b2,e66d4c0d-a174-4722-98e4-ad6f69f31324,
11/11/2024,11:52:57,Yaiko,,,,,move. Focal end,RN,ct:a31304f7c3a74c3d0000000000000000,,,Save data,11/11/2024 4:52,11/11/2024 4:52,+07:00,2024042601,a1a293a9-d6b9-42bc-92ad-276f521062bd,cfd5f4da-542d-4303-9af0-321f961df445,
11/11/2024,11:37:15,Yaiko,,,,,rest. Focal start,RN,ct:a31304f7c3a74c3d0000000000000000,,,Save data,11/11/2024 4:52,11/11/2024 4:37,+07:00,2024042601,3ba80066-63a8-459c-b7bf-f371b665df09,3d1d7ae3-18b7-4f7b-bbcc-f3bd9005e30d,
11/11/2024,11:35:35,Kaya,,,,,move. Focal end,RN,ct:a31304f7c3a74c3d0000000000000000,,,Save data,11/11/2024 4:35,11/11/2024 4:35,+07:00,2024042601,dc390568-d17e-42d1-9415-79c49888b87f,7c345f19-4303-4d9d-ae3f-eef02ee5092d,
11/11/2024,11:20:05,Kaya,,,Juvenile 1,Juvenile 1,foraging without tools. Focal start,RN,ct:a31304f7c3a74c3d0000000000000000,,,Save data,11/11/2024 4:35,11/11/2024 4:20,+07:00,2024042601,1cf57b6b-8c67-44ea-9d2e-0beea2a4db11,b6b4d4b7-6c3f-42a6-8c24-84a72ba0e71e,
11/11/2024,10:59:42,Pinky,,,,,foraging without tools. Focal end ,RN,ct:a31304f7c3a74c3d0000000000000000,,,Save data,11/11/2024 3:59,11/11/2024 3:59,+07:00,2024042601,747bca1e-9557-4e08-8d70-b8bb000a6413,ef4a7364-087d-41bd-8c5b-313bc25558c2,
11/11/2024,10:43:56,Pinky,Juvenile 2,,Juvenile 1,,Grooming. Focal start,RN,ct:a31304f7c3a74c3d0000000000000000,,,Save data,11/11/2024 3:44,11/11/2024 3:43,+07:00,2024042601,e2d63fd4-f34e-4761-8beb-0ca9792a4894,51a155a3-ff75-4fc5-91d4-211844c968a7,
11/11/2024,10:40:19,Aura,Juvenile 2,,,,Change SaF to J2 in previous scan as wrll. Focal end. Grooming,RN,ct:a31304f7c3a74c3d0000000000000000,,,Save data,11/11/2024 3:43,11/11/2024 3:40,+07:00,2024042601,3dd71e88-0f27-4950-8e91-adbf38791d62,3ea2a00b-0f7d-472c-9f12-b930e4ed5818,
11/11/2024,10:24:53,Aura,F_Subadult,,,,Grooming. Focal start,RN,ct:a31304f7c3a74c3d0000000000000000,,,Save data,11/11/2024 3:43,11/11/2024 3:24,+07:00,2024042601,9bf0dab8-3ee8-49e1-925f-d320a5f8bd80,3705c479-29bb-4270-a6ad-8a44aa50f5bf,
11/12/2024,15:11:06,Jim Lim,M_Adult,,M_Subadult,Old infant Juvenile 1,Grooming. Focal end,RN,ct:a31304f7c3a74c3d0000000000000000,,,Save data,11/12/2024 8:11,11/12/2024 8:11,+07:00,2024042601,120dfa9e-9d1f-40ab-bac8-7157bcf66722,5cefbdd5-136a-42df-932f-038f351bcfa5,
11/12/2024,14:54:29,Jim Lim,,,,,move. Focal start,RN,ct:a31304f7c3a74c3d0000000000000000,,,Individuals,11/12/2024 8:11,11/12/2024 7:54,+07:00,2024042601,fb097bf0-dbe0-4565-8101-389d26d3e56a,402447c3-988a-404b-9dac-246cacfadc9e,
11/12/2024,14:35:43,Kaya,M_Adult,,Pat,Iyla,Grooming. Focal end,RN,ct:a31304f7c3a74c3d0000000000000000,,,Save data,11/12/2024 7:35,11/12/2024 7:35,+07:00,2024042601,27eddb51-bf30-4283-89af-5f8cacf7cdad,8fc8066b-ff30-4324-ac9d-1a9cd2cd5039,
11/12/2024,14:20:00,Kaya,Pat,,,Juvenile 1 Ted,Grooming. Focal start,RN,ct:a31304f7c3a74c3d0000000000000000,,,Save data,11/12/2024 7:35,11/12/2024 7:20,+07:00,2024042601,9cbfcca3-653d-4e76-9145-5b1d54bc4279,bd0fee66-b6fc-4ee2-ad67-5d9e606afb4b,
11/12/2024,13:30:46,Vula,,,Jim Lim,Juvenile 2,foraging without tools. Focal end,RN,ct:a31304f7c3a74c3d0000000000000000,,,Save data,11/12/2024 6:30,11/12/2024 6:30,+07:00,2024042601,2ab96ae1-720b-4ffa-ab3b-66c8306305bd,21d6e9b1-2712-4af2-ba21-f70e14bb9ce1,
11/12/2024,13:14:45,Vula,,,Bat,,stone-tool use. Focal start,RN,ct:a31304f7c3a74c3d0000000000000000,,,Save data,11/12/2024 6:30,11/12/2024 6:14,+07:00,2024042601,5323746f-d556-4260-9b23-1d211783be88,0b1abb30-84b6-4763-8c85-7c743364ebd8,
11/12/2024,12:51:46,Whitney,,Juvenile 2,,,stone-tool use. Focal end,RN,ct:a31304f7c3a74c3d0000000000000000,,,Save data,11/12/2024 5:51,11/12/2024 5:51,+07:00,2024042601,fbc5b1e3-bcde-40a6-bba2-0af676e0bb92,f9546a19-5fc1-4dbd-9fdf-b0209faf379f,
11/12/2024,12:35:53,Whitney,,,Juvenile 2,,stone-tool use. Focal start,RN,ct:a31304f7c3a74c3d0000000000000000,,,Save data,11/12/2024 5:51,11/12/2024 5:35,+07:00,2024042601,7141f28a-dcb4-4d80-94bc-d3ca91f92602,8ae9da4c-954a-4535-b65c-ac8001aed7b6,
11/12/2024,12:18:53,Bat,,,,Lady Boy,stone-tool use. Focal start,RN,ct:a31304f7c3a74c3d0000000000000000,,,Save data,11/12/2024 5:34,11/12/2024 5:18,+07:00,2024042601,8b07c2e3-1f41-4382-9b38-6bbdc1bbded9,b9f4e73c-3d5a-404f-b72b-c35be32a6b93,
11/12/2024,12:16:30,Naina,,,,,stone-tool use. Focal end,RN,ct:a31304f7c3a74c3d0000000000000000,,,Save data,11/12/2024 5:16,11/12/2024 5:16,+07:00,2024042601,0d2a7bc6-8d9a-4e87-a96e-7b9d88524168,c34cf9d7-e0f9-434f-b23c-8d704432597a,
11/12/2024,12:00:44,Naina,,,,,Travel to chicken island. Focal start,RN,ct:a31304f7c3a74c3d0000000000000000,,,Save data,11/12/2024 5:16,11/12/2024 5:00,+07:00,2024042601,28d4c112-3c5e-414d-a34c-ab018bcdc62f,b6175425-c007-4205-bef8-8f9f2b11252f,
11/12/2024,11:41:15,Harley,,,,,move. Focal end,RN,ct:a31304f7c3a74c3d0000000000000000,,,Save data,11/12/2024 4:41,11/12/2024 4:41,+07:00,2024042601,2dff94fb-72a2-4ba0-91d0-76958ef096e7,186c23e6-2790-4350-9499-78bca006da87,
11/12/2024,11:25:37,Harley,,,,Ali,stone-tool use. Focal start,RN,ct:a31304f7c3a74c3d0000000000000000,,,Save data,11/12/2024 4:41,11/12/2024 4:25,+07:00,2024042601,feba684f-1286-417e-8e95-4ea6626d62ec,87828e29-ea24-4a91-b61f-dbdccc9e2af6,
11/12/2024,11:01:36,Iyla,,,,,foraging without tools. Focal end ,RN,ct:a31304f7c3a74c3d0000000000000000,,,Save data,11/12/2024 4:01,11/12/2024 4:01,+07:00,2024042601,043cbe9a-4893-4580-bfd5-8d9d60b430f6,24f7aa04-c60a-46c2-8447-6ce7192367a7,
11/12/2024,10:45:59,Iyla,,,,Old infant Juvenile 1,foraging without tools. Focal start,RN,ct:a31304f7c3a74c3d0000000000000000,,,Save data,11/12/2024 4:01,11/12/2024 3:45,+07:00,2024042601,3d8814f5-7967-4d20-959a-dc54d748b7b5,aa1fe92d-0d86-4f17-80e7-dfdf275a25ec,
11/12/2024,10:44:25,Robin,,,,,foraging without tools. Focal end ,RN,ct:a31304f7c3a74c3d0000000000000000,,,Save data,11/12/2024 3:44,11/12/2024 3:44,+07:00,2024042601,da72a077-dd9f-4902-abe0-8a82e7e06f67,e9f7934f-e982-44f1-9f75-1aa86581f1c7,
11/12/2024,10:27:22,Robin,,,,Whitney,move. Focal start,RN,ct:a31304f7c3a74c3d0000000000000000,,,Save data,11/12/2024 3:44,11/12/2024 3:27,+07:00,2024042601,e8f467ae-68fd-4265-a737-052904aa2a78,956937ff-4d2b-4447-9cd2-dd448bf25f82,
11/12/2024,9:47:53,Dandi,,,,,stone-tool use. Focal start,RN,ct:a31304f7c3a74c3d0000000000000000,,,Save data,11/12/2024 3:44,11/12/2024 2:47,+07:00,2024042601,bcb76981-ae63-42af-9cb4-2262f08e8094,f631eaf5-ae22-4ed2-ba50-89f0f70ab353,
11/12/2024,9:32:15,Quindoline,,Jim Lim,Kal Naina,Iyla,rest. Focal end,RN,ct:a31304f7c3a74c3d0000000000000000,,,Save data,11/12/2024 2:32,11/12/2024 2:32,+07:00,2024042601,038a5f40-4a4c-40da-9e27-6717a20c7f39,f82fc072-e5b5-4fae-97f3-aea76ddca597,
11/12/2024,9:16:13,Quindoline,,,,,foraging without tools. Focal start,RN,ct:a31304f7c3a74c3d0000000000000000,,,Save data,11/12/2024 2:32,11/12/2024 2:16,+07:00,2024042601,42cb4f17-6498-48a7-bc2f-cae7afeb191e,efb74a96-59df-44e7-b987-a876b8d53fc5,
11/12/2024,8:51:30,Aura,,,,Pat,rest. Focal end,RN,ct:a31304f7c3a74c3d0000000000000000,,,Save data,11/12/2024 1:51,11/12/2024 1:51,+07:00,2024042601,d0564611-6b11-4bd6-a39a-d545a4ca23a7,46051dbd-6c87-4ec2-b158-a403a8dd13ea,
11/12/2024,8:35:55,Aura,,,Oreo,,rest. Focal start,RN,ct:a31304f7c3a74c3d0000000000000000,,,Save data,11/12/2024 1:51,11/12/2024 1:35,+07:00,2024042601,aec98e21-e5cf-451c-93cd-c70cf3c8da2f,eb552ea6-5d83-4a72-b64e-a7a00d20841e,
11/14/2024,14:32:43,Jim Lim,,,,,stone-tool use. Focal start,RN,ct:a31304f7c3a74c3d0000000000000000,,,Save data,11/15/2024 0:05,11/14/2024 7:32,+07:00,2024042601,c3fe9cd2-a8f0-4d3a-9cde-7f49e2945976,18e5fcf3-b095-40d1-bb75-6e41fe020e7c,
11/14/2024,14:25:41,Lip,,,F_Subadult,,"SaF (biggest one, ostrous) is right handed. stone-tool use. Focal end ",RN,ct:a31304f7c3a74c3d0000000000000000,,,Save data,11/14/2024 7:25,11/14/2024 7:25,+07:00,2024042601,bbb24f6b-5400-4cdf-ba41-a47c03ec94f2,3434cdcb-3bdd-40fc-a4e3-3f12e34e51ba,
11/14/2024,14:09:17,Lip,,,,,stone-tool use. Focal start,RN,ct:a31304f7c3a74c3d0000000000000000,,,Save data,11/14/2024 7:25,11/14/2024 7:09,+07:00,2024042601,4bc39669-9a00-4ab1-b4e6-dbdc11bcfe2e,346d5f0d-01db-4302-93d4-11fbaa56068b,
11/14/2024,14:05:38,Naina,,,,Lip,stone-tool use. Focal start,RN,ct:a31304f7c3a74c3d0000000000000000,,,Save data,11/14/2024 7:25,11/14/2024 7:05,+07:00,2024042601,e6b99c0a-b3a7-49ef-b654-53713ba086ae,077e7259-6566-4c3b-b203-d0bc25c0fd71,
11/14/2024,13:49:38,Naina,,,M_Adult Lady Boy,,UAM is Dumbo. stone-tool use. Focal start. Pig island,RN,ct:a31304f7c3a74c3d0000000000000000,,,Save data,11/14/2024 7:25,11/14/2024 6:49,+07:00,2024042601,b04ebd44-b719-4a65-9747-859cad23ced8,5c57b376-c52e-4c1b-9cad-2518399e5146,
11/14/2024,12:43:19,Aura,,,,,foraging without tools. Focal end ,RN,ct:a31304f7c3a74c3d0000000000000000,,,Save data,11/14/2024 5:43,11/14/2024 5:43,+07:00,2024042601,76a84ed7-15fa-476c-b87f-58ef81e4e7b2,508e643d-ad6e-4726-86bb-843939bb9404,
11/14/2024,12:27:46,Aura,,,,Juvenile 2,rest. Focal start,RN,ct:a31304f7c3a74c3d0000000000000000,,,Save data,11/14/2024 5:43,11/14/2024 5:27,+07:00,2024042601,706b8304-6c59-48fc-8aab-efb52b9706ca,7d7b6987-a877-44c0-9eb4-e981b2fb76ab,
11/14/2024,11:47:41,Pinky,Granny,,,,Grooming. Focal end,RN,ct:a31304f7c3a74c3d0000000000000000,,,Save data,11/14/2024 4:47,11/14/2024 4:47,+07:00,2024042601,7cd0c742-f79d-4ca8-83d0-76ef5e315ea0,452af320-ac89-4fbf-a71c-4a938e217f97,
11/14/2024,11:32:11,Pinky,,,Granny,Juvenile 2,rest. Focal start,RN,ct:a31304f7c3a74c3d0000000000000000,,,Save data,11/14/2024 4:47,11/14/2024 4:32,+07:00,2024042601,b6912ab9-40ce-4ee5-9707-21eb5698ce82,3d673ca1-8efd-40c5-9afa-7caf8d5f3cbc,
11/14/2024,11:27:56,Harley,Juvenile 2 Jim Lim,,,,Grooming. Focal end,RN,ct:a31304f7c3a74c3d0000000000000000,,,Save data,11/14/2024 4:27,11/14/2024 4:27,+07:00,2024042601,029a306c-f284-4a23-a207-cdf4ff4a9072,1ad3284b-4e59-451d-9a1f-a3172c55f3ca,
11/14/2024,11:11:59,Harley,Robin,,,Juvenile 1,Grooming. Focal start,RN,ct:a31304f7c3a74c3d0000000000000000,,,Save data,11/14/2024 4:27,11/14/2024 4:11,+07:00,2024042601,05a33a36-6e30-427e-a509-2d98391051bd,2e054162-ee52-46f2-bb7c-f2c6fea79bb9,
11/14/2024,10:59:02,Dandi,,,,Juvenile 2 Babosa,move. Focal end,RN,ct:a31304f7c3a74c3d0000000000000000,,,Save data,11/14/2024 3:59,11/14/2024 3:59,+07:00,2024042601,6e244ede-7734-4074-855d-187f4420728d,8da3fc5d-b108-4906-8f6e-b460b243f872,
11/14/2024,10:42:11,Dandi,,,Babosa,,rest. Focal start,RN,ct:a31304f7c3a74c3d0000000000000000,,,Save data,11/14/2024 3:59,11/14/2024 3:42,+07:00,2024042601,8cc4f4bc-6fbd-413c-9dba-653593ab3420,34e30bec-ccc0-4b4a-a65d-61a7c2a73593,
11/14/2024,10:05:25,Whitney,,,,Dumbo,rest. Focal end,RN,ct:a31304f7c3a74c3d0000000000000000,,,Save data,11/14/2024 3:05,11/14/2024 3:05,+07:00,2024042601,97a3d4bf-e086-44b7-a2fb-40a03c5fbab7,75561b00-366f-4c5c-b334-b817ae74e2db,
11/14/2024,9:49:47,Whitney,,,,,rest. Focal start,RN,ct:a31304f7c3a74c3d0000000000000000,,,Save data,11/14/2024 3:05,11/14/2024 2:49,+07:00,2024042601,a21f8103-e5cc-406e-97bd-fab249659683,a68b842b-bf19-4282-9155-f11cd0e8c951,
11/14/2024,9:08:47,Jim Lim,,M_Adult,,,rest. Focal end,RN,ct:a31304f7c3a74c3d0000000000000000,,,Save data,11/14/2024 2:08,11/14/2024 2:08,+07:00,2024042601,2356da05-80fc-4c38-9206-ee6f4fbf62d4,5a2b364d-80d9-4131-904c-3cb986228c10,
11/14/2024,8:53:15,Jim Lim,,,,Juvenile 2,rest. Focal start,RN,ct:a31304f7c3a74c3d0000000000000000,,,Save data,11/14/2024 2:08,11/14/2024 1:53,+07:00,2024042601,d5d3b0da-5aa2-42a4-a430-8537b600980d,0dc502e7-2111-41fd-a06f-df6fb1dfcffb,
11/14/2024,8:52:15,Granny,,,,,rest. Focal end,RN,ct:a31304f7c3a74c3d0000000000000000,,,Save data,11/14/2024 1:52,11/14/2024 1:52,+07:00,2024042601,838de1b5-d9e0-4deb-aa11-ffed3f2ffa35,62152ac3-56ec-43e5-87f4-16b0b6aedd36,
11/14/2024,8:36:27,Granny,Old infant,,Juvenile 2,Old infant Juvenile 1,rest. Focal start,RN,ct:a31304f7c3a74c3d0000000000000000,,,Save data,11/14/2024 1:52,11/14/2024 1:36,+07:00,2024042601,65bb17e9-ac97-45cd-95c3-1f8555fdc8dd,6c237ccd-ac68-457f-9fa7-19e2816e5266,
11/14/2024,8:34:25,Babosa,,,,F_Subadult,rest. Focal end,RN,ct:a31304f7c3a74c3d0000000000000000,,,Save data,11/14/2024 1:34,11/14/2024 1:34,+07:00,2024042601,a1bee77b-ee67-4e8e-8af3-566c7d3ede91,2bfb9256-90a1-42ae-bb7f-4bc2925572d1,
11/14/2024,8:18:30,Babosa,,Ted F_Subadult,,,rest. Focal start,RN,ct:a31304f7c3a74c3d0000000000000000,,,Save data,11/14/2024 1:34,11/14/2024 1:18,+07:00,2024042601,2e7638a1-9f32-498f-90ea-9252f4f9de3b,62191804-1440-4da9-872e-2efca3f0b9df,
11/14/2024,8:03:20,Cacao,,,,Ali Flame F_Subadult,rest. Focal start,RN,ct:a31304f7c3a74c3d0000000000000000,,,Save data,11/14/2024 1:34,11/14/2024 1:03,+07:00,2024042601,525e3d1a-1953-44c1-9731-adebe0f10f64,bb13f9ad-c9a0-4013-a20a-a98e90586a96,
11/14/2024,7:59:38,Yaiko,,,,Juvenile 2 Iyla Quindoline,rest. Focal end,RN,ct:a31304f7c3a74c3d0000000000000000,,,Save data,11/14/2024 0:59,11/14/2024 0:59,+07:00,2024042601,093becf5-6f34-46a5-88f5-310d22a4c938,c602870b-5a53-47d3-9d74-55bc489b75e5,
11/14/2024,7:44:09,Yaiko,,,Juvenile 2 Iyla,,rest. Focal start,RN,ct:a31304f7c3a74c3d0000000000000000,,,Save data,11/14/2024 0:59,11/14/2024 0:44,+07:00,2024042601,53091c70-3885-4633-bc04-e1f27c32fbc5,35e71bfd-e996-42f7-897d-59afd8c6b095,
11/14/2024,7:43:14,Iyla,Juvenile 2,Yaiko,,,Grooming. Focal end,RN,ct:a31304f7c3a74c3d0000000000000000,,,Save data,11/14/2024 0:43,11/14/2024 0:43,+07:00,2024042601,84a9769c-06b7-4d05-815e-69451e599b4e,a58814ea-5186-4a4e-baa3-1292394c62fd,
11/14/2024,7:27:34,Iyla,Juvenile 2,,,,Grooming. Focal start,RN,ct:a31304f7c3a74c3d0000000000000000,,,Save data,11/14/2024 0:43,11/14/2024 0:27,+07:00,2024042601,3a751510-492c-4e72-b6c3-fea0e083a516,06b07843-6093-4b75-82c3-32e07c0358e9,
11/15/2024,11:38:46,Lip,Old infant Juvenile 2,,,,Grooming. Focal start,RN,ct:a31304f7c3a74c3d0000000000000000,,,Save data,11/15/2024 8:01,11/15/2024 4:38,+07:00,2024042601,8da457a1-b297-4627-bafa-71551da8c28f,54ea5130-ae3e-4e0e-85b9-a21733191e81,
11/15/2024,11:36:04,Vula,Old infant Juvenile 2,,,F_Subadult Jim Lim,Grooming. Focal end,RN,ct:a31304f7c3a74c3d0000000000000000,,,Save data,11/15/2024 4:36,11/15/2024 4:36,+07:00,2024042601,6e0a1866-fc38-4d6e-aead-3d06f7d77c14,01e31bf7-3c9e-474f-8240-0de37466106a,
11/15/2024,11:19:45,Vula,Old infant,Iyla Quindoline,Jim Lim,Pat F_Subadult,Grooming. Focal start,RN,ct:a31304f7c3a74c3d0000000000000000,,,Save data,11/15/2024 4:36,11/15/2024 4:19,+07:00,2024042601,43775bd5-8b09-46e3-b3fb-1448e38a05cc,da71981e-ea59-47eb-9686-58c4559ab025,
11/15/2024,10:16:16,Whitney,,,,Juvenile 2,foraging without tools. Focak start,RN,ct:a31304f7c3a74c3d0000000000000000,,,Save data,11/15/2024 4:36,11/15/2024 3:16,+07:00,2024042601,b9fded68-b661-4b8c-a4ba-36c8d1712332,ab91eb60-6b88-467e-b41f-197c8c469b17,
11/15/2024,10:14:16,Pat,F_Subadult,,Juvenile 2,,Grooming. Focal end ,RN,ct:a31304f7c3a74c3d0000000000000000,,,Save data,11/15/2024 3:14,11/15/2024 3:14,+07:00,2024042601,0d76982e-cd03-4767-8366-2e94db6339c1,f9669c90-e9ba-4bc5-9824-924f6e2f7a39,
11/15/2024,9:58:36,Pat,F_Subadult,Juvenile 2,,,Grooming. Focal start,RN,ct:a31304f7c3a74c3d0000000000000000,,,Save data,11/15/2024 3:14,11/15/2024 2:58,+07:00,2024042601,49cf425c-5963-4887-bed8-9f943e7f8918,141c5028-857d-4200-aa17-264290a57769,
11/15/2024,9:25:30,Iyla,,Quindoline,Old infant,Juvenile 1 Juvenile 2,move. Focal end,RN,ct:a31304f7c3a74c3d0000000000000000,,,Save data,11/15/2024 2:25,11/15/2024 2:25,+07:00,2024042601,135b8866-0448-4a1b-8d73-af5702c40c83,89b1fea2-3ea8-46d2-a417-e0f7f2a283e5,
11/15/2024,9:09:56,Iyla,Juvenile 2,Old infant Juvenile 1 Juvenile 2 Quindoline,,,Grooming. Focal start,RN,ct:a31304f7c3a74c3d0000000000000000,,,Save data,11/15/2024 2:25,11/15/2024 2:09,+07:00,2024042601,0ec380b5-5abb-432c-9836-99f96ec06632,882dffd3-baee-47dc-8bb0-9be617f2c977,
11/15/2024,8:55:30,Quindoline,Old infant Juvenile 1,,,,Change J2 to J1 in focal. Grooming. Focal end,RN,ct:a31304f7c3a74c3d0000000000000000,,,Save data,11/15/2024 1:55,11/15/2024 1:55,+07:00,2024042601,37856b8e-3af7-4a38-85a9-fbcf43174339,6a4c3014-b494-45f5-9d32-978fc164f055,
11/15/2024,8:39:24,Quindoline,Old infant Iyla,Juvenile 2,,,Grooming. Focal start,RN,ct:a31304f7c3a74c3d0000000000000000,,,Save data,11/15/2024 1:55,11/15/2024 1:39,+07:00,2024042601,4785cebd-cfdd-442e-aec0-28e726af441b,5f381d25-83b3-407c-9901-b51a24772023,
11/15/2024,8:36:36,Kal,,,,,move. Focal end,RN,ct:a31304f7c3a74c3d0000000000000000,,,Save data,11/15/2024 1:36,11/15/2024 1:36,+07:00,2024042601,1d9271b9-c0df-47c3-9e5d-13b505bece6e,0cf1bae0-bb6f-4609-9bae-930ecc6624dc,
11/15/2024,8:21:09,Kal,,,,Flame,rest. Focal start,RN,ct:a31304f7c3a74c3d0000000000000000,,,Save data,11/15/2024 1:36,11/15/2024 1:21,+07:00,2024042601,5221a267-bd20-4170-a9ef-9f1394e3aa35,8e1219e2-0589-4624-adeb-cc736c1db0b5,
11/15/2024,7:50:50,Oreo,,,Taipan,,move. Focal start,RN,ct:a31304f7c3a74c3d0000000000000000,,,Save data,11/15/2024 1:36,11/15/2024 0:50,+07:00,2024042601,2a2accb9-7ac8-4028-bd41-6b1ea8089739,e932c43c-61df-4e48-b753-f42607c41fe4,
11/15/2024,7:39:46,Flame,,,,Cacao,rest. Focal start,RN,ct:a31304f7c3a74c3d0000000000000000,,,Save data,11/15/2024 1:36,11/15/2024 0:39,+07:00,2024042601,b3a842ec-bd54-41a3-879e-9cdaeb5b10ad,d4759e30-8980-464c-ae6b-6ebc3a8f8f9e,
11/15/2024,7:21:11,Betina,,,,,foraging without tools. Focal end ,RN,ct:a31304f7c3a74c3d0000000000000000,,,Save data,11/15/2024 0:21,11/15/2024 0:21,+07:00,2024042601,9b890c70-f6c2-493f-a72a-afe7ff1da498,d1d34ff2-0b54-455a-8de9-d911f23bbced,
11/15/2024,7:05:41,Betina,,,,,rest. Focal start,RN,ct:a31304f7c3a74c3d0000000000000000,,,Save data,11/15/2024 0:21,11/15/2024 0:05,+07:00,2024042601,70f5691d-0979-4600-917d-9d0348dbca8b,ca4f62b6-5646-4314-ae3b-ebee4e7c5356,
11/16/2024,8:40:40,Ted,,Pinky,Juvenile 1 Tutu,,Coconut ,RN,ct:a31304f7c3a74c3d0000000000000000,,,Save data,11/18/2024 0:57,11/16/2024 1:40,+07:00,2024042601,d50703a2-4094-431e-a362-95161c4cb964,1b14aa9d-98c5-435c-8090-6c30f345a92b,
11/16/2024,8:24:27,Ted,,Pinky,Juvenile 2,Old infant Juvenile 1,foraging without tools. Focal start,RN,ct:a31304f7c3a74c3d0000000000000000,,,Save data,11/18/2024 0:57,11/16/2024 1:24,+07:00,2024042601,61542f32-e616-41e2-9466-afe68119559a,49b47199-d912-44e3-bb46-60b2c52b6e3d,
11/16/2024,7:33:23,Ali,,,,Pinky,foraging without tools. Focal end,RN,ct:a31304f7c3a74c3d0000000000000000,,,Save data,11/16/2024 0:33,11/16/2024 0:33,+07:00,2024042601,8a037de5-b57e-49f1-abac-6042ddc4efaf,245a067a-92e1-479c-b273-a617ec58e871,
11/16/2024,7:17:51,Ali,,,Juvenile 2,,foraging without tools. Focal start,RN,ct:a31304f7c3a74c3d0000000000000000,,,Save data,11/16/2024 0:33,11/16/2024 0:17,+07:00,2024042601,38806d88-be8c-4e86-a12c-d0b16cf40bc0,d376d070-6d49-439d-90f7-a3661b3450c7,
11/16/2024,6:57:32,Lip,,,,,stone-tool use. Focal start,RN,ct:a31304f7c3a74c3d0000000000000000,,,Save data,11/16/2024 0:33,11/15/2024 23:57,+07:00,2024042601,2754b57e-2d6e-40cd-9232-1746c0ecfbe5,f3b0c4d1-02ac-477d-8550-cc8455e4cfd6,
11/16/2024,6:56:19,Granny,,,Pinky,Iyla,foraging without tools. Focal end,RN,ct:a31304f7c3a74c3d0000000000000000,,,Save data,11/15/2024 23:56,11/15/2024 23:56,+07:00,2024042601,bf05c18d-e180-47c1-b1e0-c7d89604f2c7,c452cc0f-8d21-471e-b679-5828fe83cfef,
11/16/2024,6:40:23,Granny,,Pinky,,Kal,stone-tool use. Focak start,RN,ct:a31304f7c3a74c3d0000000000000000,,,Save data,11/15/2024 23:40,11/15/2024 23:40,+07:00,2024042601,c2122c3b-caa0-4bad-b6f0-9b9b1750a2c3,bb3b222c-fe19-4ff8-968f-e9ae88fafeef,
11/18/2024,15:27:42,Babosa,,,Old infant Juvenile 1 Vula,Kaya Lip Naina Robin,stone-tool use. Focal end,RN,ct:a31304f7c3a74c3d0000000000000000,,,Save data,11/18/2024 8:27,11/18/2024 8:27,+07:00,2024042601,81be8657-29f2-40ce-9458-1907f14c8ce0,d8c4a82a-31ea-4539-8145-a451640c6e10,
11/18/2024,15:11:08,Babosa,,,Juvenile 1 Juvenile 2,Juvenile 1,stone-tool use. Focal start,RN,ct:a31304f7c3a74c3d0000000000000000,,,Save data,11/18/2024 8:27,11/18/2024 8:11,+07:00,2024042601,11664fc3-4ad2-4a7d-9752-57a8bfc08653,723a77cd-7ba3-4aa7-baa8-bd40cc2c3814,
11/18/2024,14:25:59,Betina,,Dumbo,,,rest. Focal end,RN,ct:a31304f7c3a74c3d0000000000000000,,,Save data,11/18/2024 8:27,11/18/2024 7:25,+07:00,2024042601,b5e2815a-24e3-4866-8736-17343050d0e3,e21f1002-d72a-443e-ba5f-ad38e220949d,
11/18/2024,14:10:41,Betina,,,,,rest. Focal start,RN,ct:a31304f7c3a74c3d0000000000000000,,,Save data,11/18/2024 8:27,11/18/2024 7:10,+07:00,2024042601,13f201bd-279d-46d0-8ef6-b95d99f2dba9,f1390727-1e73-4107-bd8a-eb2734507a79,
11/18/2024,13:24:12,Pinky,,,,,foraging without tools. Focal end,RN,ct:a31304f7c3a74c3d0000000000000000,,,Save data,11/18/2024 6:24,11/18/2024 6:24,+07:00,2024042601,5e239910-f1ab-401c-9149-5ffc7d24b9f0,09cba8fb-0a19-4a48-a323-4d851e737c78,
11/18/2024,13:08:40,Pinky,,Juvenile 2,F_Subadult,,rest. Focal start,RN,ct:a31304f7c3a74c3d0000000000000000,,,Save data,11/18/2024 6:24,11/18/2024 6:08,+07:00,2024042601,d39cee95-0953-4e8b-a7e5-5798d93de124,1e4988aa-f58b-4bf2-8f54-490f878b9867,
11/18/2024,13:03:17,Quindoline,,Old infant,,Juvenile 2,climb. Focal end,RN,ct:a31304f7c3a74c3d0000000000000000,,,Save data,11/18/2024 6:03,11/18/2024 6:03,+07:00,2024042601,31c5089e-559b-417b-b49f-f9930b52bad8,a4c484e0-fc29-4fb9-8dc1-4f816e649f48,
11/18/2024,12:47:39,Quindoline,Old infant,Iyla,Juvenile 1,Juvenile 2,rest. Focal starting ,RN,ct:a31304f7c3a74c3d0000000000000000,,,Save data,11/18/2024 6:03,11/18/2024 5:47,+07:00,2024042601,d29da95b-ec4d-4e0e-9d6e-51f268bcb0be,afe0db70-9fb5-447b-bec1-9b6e524fbdcd,
11/18/2024,12:35:22,Iyla,Juvenile 2,,,,Grooming. Focal end,RN,ct:a31304f7c3a74c3d0000000000000000,,,Save data,11/18/2024 5:35,11/18/2024 5:35,+07:00,2024042601,e067ae12-dcdd-43f3-9f69-3819d558b8c2,516f4605-27c6-4365-8744-f1f2d6db5a29,
11/18/2024,12:19:51,Iyla,,,Juvenile 2,,foraging without tools. Focal end,RN,ct:a31304f7c3a74c3d0000000000000000,,,Save data,11/18/2024 5:35,11/18/2024 5:19,+07:00,2024042601,99d0fa68-c682-4873-bc34-7f3bfb1fd671,8df2d440-4ff6-4442-81fd-687682b45018,
11/18/2024,12:12:28,Vula,,,,,rest. Focal start,RN,ct:a31304f7c3a74c3d0000000000000000,,,Save data,11/18/2024 5:35,11/18/2024 5:12,+07:00,2024042601,97e71465-8783-422b-80ea-77e5310f1a4f,59accd67-6750-44c7-98b4-cc5ad526929b,
11/18/2024,12:00:53,Tutu,,,,,rest. Focal start,RN,ct:a31304f7c3a74c3d0000000000000000,,,Save data,11/18/2024 5:35,11/18/2024 5:00,+07:00,2024042601,2f05c46a-31c5-4ef7-bcc9-b1d516b91913,49b72d11-ac9f-4766-b8ee-a1f68d521f0f,
11/18/2024,11:48:40,Aura,,,,Tutu,rest. Focal end,RN,ct:a31304f7c3a74c3d0000000000000000,,,Save data,11/18/2024 4:48,11/18/2024 4:48,+07:00,2024042601,5a5543a1-e781-4d7c-926f-8e5d350e5454,d68376f5-5d84-469a-964c-f27eff36cbe1,
11/18/2024,11:33:00,Aura,Tutu,,,Babosa Naina,Grooming. Focal start,RN,ct:a31304f7c3a74c3d0000000000000000,,,Save data,11/18/2024 4:48,11/18/2024 4:33,+07:00,2024042601,a4f1e278-5ba5-44fe-90bf-4d9591c542b5,9e09de11-0b28-4bba-8d08-579542d86455,
11/18/2024,11:11:04,Naina,Babosa,,,,Grooming. Focal end,RN,ct:a31304f7c3a74c3d0000000000000000,,,Save data,11/18/2024 4:11,11/18/2024 4:11,+07:00,2024042601,e4d9a987-a8fd-4798-af30-5ecc09a49775,04f3aaaa-c701-4945-82f6-18fd492156f9,
11/18/2024,10:55:23,Naina,,,Babosa,Harley,rest. Focal start ,RN,ct:a31304f7c3a74c3d0000000000000000,,,Save data,11/18/2024 4:11,11/18/2024 3:55,+07:00,2024042601,786aa441-91fd-4d4c-a89d-952c8b115829,9a100933-6d47-4bf6-aa81-4818a4469659,
11/18/2024,10:50:31,Taipan,,,,,rest. Focal end,RN,ct:a31304f7c3a74c3d0000000000000000,,,Save data,11/18/2024 3:50,11/18/2024 3:50,+07:00,2024042601,08f528a6-5813-4deb-a2ba-b871036e2a93,52f16d1c-b19c-4c57-a0d2-7674e12ce156,
11/18/2024,10:34:49,Taipan,,,,,rest. Focal start,RN,ct:a31304f7c3a74c3d0000000000000000,,,Save data,11/18/2024 3:50,11/18/2024 3:34,+07:00,2024042601,6b2fd406-e530-4119-a9fe-248229968bfb,5b51a9d7-d259-4da6-af30-e3adf8b5d288,
11/18/2024,10:23:33,Vula,,,,F_Subadult,foraging without tools. Focal start,RN,ct:a31304f7c3a74c3d0000000000000000,,,Save data,11/18/2024 3:50,11/18/2024 3:23,+07:00,2024042601,34248ae1-e9c3-4593-b4be-96fc58a4ee16,270148dc-d294-4f33-91a9-2270b4ca3d1d,
11/18/2024,10:15:32,Granny,,Dumbo Naina,,Old infant Lip,rest. Focal end,RN,ct:a31304f7c3a74c3d0000000000000000,,,Save data,11/18/2024 3:15,11/18/2024 3:15,+07:00,2024042601,eacb1c90-a648-47e2-a0ff-70c1f927e6b9,597c34fd-464b-4dc8-a271-5f294a34d90e,
11/18/2024,9:59:26,Granny,Old infant Juvenile 2,,,Juvenile 1 Juvenile 2 Kal Naina Pinky,Grooming. Focal start,RN,ct:a31304f7c3a74c3d0000000000000000,,,Save data,11/18/2024 3:15,11/18/2024 2:59,+07:00,2024042601,f3ffae82-6c04-4f42-8c6d-777303f73047,c590d7e1-4ac4-4f63-a95a-357e504d6058,
11/18/2024,9:48:39,Lip,Old infant Juvenile 2,,Old infant Juvenile 1 Granny Naina,Kal,Grooming. Focal end,RN,ct:a31304f7c3a74c3d0000000000000000,,,Save data,11/18/2024 2:48,11/18/2024 2:48,+07:00,2024042601,0c8a3707-d1fe-4699-86f7-f1cb8691ca74,33273cc8-63a7-45e0-b95c-f3e3b55d2e9e,
11/18/2024,9:32:35,Lip,Juvenile 2,,,,Grooming. Focal start,RN,ct:a31304f7c3a74c3d0000000000000000,,,Save data,11/18/2024 2:48,11/18/2024 2:32,+07:00,2024042601,00966f2e-f447-4cdb-8b4b-4377760a9244,d62ff442-a869-4bca-8e9e-1e102e9fa493,
11/18/2024,9:20:41,Harley,Dumbo,,,Robin,Grooming. Focal end,RN,ct:a31304f7c3a74c3d0000000000000000,,,Save data,11/18/2024 2:20,11/18/2024 2:20,+07:00,2024042601,0de993cd-ae94-43ac-8da3-f4002e6e90db,12567c46-e2d8-46c5-b5cd-c589e17122d1,
11/18/2024,9:04:06,Harley,Robin,Juvenile 1,,,Grooming. Focal start,RN,ct:a31304f7c3a74c3d0000000000000000,,,Save data,11/18/2024 2:20,11/18/2024 2:04,+07:00,2024042601,6f7b3edc-e4ce-4d1f-a65e-4eff74874553,ba2c2baf-b8ef-4a8a-8aac-94503772e973,
11/18/2024,8:34:43,Dandi,,,,Ted,rest. Focal end,RN,ct:a31304f7c3a74c3d0000000000000000,,,Save data,11/18/2024 1:34,11/18/2024 1:34,+07:00,2024042601,3112b87f-891f-4b77-9aed-e1314839e172,ce927993-36e5-42c2-bfb5-4c64e7f44cc8,
11/18/2024,8:19:14,Dandi,,,Babosa F_Subadult,,rest. Focal start,RN,ct:a31304f7c3a74c3d0000000000000000,,,Save data,11/18/2024 1:34,11/18/2024 1:19,+07:00,2024042601,a0c8a2cc-3d43-4eb4-b81c-edf7a9aeaead,0271c5f8-61be-4624-b655-9ea54ed7aa8b,
11/18/2024,8:17:05,Robin,,Juvenile 1 Harley,Dandi,,rest. Focal end,RN,ct:a31304f7c3a74c3d0000000000000000,,,Save data,11/18/2024 1:17,11/18/2024 1:17,+07:00,2024042601,fe717de9-d883-4cd5-a502-ee74e51b87fd,1de8b986-3df1-4d83-a440-fb570011cbdf,
11/18/2024,8:01:13,Robin,,,,,search. Focal start,RN,ct:a31304f7c3a74c3d0000000000000000,,,Save data,11/18/2024 1:17,11/18/2024 1:01,+07:00,2024042601,f7a53f54-c4b4-4034-b965-81b06ab37578,092711b4-a09b-41d7-9a59-787e4b34dd77,
11/18/2024,7:57:44,Bat,,F_Subadult,,,move. Focak end,RN,ct:a31304f7c3a74c3d0000000000000000,,,Save data,11/18/2024 0:57,11/18/2024 0:57,+07:00,2024042601,54c617d9-ca9c-4f17-a002-25fa474e87c0,ca180c3a-c357-4824-87c7-6da3b0359a3a,
11/18/2024,7:41:43,Bat,F_Subadult,,M_Adult F_Subadult,Kal,Grooming. Focal start,RN,ct:a31304f7c3a74c3d0000000000000000,,,Save data,11/18/2024 0:57,11/18/2024 0:41,+07:00,2024042601,180b6ce7-5bbb-4ae8-aaf1-8cae7793620c,38b68a5a-7b55-47e9-84f1-eb2c488cb6cc,
11/19/2024,14:29:28,Belanda,F_Subadult,,M_Adult Bat,,Grooming. Focal start,RN,ct:a31304f7c3a74c3d0000000000000000,,,Save data,11/20/2024 23:48,11/19/2024 7:29,+07:00,2024042601,fe70a24c-999a-408d-9439-950512801749,14d211ae-f005-4b07-bb25-41b3ef6f4c6f,
11/19/2024,14:11:49,Yaiko,,,Pat,F_Subadult Taipan,rest. Focal start,RN,ct:a31304f7c3a74c3d0000000000000000,,,Save data,11/20/2024 23:48,11/19/2024 7:11,+07:00,2024042601,348bb836-3b1e-4788-9aa0-2088e80acaf2,74d520b4-1a60-4b1e-b03d-c70685a6d179,
11/19/2024,12:50:03,Vula,Whitney,M_Subadult,,,Grooming. Focal end,RN,ct:a31304f7c3a74c3d0000000000000000,,,Save data,11/19/2024 5:50,11/19/2024 5:50,+07:00,2024042601,e720336b-8fc6-4675-9961-7fe92442949f,053d8f16-56bf-4ae9-8fb5-581a30240eaa,
11/19/2024,12:34:25,Vula,,,,,rest. Focal start,RN,ct:a31304f7c3a74c3d0000000000000000,,,Save data,11/19/2024 5:50,11/19/2024 5:34,+07:00,2024042601,ae6e3428-c840-42dd-86e3-41146e7f7dc4,df80bfe9-92c5-4e76-b70c-bec1d4be33c7,
11/19/2024,11:06:03,Whitney,,Babosa,,,rest. Focal end,RN,ct:a31304f7c3a74c3d0000000000000000,,,Save data,11/19/2024 4:06,11/19/2024 4:06,+07:00,2024042601,cb271091-8b85-420d-85c0-333e2079acac,7ae9501a-b47a-4ade-a20f-58dd1f033c87,
11/19/2024,10:50:41,Whitney,Babosa,,Mamosa,Juvenile 2,Grooming. Focal start,RN,ct:a31304f7c3a74c3d0000000000000000,,,Save data,11/19/2024 4:06,11/19/2024 3:50,+07:00,2024042601,bbfb7068-9c3a-4d2a-9192-eb31b9e91a74,70aad34a-45f5-472a-90cd-53a36e2ba433,
11/19/2024,10:31:49,Flame,Kal,,,,Grooming. Focal end.,RN,ct:a31304f7c3a74c3d0000000000000000,,,Save data,11/19/2024 3:31,11/19/2024 3:31,+07:00,2024042601,936d8f49-d319-4781-8444-0441fcdeda4b,8c56870d-4cea-455c-81b5-c96225d0d5cf,
11/19/2024,10:15:50,Santa,Jim Lim,,Juvenile 1 Quindoline,,Grooming. Focal end,RN,ct:a31304f7c3a74c3d0000000000000000,,,Save data,11/19/2024 3:31,11/19/2024 3:15,+07:00,2024042601,a6bf1487-9397-4b4d-a24b-ed72842b8eaf,9409ae60-d51e-4d08-8d53-eac81a009a5e,
11/19/2024,10:11:36,Tutu,,Lady Boy,,Dumbo F_Subadult,rest. Focal end,RN,ct:a31304f7c3a74c3d0000000000000000,,,Save data,11/19/2024 3:11,11/19/2024 3:11,+07:00,2024042601,8cea6408-e759-480f-be8c-619adca99c32,fce7577f-80a4-4252-8401-7c9d9b5133c0,
11/19/2024,9:56:13,Tutu,,F_Subadult,,,rest. Focal start,RN,ct:a31304f7c3a74c3d0000000000000000,,,Save data,11/19/2024 3:11,11/19/2024 2:56,+07:00,2024042601,e46d48cd-43d2-43da-b3ca-dc885157ae47,ba6a8b9d-ee9d-4e82-9200-4401cf3b0e1a,
11/19/2024,9:48:06,Kal,,Pinky,,,rest. Focal end,RN,ct:a31304f7c3a74c3d0000000000000000,,,Save data,11/19/2024 2:48,11/19/2024 2:48,+07:00,2024042601,ee1314d8-5566-4b35-aa37-c1f219a3530f,84df5fef-1ca6-48b4-90af-cdc87b2f03a5,
11/19/2024,9:32:26,Kal,,Juvenile 1,Pinky,F_Subadult,rest. Focal start,RN,ct:a31304f7c3a74c3d0000000000000000,,,Save data,11/19/2024 2:48,11/19/2024 2:32,+07:00,2024042601,f86a9167-678d-4ee4-a7fd-ec458a0c1320,3f450b7f-6521-43aa-823c-370a9f3c0737,
11/19/2024,9:20:13,Oreo,,,,,foraging without tools. Focal end,RN,ct:a31304f7c3a74c3d0000000000000000,,,Save data,11/19/2024 2:20,11/19/2024 2:20,+07:00,2024042601,b42ffaef-006d-41fa-9c52-0e907b76dcfb,cbfab332-5dcd-407b-b72a-1a87de094452,
11/19/2024,9:04:43,Oreo,,,,Bat,foraging without tools. Focal start,RN,ct:a31304f7c3a74c3d0000000000000000,,,Save data,11/19/2024 2:20,11/19/2024 2:04,+07:00,2024042601,915a194d-89c4-4ba8-bbf6-559759448bfc,8f91794f-e10e-4e3f-8b2a-f8e25df4549a,
11/19/2024,9:02:45,Cacao,,,,,foraging without tools. Focal end,RN,ct:a31304f7c3a74c3d0000000000000000,,,Save data,11/19/2024 2:02,11/19/2024 2:02,+07:00,2024042601,ac9c4cbe-7311-434e-bd2e-c2e4ef7cb08d,8bc4bf7f-346b-4615-9fa0-c87a0fe028ce,
11/19/2024,8:47:16,Cacao,,,,,search. Focal start,RN,ct:a31304f7c3a74c3d0000000000000000,,,Save data,11/19/2024 2:02,11/19/2024 1:47,+07:00,2024042601,59b6e0cd-a8fc-419d-95f6-dd76c8b4a589,b3ac4a91-1d81-46ea-9c00-7410be43b375,
11/19/2024,8:05:00,Pat,,,,,move. Focal end,RN,ct:a31304f7c3a74c3d0000000000000000,,,Save data,11/19/2024 1:04,11/19/2024 1:05,+07:00,2024042601,9704714d-f3d8-41d5-baa3-69a489e03cb9,ffd4bc52-55a4-4c91-8353-46ab70788a5a,
11/19/2024,7:49:31,Pat,,Black infant Old infant Juvenile 1 F_Subadult,Babosa,,rest. Focal start,RN,ct:a31304f7c3a74c3d0000000000000000,,,Save data,11/19/2024 1:04,11/19/2024 0:49,+07:00,2024042601,06dd92fc-34c2-43b2-84ba-105666e9a703,70d2501d-b88b-44cf-90ae-7ac4ca67b0b3,
11/19/2024,7:30:37,Jim Lim,,Oreo,Babosa,,move. Focal end,RN,ct:a31304f7c3a74c3d0000000000000000,,,Save data,11/19/2024 0:30,11/19/2024 0:30,+07:00,2024042601,f79c57a7-5779-47bc-a2d7-6513a41b878b,9c114061-5cfd-4b48-b7c8-a495665d0056,
11/19/2024,7:14:58,Jim Lim,,,,,move. Focal start,RN,ct:a31304f7c3a74c3d0000000000000000,,,Save data,11/19/2024 0:30,11/19/2024 0:14,+07:00,2024042601,05d20e2e-b66d-4aa5-99cc-bf07b6ca00e4,40d4c5d6-8bb2-4927-a2d0-0c54da6a1011,
11/21/2024,16:23:56,Taipan,,,,,move. Focal end,RN,ct:a31304f7c3a74c3d0000000000000000,,,Save data,11/21/2024 9:23,11/21/2024 9:23,+07:00,2024042601,7a188349-abbe-4f59-b149-eccd32e1e1da,504e500e-cbcd-4b61-9869-2315e8d392e0,
11/21/2024,16:08:20,Taipan,,,Kal,Juvenile 2,stone-tool use (oyster). Focal stsrt,RN,ct:a31304f7c3a74c3d0000000000000000,,,Save data,11/21/2024 9:23,11/21/2024 9:08,+07:00,2024042601,02f10e82-f9c9-471c-b417-242abe2e2901,5ce43a37-bfad-4f77-9c7d-5008c948ae20,
11/21/2024,15:48:38,Kaya,,,,Tin tin,rest. Focal start,RN,ct:a31304f7c3a74c3d0000000000000000,,,Save data,11/21/2024 9:23,11/21/2024 8:48,+07:00,2024042601,1b9561a7-7985-487b-ab24-dd6111602a56,bea355a9-8ae8-4649-a0e7-3402c9d7580f,
11/21/2024,14:25:07,Lip,Old infant Yaiko,,Jim Lim,,Grooming. Focal end,RN,ct:a31304f7c3a74c3d0000000000000000,,,Save data,11/21/2024 7:25,11/21/2024 7:25,+07:00,2024042601,17f7e23c-798c-4f0c-b30c-2b0b26b0af2d,08fd8d41-d373-400e-8409-514d974752e2,
11/21/2024,14:09:14,Lip,Old infant,,F_Subadult,,rest. Focal start,RN,ct:a31304f7c3a74c3d0000000000000000,,,Save data,11/21/2024 7:25,11/21/2024 7:09,+07:00,2024042601,3604c0e0-449c-4c71-aa62-7d840abc9dae,bfdb29af-b21a-4666-967d-16bb91e42ae7,
11/21/2024,11:48:08,Granny,,,Pinky,,stone-tool use (seal almomd). Focal end,RN,ct:a31304f7c3a74c3d0000000000000000,,,Save data,11/21/2024 4:48,11/21/2024 4:48,+07:00,2024042601,5a65badd-f4e1-4e72-9bf7-272131b9d5d9,bd88b286-5c66-424a-af71-158ac9d40f54,
11/21/2024,11:32:18,Granny,,,,Old infant,search. Focal start,RN,ct:a31304f7c3a74c3d0000000000000000,,,Save data,11/21/2024 4:48,11/21/2024 4:32,+07:00,2024042601,4178725f-0c3f-4aa1-84b6-7636017299fe,e0048e62-e642-4172-a93c-58d004f87b0b,
11/21/2024,11:22:11,Harley,Juvenile 2,,,,Grooming. Focal end,RN,ct:a31304f7c3a74c3d0000000000000000,,,Save data,11/21/2024 4:22,11/21/2024 4:22,+07:00,2024042601,ca331108-3fca-4cb7-85a3-f870909c4ed9,a5bbee3c-525d-4983-966b-5ebd22bb5d9d,
11/21/2024,11:06:45,Harley,Juvenile 1 Juvenile 2,,,,Grooming. Focal start,RN,ct:a31304f7c3a74c3d0000000000000000,,,Save data,11/21/2024 4:22,11/21/2024 4:06,+07:00,2024042601,11f6bebb-d685-469f-9ace-bebb0cd3e231,10001f75-0f4f-4eaa-ae51-4dd268bffa34,
11/21/2024,10:54:03,Ted,,,,Old infant,rest. Focal end,RN,ct:a31304f7c3a74c3d0000000000000000,,,Save data,11/21/2024 3:54,11/21/2024 3:54,+07:00,2024042601,da4709e3-0b37-4cf7-b301-9361d1d582e0,645b342c-d256-47ef-9772-badb24c309de,
11/21/2024,10:38:25,Ted,,,,,foraging without tools. Focal start,RN,ct:a31304f7c3a74c3d0000000000000000,,,Save data,11/21/2024 3:54,11/21/2024 3:38,+07:00,2024042601,b97fd430-0648-4ebe-b262-839050e3bd5e,91aaf509-34cc-42d0-b994-756979586652,
11/21/2024,10:24:33,Yaiko,,,,Jim Lim,rest. Focal end,RN,ct:a31304f7c3a74c3d0000000000000000,,,Save data,11/21/2024 3:24,11/21/2024 3:24,+07:00,2024042601,31023690-a583-40fb-8e24-dca876372ecb,66be4b81-1f61-44e3-ba8b-f86b36b597a9,
11/21/2024,10:09:03,Yaiko,,,Old infant Jim Lim Lip,,stone-tool use (oyster). Focal start,RN,ct:a31304f7c3a74c3d0000000000000000,,,Save data,11/21/2024 3:24,11/21/2024 3:09,+07:00,2024042601,620ef04f-9736-4891-8e58-e15884ba1c88,bf66e7e7-ccdc-4794-801e-973eb64f7d18,
11/21/2024,10:05:26,Babosa,,,Old infant F_Subadult Granny,,rest. Focal end,RN,ct:a31304f7c3a74c3d0000000000000000,,,Save data,11/21/2024 3:05,11/21/2024 3:05,+07:00,2024042601,52060ef1-5ebc-40cb-bb41-ab7f073a6974,04082a6c-a28d-4cac-a596-9990487f950d,
11/21/2024,9:49:35,Babosa,,F_Subadult,Iyla Naina,,rest. Focal start,RN,ct:a31304f7c3a74c3d0000000000000000,,,Save data,11/21/2024 3:05,11/21/2024 2:49,+07:00,2024042601,ed9662ec-89d0-4679-8e0a-f87b090ee997,0e504563-da83-49c0-92d2-dc878a03afd0,
11/21/2024,9:47:42,Vula,,,,,foraging without tools. Focal end,RN,ct:a31304f7c3a74c3d0000000000000000,,,Save data,11/21/2024 2:47,11/21/2024 2:47,+07:00,2024042601,cfe502d7-186f-4d9b-91bd-a269d71bcd9c,1ed193ba-81dc-4f20-8f8e-f9aef3e589ae,
11/21/2024,9:32:10,Vula,,,Pat,Robin,stone-tool use (oyster). Focal start,RN,ct:a31304f7c3a74c3d0000000000000000,,,Save data,11/21/2024 2:47,11/21/2024 2:32,+07:00,2024042601,2bc6c18d-f727-4e6d-b200-7078f25ba1b5,025e8c3a-0809-487f-b0e5-d26f012f51eb,
11/21/2024,8:37:51,Cacao,,,,,stone-tool use (oyster). Focal end,RN,ct:a31304f7c3a74c3d0000000000000000,,,Save data,11/21/2024 1:37,11/21/2024 1:37,+07:00,2024042601,02d1a76b-99e7-4eb4-89fe-bd75ba9d20d4,b8badbda-c4a9-4afd-b111-87cbbb2dfea1,
11/21/2024,8:21:13,Cacao,,,Iyla,,stone-tool use (oyster). Focal end,RN,ct:a31304f7c3a74c3d0000000000000000,,,Save data,11/21/2024 1:37,11/21/2024 1:21,+07:00,2024042601,19f7d582-bb32-4e40-93c3-e3edfdd6262e,befdff66-bd9f-4741-a941-5eee246660cc,
11/21/2024,8:18:59,Betina,,,,,stone-tool use (oyster). Focal end,RN,ct:a31304f7c3a74c3d0000000000000000,,,Save data,11/21/2024 1:19,11/21/2024 1:18,+07:00,2024042601,b1714d36-530c-423d-a096-574aacbaf2ca,7895e6ae-3eaa-4dca-b7d3-59d6ae5c454e,
11/21/2024,8:03:07,Betina,,,Lady Boy Aura,Iyla,stone-tool use. Focal start,RN,ct:a31304f7c3a74c3d0000000000000000,,,Save data,11/21/2024 1:19,11/21/2024 1:03,+07:00,2024042601,b814a152-4432-4d45-86a1-9d2239deea34,606fb542-7161-4313-8ade-570d1c209622,
11/21/2024,7:45:57,Naina,,,,,stone-tool use. Focal end,RN,ct:a31304f7c3a74c3d0000000000000000,,,Save data,11/21/2024 0:45,11/21/2024 0:45,+07:00,2024042601,6a2a41e6-04cd-49ef-9b41-2295c21c9314,ed00788a-cf84-4d72-bbe6-6b7bd8318988,
11/21/2024,7:26:07,Naina,,,,,search. Focal start,RN,ct:a31304f7c3a74c3d0000000000000000,,,Save data,11/21/2024 0:45,11/21/2024 0:26,+07:00,2024042601,014c2ed5-8339-450d-a61e-fc017fd5d71d,f453ef97-e654-4cce-bf7b-9f640662fa74,
11/21/2024,7:04:15,Pinky,,,,,rest. Focal end,RN,ct:a31304f7c3a74c3d0000000000000000,,,Save data,11/21/2024 0:04,11/21/2024 0:04,+07:00,2024042601,7d495be1-15fd-4ac7-be38-3011e927a78e,e65ddbe0-1007-42c6-9212-153febc5ca28,
11/21/2024,6:48:28,Pinky,,Kal,,,foraging without tools. Focal start,RN,ct:a31304f7c3a74c3d0000000000000000,,,Save data,11/21/2024 0:04,11/20/2024 23:48,+07:00,2024042601,b7e1473d-6e22-4b84-9a4f-bb852a6ca48b,ce52bc78-87e2-4df0-b10a-6bc549e11f9b,
11/22/2024,15:58:22,Lady Boy,,,F_Subadult,Bat,rest. Focal end,RN,ct:a31304f7c3a74c3d0000000000000000,,,Save data,11/22/2024 8:58,11/22/2024 8:58,+07:00,2024042601,4904078c-2bc1-498c-a497-05a54f623f54,494714c9-63fb-48e9-a73b-38a53cfcdb4d,
11/22/2024,15:42:58,Lady Boy,Juvenile 2 Robin,Juvenile 1 Harley,,F_Subadult,Grooming. Focal start,RN,ct:a31304f7c3a74c3d0000000000000000,,,Save data,11/22/2024 8:58,11/22/2024 8:42,+07:00,2024042601,4cdf9559-4243-4777-ac1f-982d0603a5cf,449df3ed-720c-42cd-b0b1-a7461a95587d,
11/22/2024,15:14:22,Whitney,,,Ali,Pat,foraging without tools. Focal start,RN,ct:a31304f7c3a74c3d0000000000000000,,,Save data,11/22/2024 8:58,11/22/2024 8:14,+07:00,2024042601,af43dfd5-9a55-4ca3-b05a-79045401c17c,9b4b3e56-4de4-44ad-b372-5d81ccf4c4df,
11/22/2024,12:55:16,Granny,Old infant Pinky,,Tin tin,,Grooming. Focal end,RN,ct:a31304f7c3a74c3d0000000000000000,,,Save data,11/22/2024 5:55,11/22/2024 5:55,+07:00,2024042601,d0109f1c-2dbb-4ee0-a55a-be8671c94871,849f65ad-c307-4df1-9f9c-ad6a0b7cc39f,
11/22/2024,12:39:00,Granny,Pinky,,,Tin tin,Groomimg. Focal start,RN,ct:a31304f7c3a74c3d0000000000000000,,,Save data,11/22/2024 5:55,11/22/2024 5:39,+07:00,2024042601,00865a4c-737f-46eb-b6ab-f5a2d7295749,3a24bd4a-3e0d-4c23-b62e-f0cd63eeb8de,
11/22/2024,12:35:24,Iyla,,,Old infant,Old infant Quindoline,rest. Focal end,RN,ct:a31304f7c3a74c3d0000000000000000,,,Save data,11/22/2024 5:35,11/22/2024 5:35,+07:00,2024042601,30f0822f-387a-4d71-ac90-81f5f3997f99,d4287cd4-8908-4337-8de3-94b273a72278,
11/22/2024,12:19:40,Iyla,,Old infant Quindoline,,Lady Boy,rest. Focal start,RN,ct:a31304f7c3a74c3d0000000000000000,,,Save data,11/22/2024 5:35,11/22/2024 5:19,+07:00,2024042601,287e9c9e-081e-4671-b6f5-57f5a56e08e6,7a75db3b-8a01-4736-a843-30b8ab90a667,
11/22/2024,11:02:24,Quindoline,,,,Iyla Oreo,stone-tool use (oyster). Focal start,RN,ct:a31304f7c3a74c3d0000000000000000,,,Save data,11/22/2024 5:35,11/22/2024 4:02,+07:00,2024042601,d663e0df-8a7d-473e-9c36-8b0483e7c5be,155e703d-10c8-4f89-b5f1-0b601d04f6a3,
11/22/2024,10:43:29,Robin,Harley,F_Subadult,Pat Ted,Juvenile 1 Juvenile 2,Grooming. Focal end,RN,ct:a31304f7c3a74c3d0000000000000000,,,Save data,11/22/2024 3:43,11/22/2024 3:43,+07:00,2024042601,dfc6c97b-46ab-4eab-9e00-3667551f3992,d9bc6b6b-2f0a-42a7-a683-814280565878,
11/22/2024,10:26:59,Robin,,,,,search. Focal start,RN,ct:a31304f7c3a74c3d0000000000000000,,,Save data,11/22/2024 3:43,11/22/2024 3:26,+07:00,2024042601,f31f85cd-66b5-4b14-86ea-122706e1c840,fe9d2f18-348d-4dbd-a4fc-de39bba9bf71,
11/22/2024,10:11:59,Pat,,,Juvenile 1 Juvenile 2 Babosa,,Agonistic category. Focal end,RN,ct:a31304f7c3a74c3d0000000000000000,,,Save data,11/22/2024 3:12,11/22/2024 3:11,+07:00,2024042601,399cd9cc-8ea7-4a08-ae88-42632811bed2,dc4cbcb7-bc8f-4ec2-9bc6-6da2392a5498,
11/22/2024,9:53:01,Pat,,,,,search. Focal start,RN,ct:a31304f7c3a74c3d0000000000000000,,,Save data,11/22/2024 3:12,11/22/2024 2:53,+07:00,2024042601,97a75856-99cd-4a85-9f69-cf601f1c3794,426137a0-201c-4d6d-8c00-f33eb8f41cec,
11/22/2024,9:46:15,Jim Lim,,,,,move. Focal end,RN,ct:a31304f7c3a74c3d0000000000000000,,,Save data,11/22/2024 2:46,11/22/2024 2:46,+07:00,2024042601,72eceb13-f8bb-4696-9ea1-adee0cb4e4e3,f8b21d0a-be08-4e27-9b86-0ba9f04b101b,
11/22/2024,9:30:16,Jim Lim,,,,,search. Focal start,RN,ct:a31304f7c3a74c3d0000000000000000,,,Save data,11/22/2024 2:46,11/22/2024 2:30,+07:00,2024042601,13a2ae41-9d25-4616-b97b-98fa2b774d0a,375c283a-9daa-4ecb-9a3f-679de2fb791c,
11/22/2024,9:03:10,Yaiko,,,,,foraging without tools. Focal end,RN,ct:a31304f7c3a74c3d0000000000000000,,,Save data,11/22/2024 2:03,11/22/2024 2:03,+07:00,2024042601,7a41e3d7-b77f-430e-b436-d57144c6f289,95946436-afc9-4403-88d0-54f562e24cb2,
11/22/2024,8:47:24,Yaiko,,,,,stone-tool use (oyster). Focak start,RN,ct:a31304f7c3a74c3d0000000000000000,,,Save data,11/22/2024 2:03,11/22/2024 1:47,+07:00,2024042601,e7e59f2a-6d9b-44d0-8ca8-e04864e4f0fc,552143b3-3690-4063-b3fa-406bbaab5351,
11/22/2024,8:38:50,Oreo,,,,,foraging without tools. Focal end,RN,ct:a31304f7c3a74c3d0000000000000000,,,Save data,11/22/2024 1:38,11/22/2024 1:38,+07:00,2024042601,23ab9cac-2869-470e-ba89-8624b1670dbd,28961b80-8e04-49d8-a11a-1c31c39acb96,
11/22/2024,8:22:58,Oreo,,,Old infant,Ted Dandi,foraging without tools. Focak start,RN,ct:a31304f7c3a74c3d0000000000000000,,,Save data,11/22/2024 1:38,11/22/2024 1:22,+07:00,2024042601,b783642a-caed-4fb5-b0ae-57f04fc36e59,72cb8c19-116f-4c4c-9038-914f6482a0e2,
11/22/2024,8:20:50,Dandi,,,Ted,Old infant,foraging without tools. Focal end,RN,ct:a31304f7c3a74c3d0000000000000000,,,Save data,11/22/2024 1:20,11/22/2024 1:20,+07:00,2024042601,26a6aab4-9596-46b3-b285-8d94d7f070fd,cf27d2f3-103f-4723-80a6-a153c4398df1,
11/22/2024,8:05:08,Dandi,,Ted,F_Subadult,,stone-tool use. Focal start,RN,ct:a31304f7c3a74c3d0000000000000000,,,Save data,11/22/2024 1:20,11/22/2024 1:05,+07:00,2024042601,bdaf1b64-129d-41c9-a6c5-eeec4472c7f7,cbcce7de-b0b7-465b-ab4d-653fe3622d26,
11/24/2024,12:05:20,Cacao,,,Pat Vula,Old infant Juvenile 1,stone-tool use (oyster). Focal start,RN,ct:a31304f7c3a74c3d0000000000000000,,,Save data,11/26/2024 4:37,11/24/2024 5:05,+07:00,2024042601,8c6d4736-0f49-4939-a77a-cca871d18013,0a141684-6043-406d-87ea-0b411b7ccfaf,
11/24/2024,10:51:26,Granny,,Juvenile 1,Juvenile 1,,foraging without tools. Focal end,RN,ct:a31304f7c3a74c3d0000000000000000,,,Save data,11/24/2024 3:51,11/24/2024 3:51,+07:00,2024042601,f6a78f3d-34d4-465e-8b6d-3c3a44f9e465,ddfcf7c6-ef52-4ce5-a605-d58af7524da6,
11/24/2024,10:35:38,Granny,,,,Pinky,stone-tool use (oyster). Focal start,RN,ct:a31304f7c3a74c3d0000000000000000,,,Save data,11/24/2024 3:51,11/24/2024 3:35,+07:00,2024042601,68657b04-2fdd-417b-af0e-a21818a0764c,0b82301a-b256-4c9e-9cff-7188392d2f8a,
11/24/2024,10:25:47,Robin,,,Harley,,foraging without tools. Focal end,RN,ct:a31304f7c3a74c3d0000000000000000,,,Save data,11/24/2024 3:25,11/24/2024 3:25,+07:00,2024042601,2dc1777a-61a2-47db-abec-b0c9fea77945,053af3bb-f394-4dfd-ad8d-4fa0b2aeb447,
11/24/2024,10:10:17,Robin,,,,,stone-tool use (oysters). Focal start,RN,ct:a31304f7c3a74c3d0000000000000000,,,Save data,11/24/2024 3:25,11/24/2024 3:10,+07:00,2024042601,299f3157-c4d1-44eb-b6d0-d4885bd49a43,0d10501f-1f3d-4d22-b00a-b470d2646dbd,
11/24/2024,10:05:46,Babosa,F_Subadult,,,Lady Boy Mamosa,rest. Focal end,RN,ct:a31304f7c3a74c3d0000000000000000,,,Save data,11/24/2024 3:05,11/24/2024 3:05,+07:00,2024042601,752e2d6d-72f1-48c6-8ea2-338992ad74fa,888a2813-d652-4245-aecc-32aecd82bb6b,
11/24/2024,9:50:03,Babosa,,,,,stone-tool use (oyster). Focal start,RN,ct:a31304f7c3a74c3d0000000000000000,,,Save data,11/24/2024 3:05,11/24/2024 2:50,+07:00,2024042601,3a75083a-3a73-48de-941f-e9453c07b6a2,edd47d01-5ae2-48c7-a1a4-e751034da682,
11/24/2024,9:48:14,Whitney,Juvenile 1,,M_Subadult,Dumbo Kaya,Grooming. Focal end,RN,ct:a31304f7c3a74c3d0000000000000000,,,Save data,11/24/2024 2:48,11/24/2024 2:48,+07:00,2024042601,9977a85f-c414-45c7-990d-86c7ee4cc055,8ec9a1e4-6c6d-45a6-a2cd-f81d1024de75,
11/24/2024,9:32:25,Whitney,,,,F_Subadult,stone-tool use (oyaters). Focal start,RN,ct:a31304f7c3a74c3d0000000000000000,,,Save data,11/24/2024 2:48,11/24/2024 2:32,+07:00,2024042601,e4774a96-17b5-4044-b437-0d8cd96204a5,98c241dd-e825-4777-bdd9-237bd5c066be,
11/24/2024,9:26:26,Kaya,Dumbo,,,M_Subadult,Grooming. Focal end,RN,ct:a31304f7c3a74c3d0000000000000000,,,Save data,11/24/2024 2:26,11/24/2024 2:26,+07:00,2024042601,5eadb164-c751-4417-a10d-476d8373c128,b8c4a1c3-87c6-4f86-9e0c-c6550d6a699c,
11/24/2024,9:09:58,Kaya,,,Bat,,stone-tool use (oyster). Focal start,RN,ct:a31304f7c3a74c3d0000000000000000,,,Save data,11/24/2024 2:26,11/24/2024 2:09,+07:00,2024042601,3d81f982-bb58-4710-b2cc-870ce5dd78ef,8f165a0c-2a18-444f-ab66-ab7d19c764b1,
11/24/2024,9:07:05,Ted,,,F_Subadult,Cacao Kaya,stone-tool use. Focal end,RN,ct:a31304f7c3a74c3d0000000000000000,,,Save data,11/24/2024 2:07,11/24/2024 2:07,+07:00,2024042601,03e9c256-0f20-477f-9080-0a55301fd804,e5a4a9f2-1322-4865-a49c-07a015f88a32,
11/24/2024,8:51:02,Ted,,,Juvenile 1 Juvenile 2,F_Subadult,stone-tool use. Focal start,RN,ct:a31304f7c3a74c3d0000000000000000,,,Save data,11/24/2024 2:07,11/24/2024 1:51,+07:00,2024042601,bfee3795-a067-4513-a7dd-e85a91cf3b94,cc633e98-23b2-4c4f-a47b-a5b319eb28d6,
11/24/2024,8:39:11,Dandi,,,Juvenile 2,Old infant Juvenile 1,foraging without tools. Focal end,RN,ct:a31304f7c3a74c3d0000000000000000,,,Save data,11/24/2024 1:39,11/24/2024 1:39,+07:00,2024042601,8d669bdf-0213-4542-ae8f-d9dc4eabac6e,d5bde5d1-9968-41bb-baec-29c5a1e89135,
11/24/2024,8:23:33,Dandi,,,Lady Boy,Black infant Old infant Belanda Pat,stone-tool use (oyster). Focal start,RN,ct:a31304f7c3a74c3d0000000000000000,,,Save data,11/24/2024 1:39,11/24/2024 1:23,+07:00,2024042601,d5b4f969-d491-40bc-87f4-4c8d46c1b872,3342833e-3adc-4d84-b77b-9f1159041b0d,
11/26/2024,14:26:42,Quindoline,,,Old infant,,search. Focal end,RN,ct:a31304f7c3a74c3d0000000000000000,,,Save data,11/26/2024 7:26,11/26/2024 7:26,+07:00,2024042601,35900e53-c334-470e-99c3-e0645a98b4e5,2e65b732-2c28-4d4a-8d7d-a5f9c9b96e00,
11/26/2024,14:11:02,Quindoline,,,,Juvenile 2,stone-tool use (oyster). Focal start. Chicken island,RN,ct:a31304f7c3a74c3d0000000000000000,,,Save data,11/26/2024 7:26,11/26/2024 7:11,+07:00,2024042601,e7529051-9d95-44be-9147-e7ee3dac52a7,59471853-5989-4300-b473-0dde135f1d31,
11/26/2024,14:09:16,Iyla,,,,,foraging without tools. Focal end,RN,ct:a31304f7c3a74c3d0000000000000000,,,Save data,11/26/2024 7:09,11/26/2024 7:09,+07:00,2024042601,529b78fc-236d-4957-b252-527e1401ca66,551f28a2-2788-4ff3-90b0-fe13036b84b9,
11/26/2024,13:55:39,Iyla,,,,,foraging without tools. Focal start. In chicken island,RN,ct:a31304f7c3a74c3d0000000000000000,,,Save data,11/26/2024 7:09,11/26/2024 6:55,+07:00,2024042601,0a4e575c-aeb0-4bcb-b352-d3c566c029e4,0dd87f75-9b9c-487e-a387-3ec6779740cc,
11/26/2024,13:12:39,Lip,,F_Subadult,,,foraging without tools. Focal end,RN,ct:a31304f7c3a74c3d0000000000000000,,,Save data,11/26/2024 6:12,11/26/2024 6:12,+07:00,2024042601,d8567b0b-e03c-4a81-b215-77445b6d81d9,a2a047c1-4ee7-4356-b032-63a1146f5805,
11/26/2024,12:56:55,Lip,,,,Vula,foraging without tools. Focal start,RN,ct:a31304f7c3a74c3d0000000000000000,,,Save data,11/26/2024 6:12,11/26/2024 5:56,+07:00,2024042601,de3b1f93-36e2-4cca-a0f5-617fc5d6430c,43d734fc-bf78-4ca6-aee5-7c2841a5bd66,
11/26/2024,12:49:03,Jim Lim,,,,,foraging without tools. Focal end,RN,ct:a31304f7c3a74c3d0000000000000000,,,Save data,11/26/2024 5:49,11/26/2024 5:49,+07:00,2024042601,b7f02f86-d410-417b-a5e4-c8c004e57c1a,49531062-6373-4d26-bf5f-d8ba94769ad7,
11/26/2024,12:33:29,Jim Lim,,,,,move. Focal start,RN,ct:a31304f7c3a74c3d0000000000000000,,,Save data,11/26/2024 5:49,11/26/2024 5:33,+07:00,2024042601,fda4638c-6dbf-4490-a977-edc57da6ab2f,b7401a50-e8e9-40e8-bfc3-3d12ed7b9256,
11/26/2024,12:15:19,Granny,,,,Jim Lim,foraging without tools. Focal end,RN,ct:a31304f7c3a74c3d0000000000000000,,,Save data,11/26/2024 5:15,11/26/2024 5:15,+07:00,2024042601,048fe17e-6083-4847-a5a8-8a30b1c0b591,fdf3bd54-ef4f-47eb-8552-f400420d429c,
11/26/2024,11:59:44,Granny,,,,,search. Focal start,RN,ct:a31304f7c3a74c3d0000000000000000,,,Save data,11/26/2024 5:15,11/26/2024 4:59,+07:00,2024042601,1b2de18d-44c4-474c-b8f3-52ccc837cbe9,a7da713e-0627-4a34-89b9-c0865b75d221,
11/26/2024,11:53:30,Aura,,,,,move. Focal end,RN,ct:a31304f7c3a74c3d0000000000000000,,,Save data,11/26/2024 4:53,11/26/2024 4:53,+07:00,2024042601,e1673e6c-fbb7-4e2c-8d79-2b204de5411e,12a354c1-6a75-4b43-8e8c-a13eb5570186,
11/26/2024,11:38:04,Aura,,,,,search. Focal start,RN,ct:a31304f7c3a74c3d0000000000000000,,,Save data,11/26/2024 4:53,11/26/2024 4:38,+07:00,2024042601,3d87526f-a249-4890-bee3-ac6df8691f3d,b0070170-7f23-4fbd-962a-bfbccb1e6673,
11/27/2024,14:38:14,Robin,Juvenile 2,,,,Grooming. Focal start,RN,ct:a31304f7c3a74c3d0000000000000000,,,Save data,11/27/2024 7:52,11/27/2024 7:38,+07:00,2024042601,8f0b8e7c-8159-403f-9dc4-dd5e244f4b02,be5a3071-e4ab-47d6-a595-5b8f6d6efd2e,
11/27/2024,13:26:11,Flame,,,,Dumbo,rest. Focal end,RN,ct:a31304f7c3a74c3d0000000000000000,,,Save data,11/27/2024 6:26,11/27/2024 6:26,+07:00,2024042601,c038f697-e16a-416c-b735-ffbaa1f42b05,028110ef-145f-4ca2-9db4-125c26d5aea5,
11/27/2024,13:10:23,Flame,,,Ted Taipan,Quindoline,stone-tool use (oyster). Focal start,RN,ct:a31304f7c3a74c3d0000000000000000,,,Save data,11/27/2024 6:26,11/27/2024 6:10,+07:00,2024042601,8a50a947-d5e9-4dd1-bce0-b45d0ffdf48c,23f90c85-160e-4d64-85d9-73d492e31075,
11/29/2024,15:05:41,Ali,F_Subadult,,,,Grooming. Focal end ,RN,ct:a31304f7c3a74c3d0000000000000000,,,Save data,11/29/2024 8:05,11/29/2024 8:05,+07:00,2024042601,8525ef36-ec11-4fc4-9be3-b20b162c2b09,0b34966a-f64e-4bcb-abd1-6bab0ae20c26,
11/29/2024,14:50:09,Ali,,,,,search. Focal start,RN,ct:a31304f7c3a74c3d0000000000000000,,,Save data,11/29/2024 8:05,11/29/2024 7:50,+07:00,2024042601,689ba063-cb02-4df0-8535-f2c02549e521,bed3b2b0-e9c5-4e8d-a33a-b6f9997371a6,
11/29/2024,14:36:13,Pinky,,,,,stone-tool use. Focal end,RN,ct:a31304f7c3a74c3d0000000000000000,,,Save data,11/29/2024 7:36,11/29/2024 7:36,+07:00,2024042601,f2c6b182-d543-4dab-8363-011f632a7b6a,7fe79bf6-7134-48f5-918f-a53a4040d580,
11/29/2024,14:20:32,Pinky,,,,,search. Focal start,RN,ct:a31304f7c3a74c3d0000000000000000,,,Save data,11/29/2024 7:36,11/29/2024 7:20,+07:00,2024042601,43bc2850-00bf-4240-91db-876ae37856f6,c425ae5d-a9a9-42ed-878f-aafc5f371129,
11/29/2024,13:46:37,Pat,,,Juvenile 1,Whitney,stone-tool use. Focal end,RN,ct:a31304f7c3a74c3d0000000000000000,,,Save data,11/29/2024 7:36,11/29/2024 6:46,+07:00,2024042601,2f1d7caa-8ca6-4742-bf49-6bc0dad721e6,0dfd1ab9-805a-4caa-9b84-c4c33e5db853,
11/29/2024,13:31:04,Pat,,,Old infant Juvenile 1 Belanda,Juvenile 2,stone-tool use. Focal start,RN,ct:a31304f7c3a74c3d0000000000000000,,,Save data,11/29/2024 7:36,11/29/2024 6:31,+07:00,2024042601,8a5ba9a6-7708-47f7-a687-7042ac85dc55,44d47323-3a44-40ac-8175-eb7ad3151cee,
11/29/2024,12:33:48,Quindoline,Old infant F_Subadult,,Iyla Oreo,,rest. Focal end,RN,ct:a31304f7c3a74c3d0000000000000000,,,Save data,11/29/2024 5:33,11/29/2024 5:33,+07:00,2024042601,5f2263ed-a2cc-4030-b95a-04a7939efef5,14764d7e-92d6-4ff1-9263-b77d3af9ab44,
11/29/2024,12:18:05,Quindoline,Iyla,Mamosa,,Old infant,Grooming. Focal start,RN,ct:a31304f7c3a74c3d0000000000000000,,,Save data,11/29/2024 5:33,11/29/2024 5:18,+07:00,2024042601,080f0c52-a417-463e-8fd9-24ed5b1231b1,53037b88-f67a-40d9-be88-945bbfdb8334,
11/29/2024,12:14:29,Cacao,F_Subadult,Oreo,,,Grooming. Focal end,RN,ct:a31304f7c3a74c3d0000000000000000,,,Save data,11/29/2024 5:14,11/29/2024 5:14,+07:00,2024042601,2f16ad40-6c78-4887-8ff9-96fa90db8ddc,057ffcd5-2486-484f-8ec3-0de816a6237f,
11/29/2024,11:58:41,Cacao,F_Subadult,,,,Grooming. Focal start ,RN,ct:a31304f7c3a74c3d0000000000000000,,,Save data,11/29/2024 5:14,11/29/2024 4:58,+07:00,2024042601,f9fd2395-f733-4aee-b020-d66ee447af94,2d49a7d1-652e-4bac-8985-cc39e825eac4,
11/29/2024,11:56:07,Vula,,Old infant,Juvenile 2 Pinky,,stone-tool use. Focal end,RN,ct:a31304f7c3a74c3d0000000000000000,,,Save data,11/29/2024 4:56,11/29/2024 4:56,+07:00,2024042601,8e5fd535-4ba1-4448-9962-61d9a3706597,bc54f78f-c8c7-46b1-8a68-e3ebf417af0e,
11/29/2024,11:39:48,Vula,,Old infant,,,search. Ficsl start ,RN,ct:a31304f7c3a74c3d0000000000000000,,,Save data,11/29/2024 4:56,11/29/2024 4:39,+07:00,2024042601,4c71cf3e-c8ae-4f97-a0a0-fd42b85bba09,18d70beb-e10f-4acc-a1be-e69672bf0f45,
11/29/2024,11:38:16,Iyla,,,,,rest. Focal end,RN,ct:a31304f7c3a74c3d0000000000000000,,,Save data,11/29/2024 4:56,11/29/2024 4:38,+07:00,2024042601,52a00eb1-8ad7-48ce-8f65-7408dc5ec001,2d7f9849-6e0f-4881-86b0-a11dd2dfe324,
11/29/2024,11:22:01,Iyla,,,,,search. Focal start,RN,ct:a31304f7c3a74c3d0000000000000000,,,Save data,11/29/2024 4:56,11/29/2024 4:22,+07:00,2024042601,e2913e1d-be46-4744-93a1-93974cb8401a,15e386b5-345f-4d94-bb02-1f4061f98730,
11/29/2024,11:18:08,Whitney,,,,Pat,rest. Focal end ,RN,ct:a31304f7c3a74c3d0000000000000000,,,Save data,11/29/2024 4:18,11/29/2024 4:18,+07:00,2024042601,7b2eaa8b-75aa-4c74-8344-c287b9eee36a,59649f8a-abdd-441b-a032-631ccc7dde00,
11/29/2024,11:02:39,Whitney,,,,,rest. Focal start,RN,ct:a31304f7c3a74c3d0000000000000000,,,Save data,11/29/2024 4:18,11/29/2024 4:02,+07:00,2024042601,e9910079-6511-4d6a-8921-746adce30bdb,3846dd1a-27b2-441f-851a-9edce10ceeb1,
11/30/2024,15:46:09,Robin,,,,,foraging without tools. Focal end ,RN,ct:a31304f7c3a74c3d0000000000000000,,,Save data,11/30/2024 8:46,11/30/2024 8:46,+07:00,2024042601,590e8b1b-dc49-4226-b0a2-a1b2a79bdef0,fc852ca6-f056-4563-92e2-27f613e2cdeb,
11/30/2024,15:30:20,Robin,,,,,search. Focal start. Pig island,RN,ct:a31304f7c3a74c3d0000000000000000,,,Save data,11/30/2024 8:46,11/30/2024 8:30,+07:00,2024042601,f3f8d7a7-8b1e-49af-b1f8-9cad051f318f,6d0c1509-5ad2-4791-b562-17765ff58a4d,
11/30/2024,15:05:15,Naina,Black infant,,,,stone-tool use. Focal end,RN,ct:a31304f7c3a74c3d0000000000000000,,,Save data,11/30/2024 8:05,11/30/2024 8:05,+07:00,2024042601,f5b767bc-f088-4162-a955-1d5ca65d721a,2857b92f-5783-42be-a442-03f6e0d6150e,
11/30/2024,14:49:35,Naina,Black infant,,,,stone-tool use (oyster). Focal start,RN,ct:a31304f7c3a74c3d0000000000000000,,,Save data,11/30/2024 8:05,11/30/2024 7:49,+07:00,2024042601,54d066bb-45a3-41ce-8a45-ec8d311ed8a9,e66afe1d-1e22-4c2a-b2d7-7575ba5d547e,
11/30/2024,13:50:43,Harley,M_Adult,,,,Grooming. Focal end,RN,ct:a31304f7c3a74c3d0000000000000000,,,Save data,11/30/2024 6:50,11/30/2024 6:50,+07:00,2024042601,2e54b375-759b-451a-9932-b745435026f6,47bc85ab-f6e7-42bc-99db-040a4a86a893,
11/30/2024,13:35:13,Harley,,,F_Subadult,Cacao,stone-tool use. Focal start,RN,ct:a31304f7c3a74c3d0000000000000000,,,Save data,11/30/2024 6:50,11/30/2024 6:35,+07:00,2024042601,6de5a46d-1a19-4f25-ada4-6a4f041d8ac6,3ce02426-cf62-4940-9dbb-c3099d98ce64,
11/30/2024,13:18:46,Babosa,,,,,rest. Focal start,RN,ct:a31304f7c3a74c3d0000000000000000,,,Save data,11/30/2024 6:50,11/30/2024 6:18,+07:00,2024042601,8d5d2c45-d633-4b36-b811-be35956282e0,56f8814b-0bd8-458a-a701-29600b34e5c8,
11/30/2024,10:35:59,Quindoline,Old infant,,,,Grooming. Focal end,RN,ct:a31304f7c3a74c3d0000000000000000,,,Save data,11/30/2024 3:35,11/30/2024 3:35,+07:00,2024042601,1d3c890f-461a-4249-8c86-e4c994d41d72,1da170ce-11f9-491a-ac7e-7cee5d534c63,
11/30/2024,10:20:07,Lip,Old infant Taipan,,,,Grooming. Focal start,RN,ct:a31304f7c3a74c3d0000000000000000,,,Save data,11/30/2024 3:35,11/30/2024 3:20,+07:00,2024042601,98f23687-4124-4f05-a4f9-00e4c59d867c,269a991a-5420-47ec-9944-3ddc825a88b3,
11/30/2024,9:44:43,Whitney,Juvenile 1,Juvenile 2,,,Grooming. Focal end,RN,ct:a31304f7c3a74c3d0000000000000000,,,Save data,11/30/2024 2:44,11/30/2024 2:44,+07:00,2024042601,0cc440d8-ce55-42b7-b2d4-aa1ff974e8dc,6b3fa968-c302-40ab-851d-13e6aaeb0287,
11/30/2024,9:28:58,Whitney,Juvenile 1 Juvenile 2,,M_Adult,,Grooming. Focal start,RN,ct:a31304f7c3a74c3d0000000000000000,,,Save data,11/30/2024 2:44,11/30/2024 2:28,+07:00,2024042601,6376f062-f1e8-40c6-8c21-696e248b298c,e9e0224e-5bdc-4483-852e-29b80f42ab95,
11/30/2024,8:43:05,Bat,,,,Juvenile 2,rest. Focal end,RN,ct:a31304f7c3a74c3d0000000000000000,,,Save data,11/30/2024 2:44,11/30/2024 1:43,+07:00,2024042601,531b0fab-d4dd-4c8e-818d-718a8a001a41,4e605868-8241-4762-97bf-2db99993ab10,
11/30/2024,8:42:10,Quindoline,,,,,rest. Focal end,RN,ct:a31304f7c3a74c3d0000000000000000,,,Save data,11/30/2024 1:42,11/30/2024 1:42,+07:00,2024042601,90adf808-b4bb-4b76-a5ed-42a591e33ac4,d88113ba-d69f-49a3-9544-81f29eef6bb9,
11/30/2024,8:26:46,Quindoline,,,,,foraging without tools. Focal start ,RN,ct:a31304f7c3a74c3d0000000000000000,,,Save data,11/30/2024 1:42,11/30/2024 1:26,+07:00,2024042601,cfc9bda9-f93d-4d3b-a1a8-8ddc4d87d3bd,844c9203-d143-48f4-b734-6bfa63c74983,
11/30/2024,8:06:27,Pat,,,M_Adult,,rest. Focal start,RN,ct:a31304f7c3a74c3d0000000000000000,,,Save data,11/30/2024 1:42,11/30/2024 1:06,+07:00,2024042601,f61690b6-f7c9-4930-be4e-9ef43103fee6,7a1081a1-a445-41c6-b9ab-91423409caca,
11/30/2024,8:01:58,Quindoline,,,,,move. Focal start,RN,ct:a31304f7c3a74c3d0000000000000000,,,Save data,11/30/2024 1:42,11/30/2024 1:01,+07:00,2024042601,005f7acb-87fe-48c3-b9b4-5b6790cf5e54,ce78ceff-9d0e-4424-a670-db3ec44fb744,
11/30/2024,7:51:31,Flame,,,,,move. Focal end,RN,ct:a31304f7c3a74c3d0000000000000000,,,Save data,11/30/2024 0:51,11/30/2024 0:51,+07:00,2024042601,f1387f79-ae32-481b-9a15-3644447f0b63,139d037e-2a06-4ae1-ad59-0c520811808e,
11/30/2024,7:36:06,Flame,,M_Adult,,,rest. Focal start,RN,ct:a31304f7c3a74c3d0000000000000000,,,Save data,11/30/2024 0:51,11/30/2024 0:36,+07:00,2024042601,ca7b9bc9-cba5-4515-907e-9b80064216d7,f39438fe-29eb-4121-a00a-35edc280c907,
11/30/2024,7:12:28,Granny,,Old infant,Juvenile 1,,foraging without tools. Focal end ,RN,ct:a31304f7c3a74c3d0000000000000000,,,Save data,11/30/2024 0:12,11/30/2024 0:12,+07:00,2024042601,8a6be1f8-574a-48cf-bff8-70b37fb648ef,44f34c76-df8a-4014-8b17-479b0fc61801,
11/30/2024,6:56:42,Granny,,,,Whitney,foraging without tools. Flcal start,RN,ct:a31304f7c3a74c3d0000000000000000,,,Save data,11/30/2024 0:12,11/29/2024 23:56,+07:00,2024042601,f3a50bbb-49f5-4715-89d5-1b05035eeae2,e2885775-4f9d-45d9-bda1-38f30be919ea,
12/2/2024,15:56:47,Ted,F_Subadult,,Black infant Naina,,Grooming. Focal end,RN,ct:a31304f7c3a74c3d0000000000000000,,,Save data,12/2/2024 8:56,12/2/2024 8:56,+07:00,2024042601,8137116b-c35b-4947-a892-86d5d1f41c20,acb3e5e3-f8e0-4c84-86aa-a96ee9feec39,
12/2/2024,15:41:20,Ted,,,,Black infant Mamosa Naina,rest. Focal start,RN,ct:a31304f7c3a74c3d0000000000000000,,,Save data,12/2/2024 8:56,12/2/2024 8:41,+07:00,2024042601,7e51b2cf-33c7-46a4-a28e-163636cf71b5,e6725745-8326-4d02-8e99-709c187e943c,
12/2/2024,15:37:32,Naina,Black infant,,,,rest. Focal end,RN,ct:a31304f7c3a74c3d0000000000000000,,,Save data,12/2/2024 8:37,12/2/2024 8:37,+07:00,2024042601,37f2cb7b-3809-4f69-9ec2-05ca6eb81f66,1695368a-a343-4905-ade2-e1be4d3428ce,
12/2/2024,15:21:05,Naina,,,,,stone-tool use. Focal start,RN,ct:a31304f7c3a74c3d0000000000000000,,,Save data,12/2/2024 8:37,12/2/2024 8:21,+07:00,2024042601,a25f516d-1b87-44e2-9a64-df59f160da09,f08a0f87-f773-41a5-87f1-9219bbf3ab62,
12/2/2024,15:19:20,Flame,Tutu,,,Belanda,Grooming. Focal end,RN,ct:a31304f7c3a74c3d0000000000000000,,,Save data,12/2/2024 8:19,12/2/2024 8:19,+07:00,2024042601,7b7adf00-5120-4c29-9baf-df2732b5089a,bc4e9a0d-7798-4444-adc2-70a86c144565,
12/2/2024,15:03:37,Flame,Tin tin Tutu,,,,Grooming. Focal start,RN,ct:a31304f7c3a74c3d0000000000000000,,,Save data,12/2/2024 8:19,12/2/2024 8:03,+07:00,2024042601,290a6221-8823-411b-a06f-2f3261305a7a,9fd62ed5-0988-48c2-ab13-b357c3a0dcde,
12/2/2024,14:59:18,Kaya,M_Adult,,,,Grooming. Focal start,RN,ct:a31304f7c3a74c3d0000000000000000,,,Save data,12/2/2024 7:59,12/2/2024 7:59,+07:00,2024042601,e95909df-1cfd-4610-b173-aa1de17b5550,633f0017-003a-4325-b457-e6f9595e2a15,
12/2/2024,14:43:41,Kaya,,,,,rest. Focal start,RN,ct:a31304f7c3a74c3d0000000000000000,,,Save data,12/2/2024 7:59,12/2/2024 7:43,+07:00,2024042601,c8c286dd-a882-4e0e-9d78-24b72628fb64,fae8db7f-5940-432a-992e-4577013e9814,
12/2/2024,14:23:50,Iyla,,,,Juvenile 2,search. Focal start,RN,ct:a31304f7c3a74c3d0000000000000000,,,Save data,12/2/2024 7:43,12/2/2024 7:23,+07:00,2024042601,ae8d7890-76f6-4af5-b044-8bb1a04b358d,015f1b58-53e0-4684-b6f2-5a7b2ba93bd5,
12/2/2024,12:33:07,Pinky,,,,Old infant,rest. Focal end,RN,ct:a31304f7c3a74c3d0000000000000000,,,Save data,12/2/2024 5:33,12/2/2024 5:33,+07:00,2024042601,559ad2e1-938a-43e8-8645-8a5b9f89ddae,ea4dad7b-eb1d-4cd0-abde-84d0fdbfe965,
12/2/2024,12:17:39,Pinky,,,,,rest. Focal start,RN,ct:a31304f7c3a74c3d0000000000000000,,,Save data,12/2/2024 5:33,12/2/2024 5:17,+07:00,2024042601,c18d8afe-4690-4100-8671-b9cf1dc46c60,93ad2152-d092-43d2-ad1a-ffa5a0d6eb81,
12/2/2024,12:09:49,Granny,Old infant,,,,Grooming. Focal end,RN,ct:a31304f7c3a74c3d0000000000000000,,,Save data,12/2/2024 5:10,12/2/2024 5:09,+07:00,2024042601,7bd535ce-82bf-4fbc-b577-093b49d2b40e,00686716-52c2-4f4e-bbb1-28877a10a2d5,
12/2/2024,11:54:33,Granny,Old infant,Old infant,,,rest. Focal start,RN,ct:a31304f7c3a74c3d0000000000000000,,,Save data,12/2/2024 5:10,12/2/2024 4:54,+07:00,2024042601,a095dee8-aa18-4996-96e9-d52c7817d01b,6c085aec-cbf6-4f88-b1f7-ccff4d6416af,
12/2/2024,11:26:19,Yaiko,,,,,rest. Focal end,RN,ct:a31304f7c3a74c3d0000000000000000,,,Save data,12/2/2024 4:26,12/2/2024 4:26,+07:00,2024042601,0ac70d91-4cf5-4d74-9b30-1d86f47993e2,74083cfa-c444-470d-9d03-f6dba8452ae1,
12/2/2024,11:10:55,Yaiko,,,,,foraging without tools. Focal start,RN,ct:a31304f7c3a74c3d0000000000000000,,,Save data,12/2/2024 4:26,12/2/2024 4:10,+07:00,2024042601,ed73072d-035e-4d35-be6e-5ae30ab7520f,d3cc6138-7815-4b3b-abf6-8a748a001ebc,
12/2/2024,11:04:52,Quindoline,,Old infant,,,climb. Focal end,RN,ct:a31304f7c3a74c3d0000000000000000,,,Save data,12/2/2024 4:04,12/2/2024 4:04,+07:00,2024042601,2ed12c4c-2079-42d0-a65e-4b5251cc3ab8,b06d6596-9ea2-4865-997b-a76b7bbebbf3,
12/2/2024,10:49:23,Quindoline,,Old infant,,Old infant Juvenile 2,foraging without tools. Focal start,RN,ct:a31304f7c3a74c3d0000000000000000,,,Save data,12/2/2024 4:04,12/2/2024 3:49,+07:00,2024042601,523b462d-a778-441e-b815-84713ab305ad,c406e478-1f38-4cba-848c-dee1b44684f9,
12/2/2024,10:08:49,Pat,,,,,rest. Focal end,RN,ct:a31304f7c3a74c3d0000000000000000,,,Save data,12/2/2024 3:08,12/2/2024 3:08,+07:00,2024042601,76ccf25e-3095-4201-b0ac-c8b0998a4f23,e38c8319-6e4a-4ed7-8099-99b885771e4a,
12/2/2024,9:53:11,Pat,,,,Old infant F_Subadult,rest. Focal start,RN,ct:a31304f7c3a74c3d0000000000000000,,,Save data,12/2/2024 3:08,12/2/2024 2:53,+07:00,2024042601,e72ff79c-cbda-49aa-8362-ea349ede9ffb,7134fec3-e45f-46ba-9c70-49e7317f7174,
12/2/2024,8:48:51,Whitney,,,,,foraging without tools. Focal end ,RN,ct:a31304f7c3a74c3d0000000000000000,,,Save data,12/2/2024 1:48,12/2/2024 1:48,+07:00,2024042601,3ece62b2-8f3f-4dcb-b715-22f588b54467,912f5d81-d8b4-4a60-b0e3-017b42dad2ab,
12/2/2024,8:33:16,Whitney,Juvenile 1,,Juvenile 1 Babosa,Old infant Juvenile 1,Grooming. Fcal start,RN,ct:a31304f7c3a74c3d0000000000000000,,,Save data,12/2/2024 1:48,12/2/2024 1:33,+07:00,2024042601,2df66193-68f4-48f1-82e2-c83d691f8116,d2e6906b-4199-4e8a-94d9-4de0188b0d92,
12/2/2024,8:32:00,Babosa,,Old infant,Old infant Juvenile 1,Juvenile 1 Whitney,move. Focal end,RN,ct:a31304f7c3a74c3d0000000000000000,,,Save data,12/2/2024 1:32,12/2/2024 1:32,+07:00,2024042601,567c64f6-60c7-45c1-ab1f-b3810d9fc3b0,fff02380-6147-4b6c-a01f-7f8140102164,
12/2/2024,8:16:23,Babosa,,,F_Subadult,Old infant,move. Focal start,RN,ct:a31304f7c3a74c3d0000000000000000,,,Save data,12/2/2024 1:32,12/2/2024 1:16,+07:00,2024042601,0e0239e8-f84a-474b-b950-57e051ae6143,0d5cf283-c6e4-4114-ad11-fc9cba713dba,
12/2/2024,8:00:08,Lip,,,,,foraging without tools. Focal start,RN,ct:a31304f7c3a74c3d0000000000000000,,,Save data,12/2/2024 1:32,12/2/2024 1:00,+07:00,2024042601,bac6f7e1-2c90-4515-8ee3-e7052b962bff,7b1c8034-2b0c-4af2-aef4-5822fb82bbfe,
12/2/2024,7:38:39,Granny,,,,Bat,stone-tool use. Focal start,RN,ct:a31304f7c3a74c3d0000000000000000,,,Save data,12/2/2024 1:32,12/2/2024 0:38,+07:00,2024042601,f9b30113-f8e0-4d51-a115-bb474694c196,89e694d8-6a5b-4f0d-8163-4881ecef7d0d,
12/4/2024,16:10:51,Cacao,,,Ali,,rest. ,RN,ct:a31304f7c3a74c3d0000000000000000,,,Save data,12/5/2024 0:43,12/4/2024 9:10,+07:00,2024042601,7e0e7c7e-86e0-45b7-8928-8a5f1af03ca4,c9920b7f-425f-46be-856c-74722a3cd932,
12/4/2024,15:55:20,Cacao,Ted,,,,Grooming. Focal start,RN,ct:a31304f7c3a74c3d0000000000000000,,,Save data,12/5/2024 0:43,12/4/2024 8:55,+07:00,2024042601,ca53140e-6873-48ea-b635-39f0079593d3,61b79a64-e46b-43fd-b258-fc7a03f2958d,
12/4/2024,13:46:02,Betina,,,,,foraging without tools. Focal end,RN,ct:a31304f7c3a74c3d0000000000000000,,,Save data,12/4/2024 6:46,12/4/2024 6:46,+07:00,2024042601,f96a2940-a1fe-4205-8120-59fbe06a7999,10fd56a7-b0e0-4d5c-af47-18e0d3c5eaf7,
12/4/2024,13:30:32,Betina,,,,,rest. Focal start,RN,ct:a31304f7c3a74c3d0000000000000000,,,Save data,12/4/2024 6:46,12/4/2024 6:30,+07:00,2024042601,3c3c7c46-ee6d-404a-825b-1c1883489f05,d7540601-04fa-4727-8131-1812489a1981,
12/4/2024,12:52:25,Santa,,,,Juvenile 2 Flame,rest. Focal end,RN,ct:a31304f7c3a74c3d0000000000000000,,,Save data,12/4/2024 5:52,12/4/2024 5:52,+07:00,2024042601,b4991fa5-8dde-4c91-bad4-e301a3c36c76,3cefcb91-0202-4380-bb9a-6bad640cd77a,
12/4/2024,12:36:55,Santa,,,,Belanda,rest. Focal start,RN,ct:a31304f7c3a74c3d0000000000000000,,,Save data,12/4/2024 5:52,12/4/2024 5:36,+07:00,2024042601,7bb6812a-b958-4e12-95d1-7616c73d0a71,62dfe22f-55dc-4ddb-ae68-1246067bc9bf,
12/4/2024,11:31:13,Bat,,,,,foraging without tools. Focal end ,RN,ct:a31304f7c3a74c3d0000000000000000,,,Save data,12/4/2024 4:31,12/4/2024 4:31,+07:00,2024042601,1ba5034e-cba0-460b-ad76-fe4b420819e9,f8505516-7577-444d-af98-72fb99913af9,
12/4/2024,11:15:33,Bat,,,,,foraging without tools. Focal start,RN,ct:a31304f7c3a74c3d0000000000000000,,,Save data,12/4/2024 4:31,12/4/2024 4:15,+07:00,2024042601,58514619-096b-4f48-8926-8c68227d593a,380dc083-59cf-4765-b4bf-4025f305f0f0,
12/4/2024,10:32:00,Kaya,,,,Tutu,rest. Focal end,RN,ct:a31304f7c3a74c3d0000000000000000,,,Save data,12/4/2024 3:32,12/4/2024 3:32,+07:00,2024042601,3e51d72b-dbae-4461-b12d-7fc4c41a7aa8,59584c74-deb3-4463-a904-21a61f6de7f0,
12/4/2024,10:16:04,Kaya,,,,,rest. Focal start,RN,ct:a31304f7c3a74c3d0000000000000000,,,Save data,12/4/2024 3:32,12/4/2024 3:16,+07:00,2024042601,4a963d18-1de6-4fca-99e1-b7917fb568aa,df3c5718-b873-4d5f-a444-01989b3ffb58,
12/4/2024,9:59:11,Bat,,,,,rest. Focal end,RN,ct:a31304f7c3a74c3d0000000000000000,,,Save data,12/4/2024 2:59,12/4/2024 2:59,+07:00,2024042601,c8cf3678-50b4-420a-a536-1d7891e27cbf,4df4ad73-cb7f-4166-8b38-a09ce42d87b2,
12/4/2024,9:44:24,Bat,,,,,rest. Focal start,RN,ct:a31304f7c3a74c3d0000000000000000,,,Save data,12/4/2024 2:59,12/4/2024 2:44,+07:00,2024042601,40caa5d9-37fe-407c-8c24-eea6d78e487e,9fb04436-438b-4b0c-ad2c-d4cf249bd4a8,
12/4/2024,8:56:43,Kaya,,Ali,F_Subadult,,foraging without tools. Focal start ,RN,ct:a31304f7c3a74c3d0000000000000000,,,Save data,12/4/2024 2:59,12/4/2024 1:56,+07:00,2024042601,67adac7d-618a-4e6b-bec3-ad5b997f10c6,1f3cb1f5-fa48-4028-b0f6-b82865bbcc22,
12/4/2024,8:42:52,Iyla,,Black infant Naina,,F_Subadult,stone-tool use (oyster). Focal end,RN,ct:a31304f7c3a74c3d0000000000000000,,,Save data,12/4/2024 1:42,12/4/2024 1:42,+07:00,2024042601,2ae8953d-b6a0-4e26-8bb7-02774ad07de3,7c560f60-e5e4-4562-a03f-8ac5bfa32758,
12/4/2024,8:26:54,Iyla,,,,,search. Focal start,RN,ct:a31304f7c3a74c3d0000000000000000,,,Save data,12/4/2024 1:42,12/4/2024 1:26,+07:00,2024042601,47edeece-3d8d-4a97-b5ca-b503a59a165d,2b36429d-9838-4156-ae29-ed568de3a69a,
12/4/2024,8:24:29,Naina,Black infant,,Juvenile 2,Kaya,foraging without tools. Focal end ,RN,ct:a31304f7c3a74c3d0000000000000000,,,Save data,12/4/2024 1:24,12/4/2024 1:24,+07:00,2024042601,317122ed-9120-4be6-8992-fff4cc7cd1bc,a88dc133-1261-4d50-8601-1cdd5901625d,
12/4/2024,8:08:40,Naina,Black infant,,,,search. Focal start,RN,ct:a31304f7c3a74c3d0000000000000000,,,Save data,12/4/2024 1:24,12/4/2024 1:08,+07:00,2024042601,77e4cce5-a61e-4be7-b790-a7a6cdc8dca1,d128152f-243a-47a7-a679-f1f683b7a18d,
12/4/2024,7:51:13,Harley,,,,M_Adult,foraging without tools. Focal start ,RN,ct:a31304f7c3a74c3d0000000000000000,,,Save data,12/4/2024 1:24,12/4/2024 0:51,+07:00,2024042601,b5c3e54d-4c69-46f6-81bc-ab04188d8b2a,b3d0ef88-f70e-40f3-9da5-bd227b65679f,
12/4/2024,7:31:24,Belanda,,,,Quindoline,move. Focal end,RN,ct:a31304f7c3a74c3d0000000000000000,,,Save data,12/4/2024 0:31,12/4/2024 0:31,+07:00,2024042601,256105b1-b1f5-45e5-9956-e4672e2c26b6,ce6b1f09-97ca-4252-8898-76cb36c95c06,
12/4/2024,7:15:17,Belanda,,,,,rest. Focal start,RN,ct:a31304f7c3a74c3d0000000000000000,,,Save data,12/4/2024 0:31,12/4/2024 0:15,+07:00,2024042601,128dbf8d-7d55-4a00-9a62-de19e78f5c91,cb25368b-425e-4e9d-b8d8-d1927c6e31b4,
12/5/2024,8:34:54,Lip,,,,,foraging without tools. Focal end ,RN,ct:a31304f7c3a74c3d0000000000000000,,,Save data,12/5/2024 1:34,12/5/2024 1:34,+07:00,2024042601,c2d85a48-9770-4ec3-a60f-fdb93e14ad24,78ab3671-6196-4679-a931-b05ecd2c0b0c,
12/5/2024,8:19:12,Lip,,,,,foraging without tools. Focal start,RN,ct:a31304f7c3a74c3d0000000000000000,,,Save data,12/5/2024 1:34,12/5/2024 1:19,+07:00,2024042601,7e4df4bd-d3f2-4ba9-a895-e3e0d712bc51,38e2ea4d-9c6d-41f6-bad1-16308d79c013,
12/5/2024,7:56:51,Flame,,,Juvenile 2,,stone-tool use. Focal start,RN,ct:a31304f7c3a74c3d0000000000000000,,,Save data,12/5/2024 1:34,12/5/2024 0:56,+07:00,2024042601,266ec22c-962d-4d4d-9672-67311236ca0a,fe0f64d3-75a3-49b1-b094-58834f6e1178,
12/5/2024,7:44:53,Dandi,,,,F_Subadult,search. Focal start,RN,ct:a31304f7c3a74c3d0000000000000000,,,Save data,12/5/2024 1:34,12/5/2024 0:44,+07:00,2024042601,a3586ee1-1432-4f4a-8339-2eff550d5719,94584ed7-3aeb-4337-882e-df1fe01fa537,
12/7/2024,15:14:05,Vula,,Old infant,,,move. Focal end,RN,ct:a31304f7c3a74c3d0000000000000000,,,Save data,12/7/2024 8:14,12/7/2024 8:14,+07:00,2024042601,3f94c572-98ef-4c54-acc8-394fc20aa6c5,072da26f-65e5-453b-ace9-7e103d014bc5,
12/7/2024,14:58:35,Vula,,Old infant,,,rest. Focal start,RN,ct:a31304f7c3a74c3d0000000000000000,,,Save data,12/7/2024 8:14,12/7/2024 7:58,+07:00,2024042601,0ae219f3-9fdf-4cc7-9d59-f48c5b857c06,93b2eafb-46d0-4f96-aaf7-482b58d99085,
12/7/2024,14:54:03,Babosa,,,,,rest. Focal end,RN,ct:a31304f7c3a74c3d0000000000000000,,,Save data,12/7/2024 7:54,12/7/2024 7:54,+07:00,2024042601,20eeadc0-2125-41e9-8f80-8d73dc1abe53,8f525682-17fd-4bf7-87b4-0e0b714bce7c,
12/7/2024,14:38:15,Babosa,,,,,rest. Focal start,RN,ct:a31304f7c3a74c3d0000000000000000,,,Save data,12/7/2024 7:54,12/7/2024 7:38,+07:00,2024042601,7e0a13fb-a0ae-41ef-87ce-9b11e0ab3b4a,9f1ba0f0-42c0-43e0-8e19-c0e320be08d3,
12/7/2024,14:26:03,Kaya,Babosa,,,Pat,Grooming. Focal start,RN,ct:a31304f7c3a74c3d0000000000000000,,,Save data,12/7/2024 7:54,12/7/2024 7:26,+07:00,2024042601,9b3ecfe2-44cc-420a-ba6a-6f71d01dcce7,c949bb85-dd13-4cb9-b67a-b337e86ed498,
12/7/2024,13:43:41,Babosa,,,,,move. Focal start,RN,ct:a31304f7c3a74c3d0000000000000000,,,Save data,12/7/2024 7:54,12/7/2024 6:43,+07:00,2024042601,e10e2509-6081-492d-a047-85184d1b50fa,2d2a11b6-3e80-4c75-978a-78d80ee39ead,
12/7/2024,13:17:15,Naina,Black infant,,,M_Adult Babosa,foraging without tools. Focal end,RN,ct:a31304f7c3a74c3d0000000000000000,,,Save data,12/7/2024 6:17,12/7/2024 6:17,+07:00,2024042601,58d19245-b400-4c69-8a33-ecb75cd8b00e,be553543-f85a-49cb-b421-ba8e1a2a0d98,
12/7/2024,13:01:31,Naina,Black infant,,,,rest. Focal start,RN,ct:a31304f7c3a74c3d0000000000000000,,,Individuals,12/7/2024 6:17,12/7/2024 6:01,+07:00,2024042601,68c71558-9a28-4e07-8bf6-2dc3a5988f90,accaaff7-7d63-41b5-87e7-7908eaed9e26,
12/7/2024,12:43:40,Aura,,,,,climb. Focal end,RN,ct:a31304f7c3a74c3d0000000000000000,,,Save data,12/7/2024 5:43,12/7/2024 5:43,+07:00,2024042601,d132f6ff-5012-49dd-a3d9-e607e2716bf9,c3b59489-157a-4f21-93e6-9958dc191bc2,
12/7/2024,12:28:01,Aura,Juvenile 2,,,,Grooming. Focal start,RN,ct:a31304f7c3a74c3d0000000000000000,,,Save data,12/7/2024 5:43,12/7/2024 5:28,+07:00,2024042601,0414c166-af93-4d10-8b6f-2b338afc7ef3,dd56f687-669b-4efd-8e89-14acbb22b5e1,
12/7/2024,12:24:38,Taipan,,,,Juvenile 2,move. Focal end,RN,ct:a31304f7c3a74c3d0000000000000000,,,Save data,12/7/2024 5:24,12/7/2024 5:24,+07:00,2024042601,2a8bff88-67df-4627-9f09-17411ade22f1,0ffae2f9-a79a-43cb-acc7-a1ed55023da6,
12/7/2024,12:09:15,Taipan,,,,,rest. Focal start,RN,ct:a31304f7c3a74c3d0000000000000000,,,Save data,12/7/2024 5:24,12/7/2024 5:09,+07:00,2024042601,0e06b35c-cda4-42fb-b449-d3edf5530dda,f4f2c9ac-e644-4800-a12b-cd7adee47b1c,
12/7/2024,11:26:34,Harley,Babosa,,,,Grooming. Focal end,RN,ct:a31304f7c3a74c3d0000000000000000,,,Save data,12/7/2024 4:26,12/7/2024 4:26,+07:00,2024042601,c924f2d3-af08-4881-bfef-edea16ece2ae,c53bfbb2-03cd-4950-a71f-58edf60c19a8,
12/7/2024,11:10:52,Harley,,,,,Scan not good. Low visibility,RN,ct:a31304f7c3a74c3d0000000000000000,,,Save data,12/7/2024 4:26,12/7/2024 4:10,+07:00,2024042601,feabd8b1-1b92-4d7c-a126-f8d8abae176a,5459682e-0b7c-424e-a2f5-62c42f962c5b,
12/7/2024,10:41:39,Iyla,,Juvenile 2,,Juvenile 1,move. Focal end,RN,ct:a31304f7c3a74c3d0000000000000000,,,Save data,12/7/2024 3:41,12/7/2024 3:41,+07:00,2024042601,1d1bdbfb-59e7-4eba-b790-82f4587ec3e6,f8fbdec1-4f71-4c29-bb38-b39709f30df9,
12/7/2024,10:26:05,Iyla,Quindoline,Old infant,Juvenile 1,,Grooming. Focal start,RN,ct:a31304f7c3a74c3d0000000000000000,,,Save data,12/7/2024 3:41,12/7/2024 3:26,+07:00,2024042601,4c506bf5-0b7a-4f37-b481-ebb1841f981d,4ddf1dad-161d-4a90-8723-3eff89af1a51,
12/7/2024,10:16:41,Quindoline,Iyla,,,,Grooming. Focal end,RN,ct:a31304f7c3a74c3d0000000000000000,,,Save data,12/7/2024 3:16,12/7/2024 3:16,+07:00,2024042601,558bc54c-d1ad-4b1c-862b-fec05175e694,63e71b84-27f7-4795-b321-77072bf08229,
12/7/2024,9:59:37,Quindoline,,,,Robin,stone-tool use (oyster). Focal start,RN,ct:a31304f7c3a74c3d0000000000000000,,,Save data,12/7/2024 3:16,12/7/2024 2:59,+07:00,2024042601,82becd8f-48e4-43d8-86e0-0d8fdbbe1437,f34de0fc-83f5-49ed-9044-7e0b763d16e3,
12/7/2024,9:58:30,Ted,,,,,move. Focal end,RN,ct:a31304f7c3a74c3d0000000000000000,,,Save data,12/7/2024 2:58,12/7/2024 2:58,+07:00,2024042601,82cb5e7a-2178-4cc2-8439-181b9762a945,12e68406-4033-4051-aeaa-1043f00ec71f,
12/7/2024,9:43:01,Ted,,,,,search. Focal start,RN,ct:a31304f7c3a74c3d0000000000000000,,,Save data,12/7/2024 2:58,12/7/2024 2:43,+07:00,2024042601,34903c59-7b03-4563-ab8a-f9971b7132a5,60eb151e-b76b-453f-b4c9-d8499db7b11f,
12/7/2024,9:33:43,Pinky,F_Subadult,,Juvenile 2 Tin tin,,Grooming. Focal end,RN,ct:a31304f7c3a74c3d0000000000000000,,,Save data,12/7/2024 2:33,12/7/2024 2:33,+07:00,2024042601,3691097f-5c50-4a70-bcb3-e79bc9306a7d,20826c18-0b8a-46d4-94ba-97b6d8992d55,
12/7/2024,9:17:36,Pinky,F_Subadult,,,,Grooming. Focal start,RN,ct:a31304f7c3a74c3d0000000000000000,,,Save data,12/7/2024 2:33,12/7/2024 2:17,+07:00,2024042601,11e42bc3-bb3d-4d6f-8a5c-9132a48649ad,18189841-dfc1-4ee0-a731-ef72b4303610,
12/7/2024,9:14:04,Granny,,,,,search. Focal end,RN,ct:a31304f7c3a74c3d0000000000000000,,,Save data,12/7/2024 2:14,12/7/2024 2:14,+07:00,2024042601,bd88b920-1610-4e64-b2c7-bb7dc521edbc,4d810194-a715-4a61-a951-1f8f6fab38b9,
12/7/2024,8:58:38,Granny,,,Juvenile 1,Quindoline,stone-tool use (oyster). Focal start,RN,ct:a31304f7c3a74c3d0000000000000000,,,Save data,12/7/2024 2:14,12/7/2024 1:58,+07:00,2024042601,8cd4f4c7-b713-40d2-884f-27a0edf2f447,3d1d8467-b64d-4617-afe4-3bd1b7812902,
12/7/2024,8:49:38,Belanda,,,,,foraging without tools. Focal end,RN,ct:a31304f7c3a74c3d0000000000000000,,,Save data,12/7/2024 1:49,12/7/2024 1:49,+07:00,2024042601,6c6443f0-3852-46d4-a6ad-e1858cacbce1,e0788d27-564b-4638-9ea9-3ef21cf1d5da,
12/7/2024,8:33:59,Belanda,,Pat Kaya,,,stone-tool use (oyster). Focal start. Chicken island,RN,ct:a31304f7c3a74c3d0000000000000000,,,Save data,12/7/2024 1:49,12/7/2024 1:33,+07:00,2024042601,1160352f-7ecd-418e-9106-6bbc7468f17f,1365110d-c479-4609-b2eb-99ddabc6d636,
12/7/2024,8:30:33,Tin tin,,,Juvenile 2,,stone-tool use. Focal end. Chicken island,RN,ct:a31304f7c3a74c3d0000000000000000,,,Save data,12/7/2024 1:30,12/7/2024 1:30,+07:00,2024042601,f87afaa1-4299-48c5-b245-71ea2cb5979e,e00a8ffd-b152-4b80-97b7-232f713acd7e,
12/7/2024,8:12:11,Tin tin,,,,,search. Focal start. Chicken island,RN,ct:a31304f7c3a74c3d0000000000000000,,,Save data,12/7/2024 1:30,12/7/2024 1:12,+07:00,2024042601,6d5d5ec0-6d04-4729-8d1b-46c7b8ab2791,a8e8ac64-a98d-4b67-bba8-ddbc86a981e2,
12/7/2024,8:09:07,Kaya,,,Juvenile 2 Ted,Pat,stone-tool use (oyster). Focal end. Chicken island,RN,ct:a31304f7c3a74c3d0000000000000000,,,Save data,12/7/2024 1:09,12/7/2024 1:09,+07:00,2024042601,081f0e27-9136-4bda-a94b-09478d2a0182,1078d41f-cd56-4a4f-86e1-e422882ac9ed,
12/7/2024,7:53:03,Kaya,,Juvenile 2 Pat,,,stone-tool use (oyster). Focal start. Chicken island,RN,ct:a31304f7c3a74c3d0000000000000000,,,Save data,12/7/2024 1:09,12/7/2024 0:53,+07:00,2024042601,640cc558-808b-475b-be46-b63e74cd9489,993a0e2c-74bf-4e8d-a8c4-50e878e54f90,
12/7/2024,7:51:15,Jim Lim,,,Pat,Juvenile 1 Kaya,stone-tool use (oyster). Focal end. Chicken island,RN,ct:a31304f7c3a74c3d0000000000000000,,,Save data,12/7/2024 0:51,12/7/2024 0:51,+07:00,2024042601,2e87b1cd-b962-4ece-adc2-e0a9ae62e19d,9ab3e8cc-cefc-4484-9044-e9f7c9b4bfa4,
12/7/2024,7:35:19,Jim Lim,,,Tin tin,Juvenile 2,stone-tool use (oyster). Focal start,RN,ct:a31304f7c3a74c3d0000000000000000,,,Save data,12/7/2024 0:51,12/7/2024 0:35,+07:00,2024042601,43ea9eab-e0bb-408b-bd84-e26038046b04,4abb5a62-e4c1-498a-8ddc-43dfddecef6d,
12/7/2024,7:24:57,Whitney,,Old infant Juvenile 1 Juvenile 2,Ted,Juvenile 1,move. Focal end,RN,ct:a31304f7c3a74c3d0000000000000000,,,Save data,12/7/2024 0:51,12/7/2024 0:24,+07:00,2024042601,b4172f3b-22c3-45e8-ab42-45c572a290b7,c3512012-d750-42f9-ac60-48e0d516b563,
12/7/2024,7:08:58,Whitney,,,Ted,,search. Focal start,RN,ct:a31304f7c3a74c3d0000000000000000,,,Save data,12/7/2024 0:51,12/7/2024 0:08,+07:00,2024042601,dcb79b84-ab39-45a0-bb17-dffefdd53d32,637254ab-faa9-4d38-9952-66f6e6e06d9e,
12/9/2024,14:04:25,Pinky,,,,,rest. Focal end,RN,ct:a31304f7c3a74c3d0000000000000000,,,Save data,12/9/2024 7:04,12/9/2024 7:04,+07:00,2024042601,7d3bd730-d6f2-4bff-9fc1-017f5c02cfa1,c23bdfcd-dd16-4696-b591-6f0bb4248263,
12/9/2024,13:49:00,Pinky,,,Juvenile 2 F_Subadult,,Grooming. Focal start,RN,ct:a31304f7c3a74c3d0000000000000000,,,Save data,12/9/2024 7:04,12/9/2024 6:49,+07:00,2024042601,f4ae52c6-6931-44b6-80ac-cf94eafe5626,2644b74c-8baa-4934-b593-59bda956cc14,
12/9/2024,13:45:25,Whitney,Ted,Babosa,Black infant Old infant Naina Vula,,Grooming. Focal end,RN,ct:a31304f7c3a74c3d0000000000000000,,,Save data,12/9/2024 6:45,12/9/2024 6:45,+07:00,2024042601,b29bfe77-f7d3-48b2-9a45-491484ef3890,bfb0abef-762d-47ef-b7a0-0707ef567111,
12/9/2024,13:29:33,Whitney,Ted,Old infant Vula,Babosa,,Grooming. Focal start,RN,ct:a31304f7c3a74c3d0000000000000000,,,Save data,12/9/2024 6:45,12/9/2024 6:29,+07:00,2024042601,2088da57-c7cf-493d-8308-e9a4e5b28e2e,76ac8bbd-06c7-4b16-94bf-5dba333b2586,
12/9/2024,11:52:29,Belanda,,,,,rest. Focal end,RN,ct:a31304f7c3a74c3d0000000000000000,,,Save data,12/9/2024 4:52,12/9/2024 4:52,+07:00,2024042601,009f1a9a-ff49-4524-9f71-b85fbefcd827,5ed245e0-7734-4376-b59a-7b1da93378a7,
12/9/2024,11:36:58,Belanda,,,,Black infant Juvenile 1 Naina,foraging without tools. Focal start. Pig island,RN,ct:a31304f7c3a74c3d0000000000000000,,,Save data,12/9/2024 4:52,12/9/2024 4:36,+07:00,2024042601,fb16652e-21e9-4f3c-ab49-9192d73d6337,b453d135-3d63-47e7-83d0-5082255e602b,
12/9/2024,11:33:57,Aura,,,Vula,,stone-tool use (oyster). Pig island. Focal end,RN,ct:a31304f7c3a74c3d0000000000000000,,,Save data,12/9/2024 4:33,12/9/2024 4:33,+07:00,2024042601,66dd051b-1280-4545-865b-7ceca48ab739,e40a2d94-45de-41fc-a8fc-5d31cbc28be4,
12/9/2024,11:18:09,Aura,,,Robin,,stone-tool use (oyster). Pig island. Focal start,RN,ct:a31304f7c3a74c3d0000000000000000,,,Save data,12/9/2024 4:33,12/9/2024 4:18,+07:00,2024042601,c5870e6f-2ec0-4d53-9387-a67fb8e96198,6a10e88c-c5f9-4bc5-8aef-35344051d9aa,
12/9/2024,11:15:56,Quindoline,,,,Juvenile 2,stone-tool use (oyster). Pig island. Focal end,RN,ct:a31304f7c3a74c3d0000000000000000,,,Save data,12/9/2024 4:15,12/9/2024 4:15,+07:00,2024042601,c32aa04a-972e-4bfe-ab98-3b104e170439,d584014b-3e72-43b4-9a11-22bd98d8cc22,
12/9/2024,11:00:06,Quindoline,,,,,stone-tool use (oyster). Pig island. Focal start,RN,ct:a31304f7c3a74c3d0000000000000000,,,Save data,12/9/2024 4:15,12/9/2024 4:00,+07:00,2024042601,d274ab1a-aec1-4ed9-8a93-98d122f77ffd,5167c90d-fd2a-46ed-9f63-786f4fa26fe6,
12/9/2024,10:54:20,Granny,,,Old infant Juvenile 1,,stone-tool use (oyster). Pig island. Focal end,RN,ct:a31304f7c3a74c3d0000000000000000,,,Save data,12/9/2024 3:54,12/9/2024 3:54,+07:00,2024042601,1e6e4e69-2cea-4b5e-a3ca-08e824ea035c,952c6d4b-5076-4f10-ba7d-d35b01ab79c1,
12/9/2024,10:38:33,Granny,,Old infant M_Adult,Old infant,,stone-tool use (oyster). Focal start,RN,ct:a31304f7c3a74c3d0000000000000000,,,Save data,12/9/2024 3:54,12/9/2024 3:38,+07:00,2024042601,e9d97512-334a-427d-8f61-7245cdaf0112,31153ffc-e947-4a18-95a1-fe2a59d80b0f,
12/9/2024,9:49:06,Flame,Boss,,,,grooming (emitter),RN,ct:a31304f7c3a74c3d0000000000000000,,,Save data,12/9/2024 2:49,12/9/2024 2:49,+07:00,2024042601,c9b45ce0-54e0-4f27-888d-1b39e125e14e,7953a060-d058-48be-974d-e7239eb34d49,
12/9/2024,9:33:18,Flame,,Ali,Taipan,Santa,stone-tool use (oyster). Focal start,RN,ct:a31304f7c3a74c3d0000000000000000,,,Save data,12/9/2024 2:49,12/9/2024 2:33,+07:00,2024042601,7de3b232-47a2-48b6-85a4-12a37805b495,559d98f7-f6b5-4c9b-a27a-bb2deb374b68,
12/9/2024,9:31:40,Flame,,,,Boss,rest. Focal start,RN,ct:a31304f7c3a74c3d0000000000000000,,,Save data,12/9/2024 2:49,12/9/2024 2:31,+07:00,2024042601,4ee2a143-9caa-4337-99cb-ccdcd1daae06,e37a92e4-210d-4404-8f06-dff47d28ccf7,
12/9/2024,9:26:52,Santa,,,Pat,,stone-tool use. Focal end,RN,ct:a31304f7c3a74c3d0000000000000000,,,Save data,12/9/2024 2:26,12/9/2024 2:26,+07:00,2024042601,f1ae732b-446c-45ba-be04-781a668c2089,cfc80703-6686-44de-8d33-84783e9de6e8,
12/9/2024,9:11:16,Santa,,,Taipan,,stone-tool use (oyster). Focal start,RN,ct:a31304f7c3a74c3d0000000000000000,,,Save data,12/9/2024 2:26,12/9/2024 2:11,+07:00,2024042601,405bc74e-c2e9-4843-bf69-609241e244e6,7cba01e4-c124-4039-a75e-5913ff52899b,
12/9/2024,9:08:19,Pat,,,,,move. Focal end,RN,ct:a31304f7c3a74c3d0000000000000000,,,Save data,12/9/2024 2:08,12/9/2024 2:08,+07:00,2024042601,1d234723-c414-4864-bef8-74439482ae5f,52e32931-5726-4a61-b304-a72007000a28,
12/9/2024,8:52:30,Pat,,,,Ali,stone-tool use. Focal start,RN,ct:a31304f7c3a74c3d0000000000000000,,,Save data,12/9/2024 2:08,12/9/2024 1:52,+07:00,2024042601,9b472888-e69d-44cd-bbf3-4a2afd2eccb3,e09f9223-156c-43d1-bb0f-a1a4cc728c66,
12/9/2024,8:20:21,Ali,,,,Pat,move. Focal end,RN,ct:a31304f7c3a74c3d0000000000000000,,,Save data,12/9/2024 1:20,12/9/2024 1:20,+07:00,2024042601,4e1b392f-3c32-4fd7-a57d-ee50a0c42715,992921a1-dff4-4661-9ae4-7685170e1c53,
12/9/2024,8:04:33,Ali,,,Pat,,move. Focal start,RN,ct:a31304f7c3a74c3d0000000000000000,,,Save data,12/9/2024 1:20,12/9/2024 1:04,+07:00,2024042601,5f224362-229b-4d5c-b003-db21027b849b,7f36ff42-c7b3-4a33-ace9-1e8b58428806,
12/11/2024,14:28:38,Harley,,M_Adult,,,rest. Focal start,RN,ct:a31304f7c3a74c3d0000000000000000,,,Save data,12/13/2024 0:34,12/11/2024 7:28,+07:00,2024042601,2fd86079-d164-4c6a-bd74-ccd42f036894,2b4b5b4f-d47e-46c3-89e2-9431c2a421e3,
12/11/2024,13:56:29,Naina,Black infant,,,,rest. Focal start,RN,ct:a31304f7c3a74c3d0000000000000000,,,Save data,12/13/2024 0:34,12/11/2024 6:56,+07:00,2024042601,ae888a4b-b569-4753-bca9-8503dac79d33,1351fcb7-a75f-42c7-addc-6c411f3fd077,
12/11/2024,13:44:56,Babosa,,,Old infant,,stone-tool use (oyster). Focal end,RN,ct:a31304f7c3a74c3d0000000000000000,,,Save data,12/11/2024 6:44,12/11/2024 6:44,+07:00,2024042601,c9997fbb-758e-4e8a-bd81-a6bb0494ccf7,d2c2fbcf-4c50-49fe-88ac-c1c1b357bbd6,
12/11/2024,13:29:05,Babosa,,,,,move. Focql start,RN,ct:a31304f7c3a74c3d0000000000000000,,,Save data,12/11/2024 6:44,12/11/2024 6:29,+07:00,2024042601,3dcbda65-6a71-4647-8424-b52294cb28cd,670207b2-3106-4c18-b395-09eaa8c15a22,
12/11/2024,12:45:04,Ted,,,,Old infant Juvenile 1 F_Subadult Granny,rest. Focal end,RN,ct:a31304f7c3a74c3d0000000000000000,,,Save data,12/11/2024 5:45,12/11/2024 5:45,+07:00,2024042601,50623698-291f-4722-bcf5-dcdc249efc0b,cac3201c-f0f9-40a8-8ff9-1b48d47a7e91,
12/11/2024,12:29:13,Ted,,F_Subadult Granny,,,rest. Focal start,RN,ct:a31304f7c3a74c3d0000000000000000,,,Save data,12/11/2024 5:45,12/11/2024 5:29,+07:00,2024042601,a48ef4b8-b135-4d21-8ede-9b83e94e2f39,9b49079e-686f-42f0-acc1-4770e6ef68dc,
12/11/2024,11:35:59,Iyla,,,,,foraging without tools. Focal end ,RN,ct:a31304f7c3a74c3d0000000000000000,,,Save data,12/11/2024 4:36,12/11/2024 4:35,+07:00,2024042601,7fd6d6ae-d42c-4f85-9a98-a7af287831a1,d96a8df9-e8d3-4d22-abf0-2b8e777c9066,
12/11/2024,11:20:26,Iyla,,,,,rest. Focal start,RN,ct:a31304f7c3a74c3d0000000000000000,,,Save data,12/11/2024 4:36,12/11/2024 4:20,+07:00,2024042601,0d88d3a6-4419-4e30-a378-1035e50a74f1,cda90c77-2a6a-4367-8c59-7a8f10d6ea30,
12/11/2024,10:53:02,Quindoline,,,,,stone-tool use (oyster). Focal end,RN,ct:a31304f7c3a74c3d0000000000000000,,,Save data,12/11/2024 3:53,12/11/2024 3:53,+07:00,2024042601,f505988e-74b6-4bf5-bea0-8e2dbe245c43,c4931278-8914-4b5d-bab2-5dd54bf93f66,
12/11/2024,10:37:24,Quindoline,,,,,stone-tool use (oyster). Focal start,RN,ct:a31304f7c3a74c3d0000000000000000,,,Save data,12/11/2024 3:37,12/11/2024 3:37,+07:00,2024042601,8b6c7088-ef8e-4472-9408-d0f30012a91a,2e41f09e-c11f-48c3-beb2-612bdc22d6b4,
12/11/2024,10:35:48,Vula,,,,Aura,stone-tool use (oyster). Focal end,RN,ct:a31304f7c3a74c3d0000000000000000,,,Save data,12/11/2024 3:35,12/11/2024 3:35,+07:00,2024042601,3e85e536-575f-43c5-8b3c-5dce43246ba2,43f5df49-025b-4637-be39-9db4eb6a89c7,
12/11/2024,10:20:03,Vula,,,,,stone-tool use (oyster). Focal start,RN,ct:a31304f7c3a74c3d0000000000000000,,,Save data,12/11/2024 3:35,12/11/2024 3:20,+07:00,2024042601,94fbe5df-f832-4c02-81a9-7b37e96ccaca,9df92b3a-27de-43b0-b657-07b1d1b6f747,
12/11/2024,10:05:00,Cacao,Kaya,,,Juvenile 2 Pat Iyla Oreo,Grooming. Focal end,RN,ct:a31304f7c3a74c3d0000000000000000,,,Save data,12/11/2024 3:05,12/11/2024 3:05,+07:00,2024042601,c4c4c1c9-6157-4446-b59b-63e3d93ab059,a3dff9e5-f8d3-4458-ae81-3703fec253dc,
12/11/2024,9:49:25,Cacao,Juvenile 2,,Iyla Oreo,,Grooming. Focal start,RN,ct:a31304f7c3a74c3d0000000000000000,,,Save data,12/11/2024 3:05,12/11/2024 2:49,+07:00,2024042601,9c24f567-ab3d-4aca-9930-d12d4120276f,33432720-6d43-4593-9bfd-bc27fec4fbf8,
12/11/2024,9:45:45,Aura,,Juvenile 2 Lip,,,rest. Focal start,RN,ct:a31304f7c3a74c3d0000000000000000,,,Save data,12/11/2024 3:05,12/11/2024 2:45,+07:00,2024042601,7ad295f1-adba-4faa-8423-b98b1604a798,4c1e22f5-aacf-4c70-9e4d-ba7771918972,
12/11/2024,9:30:03,Aura,Juvenile 2 Lip,,,,Grooming. Focal start,RN,ct:a31304f7c3a74c3d0000000000000000,,,Save data,12/11/2024 3:05,12/11/2024 2:30,+07:00,2024042601,eead13c8-ac0a-4f15-9a7f-13be7b394167,d21c69aa-3e59-4a15-8780-d0c42e2ab050,
12/11/2024,9:26:53,Pinky,Kal,Old infant,Juvenile 1 F_Subadult,Old infant Juvenile 1,Grooming. Focal end,RN,ct:a31304f7c3a74c3d0000000000000000,,,Save data,12/11/2024 2:26,12/11/2024 2:26,+07:00,2024042601,524f8990-7d02-4bd1-a176-2482824ad1b4,1592b401-0025-40e4-a3b0-ba7d5fdc6d60,
12/11/2024,9:11:11,Pinky,,,F_Subadult,,rest. Focal start,RN,ct:a31304f7c3a74c3d0000000000000000,,,Save data,12/11/2024 2:26,12/11/2024 2:11,+07:00,2024042601,2d875d5a-ecfa-434b-ae62-86935b02c83d,70d21155-b110-4630-a16c-e85a0cd17808,
12/13/2024,14:02:46,Flame,,F_Subadult,F_Subadult,,stone-tool use (oyste). Focal start. Pig island,RN,ct:a31304f7c3a74c3d0000000000000000,,,Save data,12/14/2024 23:46,12/13/2024 7:02,+07:00,2024042601,1dfdccd4-12bc-4324-a1d3-4fa60bbb70b8,b6fb69d0-8f28-4f0e-8b1c-9a0d1f14fcb6,
12/13/2024,13:56:56,Granny,,Old infant,,,stone-tool use (oyster). Pig island. Focal end,RN,ct:a31304f7c3a74c3d0000000000000000,,,Save data,12/13/2024 6:56,12/13/2024 6:56,+07:00,2024042601,9245813e-f81b-4020-a405-79535226ca28,85bfa416-741c-4023-b60f-2cd618ba4a1f,
12/13/2024,13:41:17,Granny,,,,Pinky,stone-tool use (oyster). Focal start. Pog island,RN,ct:a31304f7c3a74c3d0000000000000000,,,Save data,12/13/2024 6:56,12/13/2024 6:41,+07:00,2024042601,cf0268e0-f721-4b15-a524-8e28b77816be,d900fd9b-d584-425e-8235-eff11765364d,
12/13/2024,13:29:53,Dandi,,,,,stone-tool use (oyster). Focal end,RN,ct:a31304f7c3a74c3d0000000000000000,,,Save data,12/13/2024 6:56,12/13/2024 6:29,+07:00,2024042601,cd8fc364-034c-4027-9612-e2fded990bf4,214b75a4-b336-4cfd-ad51-479052362214,
12/13/2024,13:14:19,Dandi,,,,,foraging without tools. Focal start ,RN,ct:a31304f7c3a74c3d0000000000000000,,,Save data,12/13/2024 6:56,12/13/2024 6:14,+07:00,2024042601,3c6bd954-2039-41db-b09f-10933bb5700f,2085c396-7a6e-4388-a39c-c72a7bcdf285,
12/13/2024,13:11:36,Harley,,,,,stone-tool use (oyster). Focal end,RN,ct:a31304f7c3a74c3d0000000000000000,,,Save data,12/13/2024 6:11,12/13/2024 6:11,+07:00,2024042601,3494650b-4680-4303-9f68-69af7941fe38,8f3fdeaa-f3e3-474b-8539-fcc7d7e38384,
12/13/2024,12:55:59,Harley,Robin,,,,Grooming. Focal start,RN,ct:a31304f7c3a74c3d0000000000000000,,,Save data,12/13/2024 6:11,12/13/2024 5:55,+07:00,2024042601,1cde1ca3-bd0e-4b03-99b4-f763d97346fc,08cbee64-1714-4594-8bd3-96a8b4225852,
12/13/2024,12:38:03,Flame,Black infant Naina,,,,Grooming. Focal start,RN,ct:a31304f7c3a74c3d0000000000000000,,,Save data,12/13/2024 5:54,12/13/2024 5:38,+07:00,2024042601,a42a7fbd-eced-433a-ad16-1c278c58a4d0,591c5851-4261-4c58-ab0a-d09532f65ac7,
12/13/2024,12:33:40,Vula,,Old infant Iyla,,Old infant Quindoline,stone-tool use (oyster). Focal end,RN,ct:a31304f7c3a74c3d0000000000000000,,,Save data,12/13/2024 5:33,12/13/2024 5:33,+07:00,2024042601,83eee5f9-1ee8-45fd-af16-b0d257fe8129,7c98be19-a883-4b63-a80d-0b4d27e76fc8,
12/13/2024,12:17:41,Vula,,Old infant Juvenile 2,,,Grooming. Focal start,RN,ct:a31304f7c3a74c3d0000000000000000,,,Save data,12/13/2024 5:33,12/13/2024 5:17,+07:00,2024042601,3101f10e-f476-465c-8775-87c922cf7eb4,9b7c6d57-2bee-4363-8558-401e63fec38e,
12/13/2024,10:05:58,Robin,,,,,move. Focal star,RN,ct:a31304f7c3a74c3d0000000000000000,,,Save data,12/13/2024 5:17,12/13/2024 3:05,+07:00,2024042601,3bf2c95e-8433-49ce-ac1b-7bd1d6670221,a3e55171-bf1c-4bd1-a8bc-c5e284e043ed,
12/13/2024,9:16:27,Ted,,,Whitney,,rest. Focal end. ,RN,ct:a31304f7c3a74c3d0000000000000000,,,Save data,12/13/2024 2:16,12/13/2024 2:16,+07:00,2024042601,f85be2a9-6afc-4589-b990-abebc09075be,115d54f3-40dc-40ab-9cda-816aed2af75b,
12/13/2024,9:00:45,Ted,,Whitney,Juvenile 1,Belanda,rest. Focal start,RN,ct:a31304f7c3a74c3d0000000000000000,,,Save data,12/13/2024 2:16,12/13/2024 2:00,+07:00,2024042601,55d1ca36-f620-4b50-9619-b8b037028ebe,923d4c73-af19-41fe-87d5-72c2435ae363,
12/13/2024,8:55:28,Belanda,,,,,move. Focal end,RN,ct:a31304f7c3a74c3d0000000000000000,,,Save data,12/13/2024 1:55,12/13/2024 1:55,+07:00,2024042601,2a916008-07ae-4b93-b1f6-9d9130618e88,1fa109de-8fcb-49f8-864d-a0cbc2fd67c5,
12/13/2024,8:39:49,Belanda,,,,,rest. Focal start,RN,ct:a31304f7c3a74c3d0000000000000000,,,Save data,12/13/2024 1:55,12/13/2024 1:39,+07:00,2024042601,8f4d5a44-5d5e-4f8f-9261-929d1ac6a42b,348b3507-fe3d-4241-8486-38b43875a3e7,
12/13/2024,8:35:49,Babosa,,,,,rest. Focal end,RN,ct:a31304f7c3a74c3d0000000000000000,,,Save data,12/13/2024 1:35,12/13/2024 1:35,+07:00,2024042601,ef11317c-48b0-4369-b0cc-325ece789322,3c51c285-1e44-48f8-a5e1-688e21c2e92d,
12/13/2024,8:20:21,Babosa,,,,,rest. Focal end,RN,ct:a31304f7c3a74c3d0000000000000000,,,Save data,12/13/2024 1:20,12/13/2024 1:20,+07:00,2024042601,4a7383f5-90c5-4a0c-b116-43afd85ed569,63424fb2-e38e-48c0-a007-ada24d5d2865,
12/13/2024,8:19:24,Lip,Juvenile 2,,,,Grooming. Focal end,RN,ct:a31304f7c3a74c3d0000000000000000,,,Save data,12/13/2024 1:19,12/13/2024 1:19,+07:00,2024042601,2eb1510d-e750-49a5-9cd8-5f106a57209e,f21f7f56-38bf-488c-b0ae-dcbe15a051c3,
12/13/2024,8:03:51,Lip,,,,,foraging without tools. Focal start,RN,ct:a31304f7c3a74c3d0000000000000000,,,Save data,12/13/2024 1:19,12/13/2024 1:03,+07:00,2024042601,4d3c5619-3bb9-4f40-a8bb-88d21261e5cc,fbbf40c3-7245-4aa2-a3d4-5a32ae1e9444,
12/13/2024,7:50:30,Naina,Black infant,,,,rest. Focal end,RN,ct:a31304f7c3a74c3d0000000000000000,,,Save data,12/13/2024 0:50,12/13/2024 0:50,+07:00,2024042601,58a9dee4-9899-4b76-b192-7019ec8d748f,6b529ae3-5f96-4b99-8f81-acfe21ce441d,
12/13/2024,7:34:59,Naina,Black infant,,,Juvenile 2,rest. Focal start,RN,ct:a31304f7c3a74c3d0000000000000000,,,Save data,12/13/2024 0:50,12/13/2024 0:34,+07:00,2024042601,69e2930a-fec0-494e-ac03-158025550d5a,7b92e88c-cbff-40c6-8626-1723d4259168,
12/15/2024,11:58:02,Cacao,Kaya,Juvenile 1,,Betina Dandi,Grooming. Focal end,RN,ct:a31304f7c3a74c3d0000000000000000,,,Save data,12/15/2024 4:58,12/15/2024 4:58,+07:00,2024042601,a074b4e2-cca7-4e75-b6a1-7bafb524d2c1,84d8b645-6dc6-4c9e-9e4c-24d717f76e63,
12/15/2024,11:57:38,Cacao,Kaya,Black infant Juvenile 2 Betina Dandi Naina,Juvenile 2 Oreo,,grooming (receptor),RN,ct:a31304f7c3a74c3d0000000000000000,,,Individuals,12/15/2024 4:58,12/15/2024 4:57,+07:00,2024042601,a06b4f74-1a84-411e-948a-915e9ab92d94,10a37e09-d398-4087-8e22-e56a75881c0d,
12/15/2024,11:40:33,Granny,Juvenile 1 F_Subadult,Old infant,,,Grooming. Focal end,RN,ct:a31304f7c3a74c3d0000000000000000,,,Save data,12/15/2024 4:58,12/15/2024 4:40,+07:00,2024042601,8a4f5f15-2f50-4c6e-b9da-fd6641bc58ca,b78d86bd-b321-49cf-b5fd-e857a2b11e77,
12/15/2024,11:24:53,Granny,Juvenile 2,,Black infant Naina,,groom (receptor). Focal start,RN,ct:a31304f7c3a74c3d0000000000000000,,,Save data,12/15/2024 4:58,12/15/2024 4:24,+07:00,2024042601,1d62a8c2-9db9-4795-b691-1c191ec30926,e98580d2-4a32-4c19-a096-687564397020,
12/15/2024,11:22:21,Naina,Black infant Juvenile 2,Granny,,Dandi,Contact. Focal end,RN,ct:a31304f7c3a74c3d0000000000000000,,,Save data,12/15/2024 4:22,12/15/2024 4:22,+07:00,2024042601,28b301a0-efcb-47dc-b54a-abc075df9814,b0a8463d-39a0-4e13-86f2-bb19ef4d49c5,
12/15/2024,11:06:13,Naina,Black infant,Juvenile 1 Juvenile 2 Kal Pinky,Pat,Old infant Juvenile 1 Lady Boy Harley Robin Vula,rest. Focal start,RN,ct:a31304f7c3a74c3d0000000000000000,,,Save data,12/15/2024 4:22,12/15/2024 4:06,+07:00,2024042601,2e1dd6cc-d860-40ef-abc4-e5887bcb972b,6fa50347-b7f1-4f08-9f60-5a083f566acb,
12/15/2024,10:50:05,Vula,Old infant Juvenile 1,Juvenile 2,Black infant Juvenile 2 Kal Pat Naina,Juvenile 2 Pinky,rest (being groomed). Focal end,RN,ct:a31304f7c3a74c3d0000000000000000,,,Save data,12/15/2024 3:50,12/15/2024 3:50,+07:00,2024042601,f779968d-6b77-4ef3-9dde-bd220ee81990,31c04446-1f4e-48f2-ade7-7cc02e5658ba,
12/15/2024,10:33:51,Vula,,,,,rest. Focal start,RN,ct:a31304f7c3a74c3d0000000000000000,,,Save data,12/15/2024 3:50,12/15/2024 3:33,+07:00,2024042601,83756bff-9f30-466f-9a80-a280ad80fdaf,9f726392-3b01-4ff4-8ce7-79d03e0118ef,
12/15/2024,10:31:09,Dandi,,,,,rest. Focal end,RN,ct:a31304f7c3a74c3d0000000000000000,,,Save data,12/15/2024 3:31,12/15/2024 3:31,+07:00,2024042601,82e67388-065f-4303-a8a2-6a4cb4455800,28507a5a-b246-4f97-88a6-de8bdc9a12cb,
12/15/2024,10:15:18,Dandi,,,F_Subadult,,rest. Focal start,RN,ct:a31304f7c3a74c3d0000000000000000,,,Save data,12/15/2024 3:31,12/15/2024 3:15,+07:00,2024042601,c7c20346-de9d-41d3-b63f-c9bf9ca1bfa7,8718970f-dad2-42e6-974f-7cb2ab0ac9c3,
12/15/2024,10:06:58,Belanda,F_Subadult,,,,rest (being groomed). Focal end,RN,ct:a31304f7c3a74c3d0000000000000000,,,Save data,12/15/2024 3:06,12/15/2024 3:06,+07:00,2024042601,728ca77f-edb2-4094-8705-dc5aa0612c00,0a03eafd-6919-4f10-97cd-f8074820070a,
12/15/2024,9:51:21,Belanda,,,,,rest. Focal start,RN,ct:a31304f7c3a74c3d0000000000000000,,,Save data,12/15/2024 3:06,12/15/2024 2:51,+07:00,2024042601,1119079c-db52-4954-8c84-bb945a89aadd,c4dc11a1-a823-4c03-9e9f-46e7ba5d9d26,
12/15/2024,9:39:14,Lady Boy,,,,Juvenile 2,rest. Focal start,RN,ct:a31304f7c3a74c3d0000000000000000,,,Save data,12/15/2024 3:06,12/15/2024 2:39,+07:00,2024042601,ac2c0b78-ffe4-4aa1-a54a-e8278dd4edb2,e5d91ccb-8b0d-4e4f-9b75-588af1ffc1e6,
12/15/2024,9:21:33,Flame,Juvenile 2,,,,rest. Focal end,RN,ct:a31304f7c3a74c3d0000000000000000,,,Save data,12/15/2024 2:21,12/15/2024 2:21,+07:00,2024042601,54784a10-3ffb-4d8c-90e0-7aa5fbb3698d,e4ffdda5-2aa0-4862-a5f7-a918ee4d6958,
12/15/2024,9:05:59,Flame,,,,Belanda,rest. Focal start,RN,ct:a31304f7c3a74c3d0000000000000000,,,Save data,12/15/2024 2:21,12/15/2024 2:05,+07:00,2024042601,15e80424-aeae-416b-8d75-a867761daf05,276a38f9-4e36-40af-8f32-008ac733537d,
12/15/2024,8:57:54,Flame,Kal,,,,Grooming. Focal start,RN,ct:a31304f7c3a74c3d0000000000000000,,,Save data,12/15/2024 2:21,12/15/2024 1:57,+07:00,2024042601,c48d38ca-7802-4f18-95ae-c6eb8c5b8184,cad02a55-b97b-4b91-a705-f6dcb0209b99,
12/15/2024,8:10:55,Kaya,,,,,rest. Focal start,RN,ct:a31304f7c3a74c3d0000000000000000,,,Save data,12/15/2024 2:21,12/15/2024 1:10,+07:00,2024042601,1c0452e2-91f6-4a1b-9d41-240a3c3390fa,abc70a4e-e422-425c-993d-d95058ca71d5,
12/15/2024,8:00:56,Pinky,,,,,foraging without tools. Focak end,RN,ct:a31304f7c3a74c3d0000000000000000,,,Save data,12/15/2024 1:00,12/15/2024 1:00,+07:00,2024042601,d65e8f87-b9c4-42e3-8bef-2935ea06bb12,9e3ec041-0356-4702-9091-7027a95060c1,
12/15/2024,7:45:08,Pinky,,,,F_Subadult,rest. Focal start,RN,ct:a31304f7c3a74c3d0000000000000000,,,Save data,12/15/2024 1:00,12/15/2024 0:45,+07:00,2024042601,eb1a773a-ef5a-4bcb-9286-e4c91c74d889,b32be54e-1724-4ce2-952b-3b0ed12f7438,
12/15/2024,7:37:45,Robin,,,,,move. Focal end,RN,ct:a31304f7c3a74c3d0000000000000000,,,Save data,12/15/2024 0:37,12/15/2024 0:37,+07:00,2024042601,683de11a-4c75-4c01-af5a-97b0d31a7349,57eb917f-a6a8-4431-b90c-04d2ed0ef1f8,
12/15/2024,7:22:16,Robin,,,,Pat Aura,foraging without tools. Focal start,RN,ct:a31304f7c3a74c3d0000000000000000,,,Save data,12/15/2024 0:37,12/15/2024 0:22,+07:00,2024042601,b95a5b40-aa66-4ef7-ad70-edd48ae36243,fe66834d-145a-4888-81fb-15985116d53d,
12/15/2024,7:20:40,Jim Lim,,,Robin,,move. Focal end,RN,ct:a31304f7c3a74c3d0000000000000000,,,Save data,12/15/2024 0:20,12/15/2024 0:20,+07:00,2024042601,a13ff76d-042d-4493-8687-97bd428093b6,d02ecb54-9b21-4aeb-8949-844eefa1cb95,
12/15/2024,7:05:04,Jim Lim,,,,,rest. Fkcal start,RN,ct:a31304f7c3a74c3d0000000000000000,,,Save data,12/15/2024 0:20,12/15/2024 0:05,+07:00,2024042601,e0e854d2-5330-4934-a276-667126fb811c,66e5f6b4-9440-4629-9829-c846aa8d0466,
12/15/2024,7:02:33,Aura,,,,,stone-tool use. Focal end,RN,ct:a31304f7c3a74c3d0000000000000000,,,Save data,12/15/2024 0:02,12/15/2024 0:02,+07:00,2024042601,632443da-8575-4158-ae4d-be656bead3d5,50955a75-6c9c-4c66-bc55-7188e87a45f8,
12/15/2024,6:47:02,Aura,,,,,foraging without tools. Focal start ,RN,ct:a31304f7c3a74c3d0000000000000000,,,Save data,12/15/2024 0:02,12/14/2024 23:47,+07:00,2024042601,f3203831-90e2-433a-a4eb-ba64fb700ce8,a531e636-dfe9-4290-bac9-1f86944ecbab,
12/16/2024,15:03:38,Kaya,,,,,stone-tool use. Focal end,RN,ct:a31304f7c3a74c3d0000000000000000,,,Save data,12/16/2024 8:03,12/16/2024 8:03,+07:00,2024042601,59efb3fd-572c-4ccb-aefe-976e4cecdcde,81b1b7c0-ec43-4837-9a08-fdbaa939f953,
12/16/2024,14:47:19,Kaya,,,,,stone-tool use (oyster). Focal start,RN,ct:a31304f7c3a74c3d0000000000000000,,,Save data,12/16/2024 8:03,12/16/2024 7:47,+07:00,2024042601,0d5aaafc-2fde-4586-8073-13b2a98b94b7,e25246fb-2dd9-44f6-9509-cf3055aefe0e,
12/16/2024,13:06:28,Iyla,Juvenile 2,Black infant Juvenile 2 Naina,Juvenile 1,F_Subadult Pinky,Grooming (receptor). Focal end,RN,ct:a31304f7c3a74c3d0000000000000000,,,Save data,12/16/2024 6:06,12/16/2024 6:06,+07:00,2024042601,968c48a6-0c11-4018-8317-1df2df93c944,4fccf8c0-f4c9-4e3d-a1ac-947f40e8cc8f,
12/16/2024,12:50:35,Iyla,Quindoline,,,Juvenile 1 Pinky,Grooming. Focal start,RN,ct:a31304f7c3a74c3d0000000000000000,,,Save data,12/16/2024 6:06,12/16/2024 5:50,+07:00,2024042601,924b8d31-4fa8-4265-99dc-7bb5f02344ab,afcd66e0-b4cd-4652-8c0c-bec10cb4ae1b,
12/16/2024,12:33:24,Santa,F_Subadult,,,M_Adult F_Subadult,Grooming (receptor). Focal start,RN,ct:a31304f7c3a74c3d0000000000000000,,,Save data,12/16/2024 6:06,12/16/2024 5:33,+07:00,2024042601,e0568de4-8296-436a-ac2f-597595e5b8ec,5082146e-4a23-4a8e-8ae8-f3ed542e71b4,
12/16/2024,12:11:49,Betina,Dandi,,,,Grooming (receptor). Focal end,RN,ct:a31304f7c3a74c3d0000000000000000,,,Save data,12/16/2024 5:11,12/16/2024 5:11,+07:00,2024042601,6ea7fac3-d598-4d4c-b5d8-a864521ca931,0d3c9e1b-0dd1-4282-b9d3-301bb35270a0,
12/16/2024,11:55:59,Betina,,,,,rest. Focal start,RN,ct:a31304f7c3a74c3d0000000000000000,,,Save data,12/16/2024 5:11,12/16/2024 4:55,+07:00,2024042601,e2831a32-2f15-4152-888e-d031f5024c3b,3bb597e3-f876-49ad-b65f-44ae88e757a1,
12/16/2024,11:40:59,Robin,Harley,,,,Grooming. Focal end ,RN,ct:a31304f7c3a74c3d0000000000000000,,,Save data,12/16/2024 4:41,12/16/2024 4:40,+07:00,2024042601,0017476e-a410-4270-ab06-edd78e55d058,cdd76140-c3c4-4c3a-b18b-fc1e04a78a41,
12/16/2024,11:25:49,Robin,Harley,,,Juvenile 1,Grooming (receptor). Focal start,RN,ct:a31304f7c3a74c3d0000000000000000,,,Save data,12/16/2024 4:41,12/16/2024 4:25,+07:00,2024042601,782222a6-1652-4006-a523-ad809a18bceb,680aab2a-0658-4a81-858d-1f87a85822a6,
12/16/2024,11:14:06,Betina,,,,,rest. Focal start,RN,ct:a31304f7c3a74c3d0000000000000000,,,Save data,12/16/2024 4:41,12/16/2024 4:14,+07:00,2024042601,d9797b4f-5dbc-4681-888d-f0aab474e33e,967629b2-2f4a-4dec-8cbf-fceead03eabd,
12/16/2024,10:55:59,Vula,,,,,Grooming. Focal end,RN,ct:a31304f7c3a74c3d0000000000000000,,,Save data,12/16/2024 3:56,12/16/2024 3:55,+07:00,2024042601,1e08287e-5861-4442-b071-dfc7a851ceff,8260df03-0f54-4d11-9def-7856345103bd,
12/16/2024,10:41:11,Vula,Old infant Lip,,,,rest. Focal start,RN,ct:a31304f7c3a74c3d0000000000000000,,,Save data,12/16/2024 3:56,12/16/2024 3:41,+07:00,2024042601,90f0a912-c427-40f5-9e7e-75dd1cf2c7a1,c2ded34e-e79d-4f7a-afc9-116cd549244e,
12/16/2024,10:35:24,Ali,,,,,rest. Focal start,RN,ct:a31304f7c3a74c3d0000000000000000,,,Save data,12/16/2024 3:56,12/16/2024 3:35,+07:00,2024042601,182ef336-fbb5-4e9f-bdfb-9035fd609426,6b4ebbbb-b934-4603-95ef-3c6bf68ab336,
12/16/2024,9:48:52,Quindoline,,,Old infant,,climb. Focal start ,RN,ct:a31304f7c3a74c3d0000000000000000,,,Save data,12/16/2024 3:56,12/16/2024 2:48,+07:00,2024042601,87953893-c845-4fa5-8186-762706a8e5f7,3883f1ae-e138-4ed5-94c8-0c7b5c9421a7,
12/16/2024,9:47:15,Pat,,,Old infant,,climb. Focal end,RN,ct:a31304f7c3a74c3d0000000000000000,,,Save data,12/16/2024 2:47,12/16/2024 2:47,+07:00,2024042601,669d70e7-01d8-4b3b-b418-6455deb1792b,575094ed-3a5b-4479-8ae5-d254afb51bed,
12/16/2024,9:32:04,Pat,,,,,rest. Focal start,RN,ct:a31304f7c3a74c3d0000000000000000,,,Save data,12/16/2024 2:47,12/16/2024 2:32,+07:00,2024042601,88bbf067-89df-423c-8906-6378544b8b96,457df1cc-7c21-4462-b148-94bdffaf3fd2,
12/16/2024,8:55:38,Granny,Old infant F_Subadult,,,,Grooming. Focal end,RN,ct:a31304f7c3a74c3d0000000000000000,,,Save data,12/16/2024 1:55,12/16/2024 1:55,+07:00,2024042601,1aa15e6e-b751-4192-9ab7-5b0bf1c93630,5ba10347-6a2a-46b0-9296-a3e835cfd2d9,
12/16/2024,8:40:10,Granny,Old infant F_Subadult,,,,Grooming. Focal start,RN,ct:a31304f7c3a74c3d0000000000000000,,,Save data,12/16/2024 1:55,12/16/2024 1:40,+07:00,2024042601,22f7eb7d-080f-4117-829b-bb2b0f007dc0,7ea6aa51-5420-4287-836a-c8ea517324a0,
12/16/2024,8:34:22,Lip,,Old infant,,Juvenile 1,rest. Focal end,RN,ct:a31304f7c3a74c3d0000000000000000,,,Save data,12/16/2024 1:34,12/16/2024 1:34,+07:00,2024042601,3f486916-95d4-4f7a-91c0-aa5cf80f982e,fb8f5576-c715-4663-a1d4-587c85372c8b,
12/16/2024,8:18:47,Lip,Old infant,,,,rest. Focal start,RN,ct:a31304f7c3a74c3d0000000000000000,,,Save data,12/16/2024 1:34,12/16/2024 1:18,+07:00,2024042601,4227bfda-aebb-4799-9c5b-9f1b2c7e74e0,93d11f87-9f38-4dfc-8042-e11c0445c56e,
12/16/2024,7:52:34,Yaiko,,,,,foraging without tools. Focal start,RN,ct:a31304f7c3a74c3d0000000000000000,,,Save data,12/16/2024 1:34,12/16/2024 0:52,+07:00,2024042601,36562431-7bfc-413f-9fca-709c667441e8,16851f9f-c346-41e1-a38f-3f829203932e,
12/16/2024,7:45:13,Harley,,,,,move. Focal end,RN,ct:a31304f7c3a74c3d0000000000000000,,,Save data,12/16/2024 0:45,12/16/2024 0:45,+07:00,2024042601,07cf488c-a436-47bf-be77-f0c3517eec7f,777dbc2f-d364-46e9-aaa9-92fc12fb3ead,
12/16/2024,7:27:51,Harley,,Ted,,Babosa,foraging without tools. Focal start,RN,ct:a31304f7c3a74c3d0000000000000000,,,Save data,12/16/2024 0:45,12/16/2024 0:27,+07:00,2024042601,8f95a19b-e057-4130-a140-b9fc715ad957,33421238-6a42-47a5-a0dc-96d7f406d427,
12/18/2024,16:14:54,Robin,,,,,stone-tool use (oyster). Focal end,RN,ct:a31304f7c3a74c3d0000000000000000,,,Save data,12/18/2024 9:14,12/18/2024 9:14,+07:00,2024042601,a652c5ce-7dce-469f-aeb5-76b418890a07,283a8013-cdfc-4d12-bcb2-e2efeebd7ca1,
12/18/2024,15:58:20,Robin,,M_Subadult,,,rest. Focal start,RN,ct:a31304f7c3a74c3d0000000000000000,,,Save data,12/18/2024 9:14,12/18/2024 8:58,+07:00,2024042601,6f97fb71-efe4-4527-9cbe-2b8f1a3cedda,a5fa70cf-4dcd-4772-8341-6bca82cdd7a7,
12/18/2024,15:41:30,Iyla,,,,Quindoline,search. Focal end,RN,ct:a31304f7c3a74c3d0000000000000000,,,Save data,12/18/2024 8:41,12/18/2024 8:41,+07:00,2024042601,e12f34e6-aa43-47a1-94fa-cdda62fa8b3b,b8b47218-fad7-47ef-835a-a7388baf302b,
12/18/2024,15:26:00,Iyla,Quindoline,,,,Grooming (receptor). Focal etart,RN,ct:a31304f7c3a74c3d0000000000000000,,,Save data,12/18/2024 8:41,12/18/2024 8:26,+07:00,2024042601,974585f9-83e1-445c-86d5-3fc5eb3018ea,b91941f5-994e-4ebf-8af8-ace70be79437,
12/18/2024,15:09:00,Granny,,,Juvenile 2 Kaya,Babosa,stone-tool use. Focal start,RN,ct:a31304f7c3a74c3d0000000000000000,,,Save data,12/18/2024 8:41,12/18/2024 8:09,+07:00,2024042601,2867e348-f7e3-4032-9bed-d11617c3fd28,64abb745-4da9-4bab-81d9-bb401a0305c8,
12/18/2024,11:49:01,Jim Lim,,,,Black infant Naina,climb. Focal end,RN,ct:a31304f7c3a74c3d0000000000000000,,,Save data,12/18/2024 4:49,12/18/2024 4:49,+07:00,2024042601,fe44187c-7aa4-4e5b-af6b-9fb4ae74ea19,1f9e6b5e-7a53-4abe-9fc7-2f796403ba7a,
12/18/2024,11:32:46,Jim Lim,,,,,foraging without tools. Focal start,RN,ct:a31304f7c3a74c3d0000000000000000,,,Save data,12/18/2024 4:49,12/18/2024 4:32,+07:00,2024042601,f451867b-81d1-457e-8a6f-87cd638a4c52,e24b6903-fb96-469b-aac3-71d826173bf6,
12/18/2024,11:12:35,Ted,,Old infant,Old infant,,rest. Focal start,RN,ct:a31304f7c3a74c3d0000000000000000,,,Save data,12/18/2024 4:49,12/18/2024 4:12,+07:00,2024042601,c32ecf66-4146-495f-9867-016790b8457d,1695dd4f-c04f-4f85-bdf9-df1cfdd0d762,
12/18/2024,11:05:22,Oreo,,,,,rest. Focal end,RN,ct:a31304f7c3a74c3d0000000000000000,,,Save data,12/18/2024 4:05,12/18/2024 4:05,+07:00,2024042601,f1293a1f-def2-4ca1-8614-ba171e73ab1b,608783af-e696-4b00-a6f2-fc3c76eb9a93,
12/18/2024,10:50:05,Oreo,,,,,rest. Focal start,RN,ct:a31304f7c3a74c3d0000000000000000,,,Save data,12/18/2024 4:05,12/18/2024 3:50,+07:00,2024042601,98c91cdb-cf84-44d6-b438-be03eb55185f,7249dacc-dba2-422a-a926-8ecbe5744848,
12/18/2024,10:23:40,Cacao,,,Ted,Juvenile 1,foraging without tools. Focal start,RN,ct:a31304f7c3a74c3d0000000000000000,,,Save data,12/18/2024 3:38,12/18/2024 3:23,+07:00,2024042601,0afddda8-4016-4a6d-988c-a981bce2184c,fb56cf6b-1b41-423d-84d0-1fd811f5d38c,
12/18/2024,10:10:30,Babosa,,,,Ted Tutu,foraging without tools. Focal end,RN,ct:a31304f7c3a74c3d0000000000000000,,,Save data,12/18/2024 3:10,12/18/2024 3:10,+07:00,2024042601,2bbbb636-0f8e-41af-8afa-539ecaa33538,7fee294a-cc1c-48e6-b05b-3e6628ae5108,
12/18/2024,9:54:53,Babosa,,,,,foraging without tools. Focal start,RN,ct:a31304f7c3a74c3d0000000000000000,,,Save data,12/18/2024 3:10,12/18/2024 2:54,+07:00,2024042601,9fbc414a-8f94-44ac-8fe0-96ec38b48c72,7bcb5d60-d248-4b29-ad1e-85777f04c7c6,
12/18/2024,9:47:16,Whitney,,,,,move. Focal end,RN,ct:a31304f7c3a74c3d0000000000000000,,,Save data,12/18/2024 2:47,12/18/2024 2:47,+07:00,2024042601,2b09e245-f1ae-40cf-a5b8-b82f808de530,03ddb19f-a9c2-405f-a9ba-768909b95ac9,
12/18/2024,9:31:47,Whitney,Juvenile 2,Juvenile 1 Babosa,F_Subadult Pinky,,Grooming (receptor). Focal start,RN,ct:a31304f7c3a74c3d0000000000000000,,,Save data,12/18/2024 2:47,12/18/2024 2:31,+07:00,2024042601,de13696e-ffc1-4855-b8c3-c97d4e6e1463,d8e12918-efe0-4632-a56e-20889dcba97a,
12/18/2024,9:03:45,Quindoline,,,,,foraging without tools. Focal start,RN,ct:a31304f7c3a74c3d0000000000000000,,,Save data,12/18/2024 2:47,12/18/2024 2:03,+07:00,2024042601,16cdd787-adb2-4476-94cf-3cb01ab569de,8f17be0d-e700-4fc4-aad8-4a57b9f2dbbd,
12/18/2024,8:59:26,Vula,Old infant Juvenile 2,,,,Grooming (receptor). Focal end,RN,ct:a31304f7c3a74c3d0000000000000000,,,Save data,12/18/2024 1:59,12/18/2024 1:59,+07:00,2024042601,27a5faf3-7da4-4d58-8fff-ef06be2c468b,b172e043-8d5e-4288-8ad7-f6c24685397e,
12/18/2024,8:43:32,Vula,Old infant Whitney,,Juvenile 2 Ted,Old infant Juvenile 2 Granny,Grooming (receptor). Focal start,RN,ct:a31304f7c3a74c3d0000000000000000,,,Save data,12/18/2024 1:59,12/18/2024 1:43,+07:00,2024042601,8635493f-a2a9-4c12-a723-1bb027e4d02d,714a69e2-3ecb-48e8-899b-4f1d664e5457,
12/18/2024,8:34:30,Dandi,,,,,foraging without tools. Focal end,RN,ct:a31304f7c3a74c3d0000000000000000,,,Save data,12/18/2024 1:59,12/18/2024 1:34,+07:00,2024042601,a924eae7-a5d9-49de-ac30-e053a2bd02fd,5676a373-7e89-43d9-9299-251f3b7dd72c,
12/18/2024,8:17:39,Dandi,,,Yaiko,,stone-tool use. Focal start,RN,ct:a31304f7c3a74c3d0000000000000000,,,Save data,12/18/2024 1:59,12/18/2024 1:17,+07:00,2024042601,3a8a825b-be76-43e9-9966-b04c7d740914,afa35408-0128-479d-b01b-0d0a4bc39419,
12/18/2024,8:06:29,Flame,,,,,move. Focal end,RN,ct:a31304f7c3a74c3d0000000000000000,,,Save data,12/18/2024 1:06,12/18/2024 1:06,+07:00,2024042601,98f44aa8-8a91-4ba0-b82e-80c65b2336f0,d33ef613-f60a-4ba2-9e14-beb637f15bcb,
12/18/2024,7:50:05,Flame,,,,,search. Focal start,RN,ct:a31304f7c3a74c3d0000000000000000,,,Save data,12/18/2024 1:06,12/18/2024 0:50,+07:00,2024042601,50ed6b1e-0b8d-432e-84e0-e4f1938e6609,e0fb911f-08e0-47ea-94ff-a10806d1a22d,
12/19/2024,9:42:33,Jim Lim,,,,Juvenile 2,foraging without tools. Focal end,RN,ct:a31304f7c3a74c3d0000000000000000,,,Save data,12/19/2024 2:42,12/19/2024 2:42,+07:00,2024042601,18c504a9-915d-4722-8ed1-7dd0907957b4,e45998a1-1c26-4cf8-89a9-f8b23b601ca6,
12/19/2024,9:27:01,Jim Lim,,,,Juvenile 2,rest. Focal start,RN,ct:a31304f7c3a74c3d0000000000000000,,,Save data,12/19/2024 2:42,12/19/2024 2:27,+07:00,2024042601,00f4a162-5283-4dc1-b0cf-6b737dca831b,f98fc364-5d0c-40b5-ab4a-b3cc650ae4c8,
12/19/2024,9:24:35,Flame,,,,,rest. Focal end,RN,ct:a31304f7c3a74c3d0000000000000000,,,Save data,12/19/2024 2:24,12/19/2024 2:24,+07:00,2024042601,f97c64b6-eb28-4b3d-8c41-187d1be82436,2ac91c16-e557-4d92-b1a5-e5b699ac19f4,
12/19/2024,9:09:08,Flame,,,,,foraging without tools. Focal start ,RN,ct:a31304f7c3a74c3d0000000000000000,,,Save data,12/19/2024 2:24,12/19/2024 2:09,+07:00,2024042601,957a9456-8568-4064-b35a-1a801b9e9f5b,a68797a1-0843-48bf-81f7-02e86b46231e,
12/19/2024,9:06:14,Harley,,,,,foraging without tools. Focal end,RN,ct:a31304f7c3a74c3d0000000000000000,,,Save data,12/19/2024 2:06,12/19/2024 2:06,+07:00,2024042601,480c5035-94ba-4787-9c40-5874f5610707,c6daf889-bdda-449f-a140-ac47d90590f1,
12/19/2024,8:50:09,Harley,,,,,search. Focal start,RN,ct:a31304f7c3a74c3d0000000000000000,,,Save data,12/19/2024 2:06,12/19/2024 1:50,+07:00,2024042601,dfe8b96e-b0e1-4e1e-b150-01e277e785a8,92d50715-083a-4174-a010-5df0a014f88e,
12/19/2024,8:46:49,Pinky,,,,,foraging without tools. Focal end,RN,ct:a31304f7c3a74c3d0000000000000000,,,Save data,12/19/2024 1:46,12/19/2024 1:46,+07:00,2024042601,c8f7733e-b522-4eeb-be43-8e4a7f2c30b0,0ba4be34-97c9-4f2b-89d1-d777a412c5ca,
12/19/2024,8:31:18,Pinky,,,,Granny,search. Focal start,RN,ct:a31304f7c3a74c3d0000000000000000,,,Save data,12/19/2024 1:46,12/19/2024 1:31,+07:00,2024042601,58c1e72e-8827-4c6d-8256-702e81313e28,747fa3a6-0448-40e8-9c15-ed2db0483cfb,
12/20/2024,15:14:01,Jim Lim,Juvenile 2,,Juvenile 2 Iyla,,Grooming (receptor). Focal end,RN,ct:a31304f7c3a74c3d0000000000000000,,,Save data,12/20/2024 8:14,12/20/2024 8:14,+07:00,2024042601,2e0d861d-7938-4edc-9f67-71005171e936,a3c8ea03-e30e-46b4-902a-c73ebabedcff,
12/20/2024,14:58:15,Jim Lim,Juvenile 2,,,,Grooming. Focal start,RN,ct:a31304f7c3a74c3d0000000000000000,,,Save data,12/20/2024 8:14,12/20/2024 7:58,+07:00,2024042601,c00277a0-12ab-4ec9-ac68-3c487b4433ba,4bfc5575-5507-4a4e-8d1f-09b91f7128d3,
12/20/2024,11:26:35,Betina,,,,,rest. Focal start,RN,ct:a31304f7c3a74c3d0000000000000000,,,Save data,12/20/2024 7:57,12/20/2024 4:26,+07:00,2024042601,11292f5e-c6ab-465b-acfa-919b5e977b0e,ac74bf37-f7f4-41f8-a312-2ef17368977f,
12/20/2024,11:06:50,Iyla,Quindoline,,Ali,Old infant,Grooming. Focal end,RN,ct:a31304f7c3a74c3d0000000000000000,,,Save data,12/20/2024 4:07,12/20/2024 4:06,+07:00,2024042601,68d7d3fd-586d-406d-b16f-dd803cbbb09a,6be5546c-bd4d-485d-b897-f566e0c23b02,
12/20/2024,10:51:12,Iyla,Ali,,,,Grooming. Focal start,RN,ct:a31304f7c3a74c3d0000000000000000,,,Save data,12/20/2024 4:07,12/20/2024 3:51,+07:00,2024042601,591c8d1a-0207-4a3e-956f-114320c1cd10,d1301bcc-6b3d-41a8-9b54-91641bd40830,
12/20/2024,10:17:27,Quindoline,,Old infant,,,rest. Focal end,RN,ct:a31304f7c3a74c3d0000000000000000,,,Save data,12/20/2024 3:17,12/20/2024 3:17,+07:00,2024042601,c3191b4d-980a-4534-a07a-23b0b150fa57,1162441c-85bc-4b5b-a892-e47220c53996,
12/20/2024,10:01:39,Quindoline,Old infant,,,,Grooming. Focal start,RN,ct:a31304f7c3a74c3d0000000000000000,,,Save data,12/20/2024 3:17,12/20/2024 3:01,+07:00,2024042601,f4c51182-3c1c-47a4-82df-dd0aa4adb4aa,5b20e624-2e61-4291-9245-48d151b50a8a,
12/20/2024,9:59:08,Vula,,,,,rest. Focal end,RN,ct:a31304f7c3a74c3d0000000000000000,,,Save data,12/20/2024 2:59,12/20/2024 2:59,+07:00,2024042601,bd60e26e-37a4-4e75-b988-a54f09d8f43c,53984c2c-d8cd-4f21-870e-4236889669ad,
12/20/2024,9:43:36,Vula,,Black infant Naina,,,rest. Focal start,RN,ct:a31304f7c3a74c3d0000000000000000,,,Save data,12/20/2024 2:59,12/20/2024 2:43,+07:00,2024042601,db0e4a2e-f354-494b-b123-7437eadb9f2e,e8127ad9-469d-4596-b656-e21e51a0560a,
12/20/2024,9:24:37,Naina,,Black infant,,,rest. Focal end,RN,ct:a31304f7c3a74c3d0000000000000000,,,Save data,12/20/2024 2:24,12/20/2024 2:24,+07:00,2024042601,6ee8c596-0833-4616-9376-b5e63773235f,379dd06b-e547-434a-9cd2-09308b057d60,
12/20/2024,9:09:17,Naina,Black infant,,,,rest. Focal start,RN,ct:a31304f7c3a74c3d0000000000000000,,,Save data,12/20/2024 2:24,12/20/2024 2:09,+07:00,2024042601,520d7685-6381-4110-a9de-732f81f8543b,64e11452-79f8-459f-9c91-3738881ce63b,
12/20/2024,9:00:42,Ali,,,,,rest. Focal end,RN,ct:a31304f7c3a74c3d0000000000000000,,,Save data,12/20/2024 2:00,12/20/2024 2:00,+07:00,2024042601,89b4558a-e044-4b3a-999c-7505adb83396,d97786f9-c72e-48a5-8035-2eac701d46c6,
12/20/2024,8:45:16,Ali,,Aura,,,rest. Focal start,RN,ct:a31304f7c3a74c3d0000000000000000,,,Save data,12/20/2024 2:00,12/20/2024 1:45,+07:00,2024042601,3c01c8f1-0ff7-43ef-bb6d-e3260938b901,4e3e5cf1-f8f0-4d55-97b6-16bfea4e77b3,
12/20/2024,8:42:08,Aura,,,,,rest. Focak end,RN,ct:a31304f7c3a74c3d0000000000000000,,,Save data,12/20/2024 1:42,12/20/2024 1:42,+07:00,2024042601,a6f8e171-d624-42ac-9964-e4ddb0f59764,b8f5677a-58f1-4ba8-a823-f57cdef9898d,
12/20/2024,8:26:59,Aura,,,,,stone-tool use. Focal start,RN,ct:a31304f7c3a74c3d0000000000000000,,,Save data,12/20/2024 1:42,12/20/2024 1:26,+07:00,2024042601,37ca4bc7-8612-4627-9bfc-04b45ebc4c97,4a2a40e6-6819-41fc-8e64-c1925388900e,
12/20/2024,8:02:56,Granny,,,,,stone-tool use. Focal end,RN,ct:a31304f7c3a74c3d0000000000000000,,,Save data,12/20/2024 1:02,12/20/2024 1:02,+07:00,2024042601,1f2974e0-d2fc-44ab-89c2-255daad7715a,11ee2fff-a704-4860-af77-a0e8e7bd9749,
12/20/2024,7:46:14,Granny,,,,,foraging without tools. Focal start,RN,ct:a31304f7c3a74c3d0000000000000000,,,Save data,12/20/2024 1:02,12/20/2024 0:46,+07:00,2024042601,e35250c1-f637-4503-a3cf-19fa381d7751,7f89dc60-fe5e-4943-9ca3-a4d857c31f86,
12/20/2024,7:20:19,Santa,,,,,move. Focal end,RN,ct:a31304f7c3a74c3d0000000000000000,,,Save data,12/20/2024 0:20,12/20/2024 0:20,+07:00,2024042601,0b856009-89ea-49fe-9541-e4febc99d976,3c74b712-3c13-4bd9-ab9c-69460bcbfca3,
12/20/2024,7:04:56,Santa,,Eina,,,search. Focal start,RN,ct:a31304f7c3a74c3d0000000000000000,,,Save data,12/20/2024 0:20,12/20/2024 0:04,+07:00,2024042601,0e53ffcc-f2bb-421e-83ca-1e77295700f6,e69285cd-a932-4a72-ab04-44b37098f441,
12/22/2024,10:40:38,Naina,Black infant,,,,rest. Focal end,RN,ct:a31304f7c3a74c3d0000000000000000,,,Save data,12/22/2024 3:40,12/22/2024 3:40,+07:00,2024042601,3778724d-5384-4b7d-8933-70c7a5efc9c5,d7aa0668-ae12-4aff-9107-0b1136500be3,
12/22/2024,10:24:37,Naina,Flame,Black infant,,,Grooming. Focal start,RN,ct:a31304f7c3a74c3d0000000000000000,,,Save data,12/22/2024 3:40,12/22/2024 3:24,+07:00,2024042601,0564e03c-8772-4bc2-b5c5-aa0877c63c6e,5c67d135-7ad2-4cab-8d05-405dd357ebcc,
12/22/2024,10:17:48,Belanda,,,,,rest. Focal end,RN,ct:a31304f7c3a74c3d0000000000000000,,,Save data,12/22/2024 3:17,12/22/2024 3:17,+07:00,2024042601,f3de0c91-2f08-48f7-b0f1-2f5dfeba84e7,9b6c3c7b-588a-4cb8-aece-cffe24a909c0,
12/22/2024,10:02:12,Belanda,,,,,rest. Focal start,RN,ct:a31304f7c3a74c3d0000000000000000,,,Save data,12/22/2024 3:17,12/22/2024 3:02,+07:00,2024042601,359d9a60-8b49-4e17-9113-46a51c10578b,7adda6c3-3fa5-4b4f-8791-a5b80ddb03f2,
12/22/2024,9:55:26,Whitney,,,,Aura,foraging without tools. Focal end,RN,ct:a31304f7c3a74c3d0000000000000000,,,Save data,12/22/2024 2:55,12/22/2024 2:55,+07:00,2024042601,ae21c4e0-999c-48ff-ae2c-9e9ec63e3625,4d79b99d-94d4-4667-ba95-32176893ce28,
12/22/2024,9:39:47,Whitney,,,,,move. Focal start ,RN,ct:a31304f7c3a74c3d0000000000000000,,,Save data,12/22/2024 2:55,12/22/2024 2:39,+07:00,2024042601,c190a865-2ece-42b0-b3e0-c7e01298902f,8a635155-f185-417d-83ff-641cec2de3be,
12/22/2024,9:37:37,Tin tin,,,,,move. Focal start,RN,ct:a31304f7c3a74c3d0000000000000000,,,Save data,12/22/2024 2:38,12/22/2024 2:37,+07:00,2024042601,4a1ace9a-d2bc-4d9a-8071-bdac816dc5e4,b0843e5a-0e7d-4194-806a-0f2690af8a4d,
12/22/2024,9:22:14,Tin tin,Iyla,Juvenile 2 Oreo,,Juvenile 2 Robin,Grooming. Focal start,RN,ct:a31304f7c3a74c3d0000000000000000,,,Save data,12/22/2024 2:38,12/22/2024 2:22,+07:00,2024042601,16af7d98-d937-4495-9844-6d332665dc46,2e294862-05a8-4701-993c-c4fcc725eea2,
12/22/2024,9:05:28,Pinky,,,Kal,,Travel. Focal end,RN,ct:a31304f7c3a74c3d0000000000000000,,,Save data,12/22/2024 2:05,12/22/2024 2:05,+07:00,2024042601,cf31bbf7-dd7d-4f42-8084-939c8fb9265e,6065c1bc-01f2-4d27-9687-e1304b79f901,
12/22/2024,8:50:17,Pinky,,,Robin,,stone-tool use. Pig island. Focal start,RN,ct:a31304f7c3a74c3d0000000000000000,,,Save data,12/22/2024 2:05,12/22/2024 1:50,+07:00,2024042601,1d7b2628-2306-4d6d-ba59-8a1b85e5fbd6,42f458d9-6c68-4a23-b6d5-29655541b861,
12/22/2024,8:48:32,Flame,,,,,stone-tool use (oyster). Focal end. Pig island,RN,ct:a31304f7c3a74c3d0000000000000000,,,Save data,12/22/2024 1:48,12/22/2024 1:48,+07:00,2024042601,849c71a8-af60-44b0-af2c-211974fb8a21,dcdd10b5-741d-4328-9ab2-26a1138c4d98,
12/22/2024,8:32:24,Flame,,,,,stone-tool use (oyster). Focal start. Pig island,RN,ct:a31304f7c3a74c3d0000000000000000,,,Save data,12/22/2024 1:48,12/22/2024 1:32,+07:00,2024042601,be70df8b-ec4a-4353-be29-a2a8758dfdd6,bbaa65c5-727f-40ba-b7ae-85d5db5a17a6,
12/22/2024,8:12:39,Robin,,,,Kaya,stone-tool use (oyster). Focal end. Pig island,RN,ct:a31304f7c3a74c3d0000000000000000,,,Save data,12/22/2024 1:12,12/22/2024 1:12,+07:00,2024042601,c80f79f4-0c0b-4285-b0bc-93abe403e44a,3ddb566a-a89c-482c-8e3a-be1fadd04e1f,
12/22/2024,7:55:58,Robin,,,,,stone-tool use (oyster). Focal start. Pig island,RN,ct:a31304f7c3a74c3d0000000000000000,,,Save data,12/22/2024 1:12,12/22/2024 0:55,+07:00,2024042601,6791c6fa-1c87-4042-b04d-27d28e4ca60c,97552157-cee7-4b3a-b7db-dad849270463,
12/29/2024,12:31:09,Harley,Naina,Black infant,,,Contact. Focal end,RN,ct:a31304f7c3a74c3d0000000000000000,,,Save data,12/29/2024 5:31,12/29/2024 5:31,+07:00,2024042601,f9aaa1b9-1cda-4d01-8428-c5ff16b4233a,4d9d7e26-3db2-4aff-8863-32f3aaf412e1,
12/29/2024,12:15:28,Harley,Naina,Black infant,,,Groom. Focal start,RN,ct:a31304f7c3a74c3d0000000000000000,,,Save data,12/29/2024 5:31,12/29/2024 5:15,+07:00,2024042601,2e381bfe-5f33-4c10-a86d-cb9df525c6d1,0801d5ad-5df9-426c-9506-8ab277a0fa0d,
12/29/2024,10:55:56,Pinky,,,,,rest. Focal start,RN,ct:a31304f7c3a74c3d0000000000000000,,,Save data,12/29/2024 5:31,12/29/2024 3:55,+07:00,2024042601,ea9f4a7c-2dce-439b-aeb4-83329d115149,d3e96205-2218-4c45-a9ab-dc74b222c584,
12/29/2024,8:28:32,Granny,Kal,,Black infant Naina,,rest. Focal start,RN,ct:a31304f7c3a74c3d0000000000000000,,,Save data,12/29/2024 3:55,12/29/2024 1:28,+07:00,2024042601,471a4a99-6928-4975-9b6f-c28f857ad640,02436015-242b-4026-9fc5-f5fea0c9dd8e,
12/29/2024,8:08:29,Cacao,,,,,move. Focal end,RN,ct:a31304f7c3a74c3d0000000000000000,,,Save data,12/29/2024 1:08,12/29/2024 1:08,+07:00,2024042601,6a1df404-678a-4421-a8e7-1d041112cdbf,d8a26b27-1a4a-4db7-9120-d8b0df32a727,
12/29/2024,7:52:43,Cacao,,,,Juvenile 2,foraging without tools. Focal start,RN,ct:a31304f7c3a74c3d0000000000000000,,,Save data,12/29/2024 1:08,12/29/2024 0:52,+07:00,2024042601,d741aeed-f8fa-4166-a1ef-dec445d821b3,c77609e3-6e4d-4f2d-ad43-bc00ab1a1486,
12/29/2024,7:45:42,Kaya,,,,,foraging without tools. Focal end,RN,ct:a31304f7c3a74c3d0000000000000000,,,Save data,12/29/2024 0:45,12/29/2024 0:45,+07:00,2024042601,e8c41075-31ed-4108-a293-fd477d3158ba,bbe563c4-fa83-4a62-881c-585a0c70d218,
12/29/2024,7:30:09,Kaya,,,,,foraging without tools. Focal start,RN,ct:a31304f7c3a74c3d0000000000000000,,,Save data,12/29/2024 0:45,12/29/2024 0:30,+07:00,2024042601,065d457f-c192-474c-a025-b2fcefa07e06,bbc7ea59-1660-4574-9842-8a9605dd524d,
12/29/2024,6:59:34,Quindoline,,,,,stone-tool use. Focal start,RN,ct:a31304f7c3a74c3d0000000000000000,,,Save data,12/29/2024 0:45,12/28/2024 23:59,+07:00,2024042601,045c09e3-30d9-42a2-9e51-2d2c171f2684,648af365-fd97-406c-9697-dab5a299d0fa,
12/30/2024,14:35:49,Naina,Black infant,,Old infant Vula,,foraging without tools. Focal end,RN,ct:a31304f7c3a74c3d0000000000000000,,,Save data,12/30/2024 7:35,12/30/2024 7:35,+07:00,2024042601,346a1ba2-8923-473d-9b51-ae6f3cbd1015,38eeffe6-11d4-43e6-bd36-defa137a6798,
12/30/2024,14:20:16,Naina,Black infant,,,,stone-tool use. Focal start,RN,ct:a31304f7c3a74c3d0000000000000000,,,Save data,12/30/2024 7:35,12/30/2024 7:20,+07:00,2024042601,e2055b7a-bcc0-404f-a51d-feda69995643,fb95a774-66ee-4979-9c88-0c141b57088d,
12/30/2024,14:15:46,Yaiko,,,,,stone-tool use. Focal end,RN,ct:a31304f7c3a74c3d0000000000000000,,,Save data,12/30/2024 7:15,12/30/2024 7:15,+07:00,2024042601,92052b53-fb43-455a-924b-6c1ae47040f0,afe5fdb9-fae6-4267-94fb-0e4a4e68b8f8,
12/30/2024,14:00:05,Yaiko,,,,,rest. Focal start,RN,ct:a31304f7c3a74c3d0000000000000000,,,Save data,12/30/2024 7:15,12/30/2024 7:00,+07:00,2024042601,4255b73e-f475-4df3-a8c9-19ec32b65d3b,cdfc606c-04b5-4948-8ca3-81137991618c,
1/1/2025,17:37:51,Flame,,,,Juvenile 2,stone-tool use (oyster). Focal end. Chicken island,RN,ct:a31304f7c3a74c3d0000000000000000,,,Save data,1/1/2025 10:37,1/1/2025 10:37,+07:00,2024042601,121f7ca2-b172-46b4-83c0-2b050ba27739,946e06d0-7011-45cc-80bf-25ba3e5d7e01,
1/1/2025,17:22:18,Flame,,,,,stone-tool use (oyster). Focal end. Chicken island,RN,ct:a31304f7c3a74c3d0000000000000000,,,Save data,1/1/2025 10:37,1/1/2025 10:22,+07:00,2024042601,5217d8e8-cd4f-4b9b-ad61-c5eb91fbe30d,9e64a7c3-5ef5-41ad-868b-9b79d995b1a0,
1/1/2025,17:19:44,Granny,,Old infant,Aura,,stone-tool use (oyster). Focal end. Chicken island,RN,ct:a31304f7c3a74c3d0000000000000000,,,Save data,1/1/2025 10:19,1/1/2025 10:19,+07:00,2024042601,9a6733da-d4b3-44ac-878e-8d5efa350afc,eb3d8d94-b4f0-47e4-918d-8351d54ae6b0,
1/1/2025,17:03:59,Granny,,Old infant,Aura,Dandi,stone-tool use. Focal start,RN,ct:a31304f7c3a74c3d0000000000000000,,,Save data,1/1/2025 10:19,1/1/2025 10:03,+07:00,2024042601,dfce2614-f9de-4087-957f-b3065576ad8e,87bf5de1-c321-44a5-bdc2-84b974794419,
1/1/2025,15:57:59,Iyla,,,Tutu Flame,M_Adult,move. Focal end,RN,ct:a31304f7c3a74c3d0000000000000000,,,Save data,1/1/2025 8:58,1/1/2025 8:57,+07:00,2024042601,b0b7f939-258a-4b62-b2e6-4ba11c9fafa2,a299c37d-6805-4143-98d9-5354e21217c6,
1/1/2025,15:42:06,Iyla,,,Juvenile 2,,foraging without tools. Focal start,RN,ct:a31304f7c3a74c3d0000000000000000,,,Save data,1/1/2025 8:58,1/1/2025 8:42,+07:00,2024042601,a91958e7-f9c8-474e-aaae-28c5ffb1efb3,c2e455f9-e3b0-4e89-b8fa-738981755839,
1/1/2025,15:33:26,Whitney,,,Juvenile 2 Ted,,foraging without tools. Focal end,RN,ct:a31304f7c3a74c3d0000000000000000,,,Save data,1/1/2025 8:33,1/1/2025 8:33,+07:00,2024042601,74491b1a-08bc-48c8-9f39-578b6bbafe36,35b5a91b-a081-4d14-8a8d-95f3a9cd6a8a,
1/1/2025,15:17:48,Whitney,,,,,foraging without tools. Focal start,RN,ct:a31304f7c3a74c3d0000000000000000,,,Save data,1/1/2025 8:33,1/1/2025 8:17,+07:00,2024042601,be4645e7-848a-4750-b06b-7e94d904ac9b,2b0eade4-06aa-45da-b0d1-7cf6187bee0d,
1/1/2025,15:14:41,Babosa,,,,Pinky,foraging without tools. Focal end,RN,ct:a31304f7c3a74c3d0000000000000000,,,Save data,1/1/2025 8:14,1/1/2025 8:14,+07:00,2024042601,999f8934-8baf-4590-a714-3e0cf1d2057e,a5952836-2c2f-47d5-a9b7-2fcfe72a908e,
1/1/2025,14:58:31,Babosa,,,,,move. Focal start,RN,ct:a31304f7c3a74c3d0000000000000000,,,Save data,1/1/2025 8:14,1/1/2025 7:58,+07:00,2024042601,7b89d18d-0d04-4575-ba3f-71f8c3652b22,6c26e032-f838-41d1-bcdf-056934b331bc,
1/2/2025,16:02:17,Belanda,,,,,foraging without tools. Focal end,RN,ct:a31304f7c3a74c3d0000000000000000,,,Save data,1/2/2025 9:02,1/2/2025 9:02,+07:00,2024042601,083716b6-4907-4f4e-963d-6dfe1cf57a4e,84f98063-d407-4f38-a89c-a8f07278ef8b,
1/2/2025,15:46:56,Belanda,,,,,rest. Focal start,RN,ct:a31304f7c3a74c3d0000000000000000,,,Save data,1/2/2025 9:02,1/2/2025 8:46,+07:00,2024042601,36da2338-1424-41f3-8895-d6a968d21341,cb3dafdf-14d6-460c-9d62-0c34f1e27e5b,
1/2/2025,15:41:57,Naina,Old infant,,Juvenile 2,,foraging without tools. Focal end,RN,ct:a31304f7c3a74c3d0000000000000000,,,Save data,1/2/2025 8:41,1/2/2025 8:41,+07:00,2024042601,e92f3cf4-9c06-4de0-98fc-c0280cd89695,5d57ada5-1bd6-4c9c-87fd-2c43731ee6e8,
1/2/2025,15:26:00,Naina,Black infant,,,,foraging without tools. Focal start,RN,ct:a31304f7c3a74c3d0000000000000000,,,Save data,1/2/2025 8:41,1/2/2025 8:26,+07:00,2024042601,3298e62b-19bb-408c-a4d6-4fc998941cb9,85369f41-549f-4a0c-8674-a201c95808d4,
1/2/2025,10:53:28,Quindoline,,Old infant,Juvenile 1,,climb. Focal end,RN,ct:a31304f7c3a74c3d0000000000000000,,,Save data,1/2/2025 3:53,1/2/2025 3:53,+07:00,2024042601,186d6b04-1e6b-4fb1-9d65-2f58f4f0f5e5,51df31c9-758e-4781-a950-917d7e97448b,
1/2/2025,10:37:58,Quindoline,,Iyla,,Old infant,move. Focal start,RN,ct:a31304f7c3a74c3d0000000000000000,,,Save data,1/2/2025 3:53,1/2/2025 3:37,+07:00,2024042601,06de5e4f-7667-4ba3-98be-05cf85828f18,0aa2b610-fc1d-4e48-9228-16b23bed2712,
1/2/2025,10:29:44,Dandi,,,,,rest. Focal start,RN,ct:a31304f7c3a74c3d0000000000000000,,,Save data,1/2/2025 3:53,1/2/2025 3:29,+07:00,2024042601,ec566de1-70c6-4415-8ca2-ea59875ba66a,f39f35ec-4de0-40a5-bf51-d10b9c3827f6,
1/2/2025,9:23:44,Iyla,Quindoline,,,,Grooming. Focal end,RN,ct:a31304f7c3a74c3d0000000000000000,,,Save data,1/2/2025 2:23,1/2/2025 2:23,+07:00,2024042601,73ccbbd6-c15a-47ae-8ff6-67256c692cef,f4f5bef0-bf66-45f0-8f85-318e97f09d9c,
1/2/2025,9:08:11,Iyla,,Rambo Quindoline,,,rest. Focal start,RN,ct:a31304f7c3a74c3d0000000000000000,,,Save data,1/2/2025 2:23,1/2/2025 2:08,+07:00,2024042601,1043324d-b78d-411e-9460-5de3bd7c11cf,25b3dc83-3460-48c0-8455-76429ca09b1f,
1/2/2025,8:50:59,Kal,,Juvenile 2,,,rest. Focal start,RN,ct:a31304f7c3a74c3d0000000000000000,,,Save data,1/2/2025 2:06,1/2/2025 1:50,+07:00,2024042601,2d8b700e-0669-441c-921e-e9197acde3ab,60b85446-a28f-4b0b-8519-6777ab4157ba,
1/2/2025,8:48:45,Babosa,,,Bat,,foraging without tools. Focal end,RN,ct:a31304f7c3a74c3d0000000000000000,,,Save data,1/2/2025 2:06,1/2/2025 1:48,+07:00,2024042601,5181f267-2d19-4c3a-9a6c-6b0a237c09b9,2654e008-e2d9-4253-8c55-f605c035d3c6,
1/2/2025,8:32:33,Babosa,,,,,rest. Focal end,RN,ct:a31304f7c3a74c3d0000000000000000,,,Save data,1/2/2025 2:06,1/2/2025 1:32,+07:00,2024042601,209aeea4-0ef0-44f1-a862-9af06ee1e76d,066fb4ce-192b-407b-b1ce-d5a7fe539155,
1/2/2025,7:58:09,Vula,,,,Juvenile 2,foraging without tools. Focal end,RN,ct:a31304f7c3a74c3d0000000000000000,,,Save data,1/2/2025 0:58,1/2/2025 0:58,+07:00,2024042601,896cd756-5516-486e-8cc1-87c3ff3189ef,af97fe5a-fc9b-49b7-89ec-869da5c7bcd7,
1/2/2025,7:42:01,Vula,,,,,stone-tool use (oyeter). Focal start. Chicken island,RN,ct:a31304f7c3a74c3d0000000000000000,,,Save data,1/2/2025 0:58,1/2/2025 0:42,+07:00,2024042601,6fed4566-e935-4529-bdb0-ac4b852d9682,5d748e6e-3faa-441c-8876-1f783613ca3c,
1/2/2025,7:34:20,Pinky,,,,,rest. Focal end,RN,ct:a31304f7c3a74c3d0000000000000000,,,Save data,1/2/2025 0:34,1/2/2025 0:34,+07:00,2024042601,e1ac561f-d84e-463b-ad4a-c76277533103,ea9e9179-5f60-4551-900e-c7e332c55859,
1/2/2025,7:18:46,Pinky,,Juvenile 1,Cacao,Harley,foraging without tools. Focal start,RN,ct:a31304f7c3a74c3d0000000000000000,,,Save data,1/2/2025 0:34,1/2/2025 0:18,+07:00,2024042601,9604d518-5727-44a2-853b-455c676f48b7,69539838-dd9f-4b7d-8099-871d76fbf27a,
1/2/2025,7:13:43,Taipan,,,,,stone-tool use (oyeter). Focal end,RN,ct:a31304f7c3a74c3d0000000000000000,,,Save data,1/2/2025 0:13,1/2/2025 0:13,+07:00,2024042601,5ce5420b-246a-4da3-b7b0-aeaf3e960c0a,31316e12-bb34-4b37-986b-fc3878abeefc,
1/2/2025,6:58:09,Taipan,,,,Bat,stone-tool use. Focal start,RN,ct:a31304f7c3a74c3d0000000000000000,,,Save data,1/2/2025 0:13,1/1/2025 23:58,+07:00,2024042601,913211ee-ca3d-44ba-a865-43eb381eb07b,69b9efe4-03f9-4686-8e4a-08be6c395fdc,
1/3/2025,13:53:32,Pinky,,,,,rest. Focal start,RN,ct:a31304f7c3a74c3d0000000000000000,,,Save data,1/5/2025 0:15,1/3/2025 6:53,+07:00,2024042601,eb338d30-97bc-44c7-b71c-d27b78ee77fc,595a71d1-426f-4b5f-9dde-3ba76930ff70,
1/3/2025,13:37:04,Pinky,,,,,rest. Focal start,RN,ct:a31304f7c3a74c3d0000000000000000,,,Save data,1/5/2025 0:15,1/3/2025 6:37,+07:00,2024042601,fd4d597d-48d2-4998-b5f9-ee294f37a82a,e869c43d-292d-4083-beaa-5e54b6098d56,
1/3/2025,13:24:06,Santa,,,,,rest. Focal start,RN,ct:a31304f7c3a74c3d0000000000000000,,,Save data,1/5/2025 0:15,1/3/2025 6:24,+07:00,2024042601,01f00b24-a4c4-49cb-8c3b-fab7dc7a0528,f55dbc7a-9c6e-4ef9-98b4-4f32c02ef596,
1/3/2025,11:16:38,Naina,Black infant,,Juvenile 1,,rest. Focal start,RN,ct:a31304f7c3a74c3d0000000000000000,,,Save data,1/3/2025 6:23,1/3/2025 4:16,+07:00,2024042601,845829ce-ce2c-46a1-b076-96b95872cbf1,1fbf0292-5082-41d2-bcfc-9ea7801e343d,
1/3/2025,11:01:09,Bat,,,Iyla,Black infant Juvenile 1 Naina,rest. Focal end,RN,ct:a31304f7c3a74c3d0000000000000000,,,Save data,1/3/2025 4:01,1/3/2025 4:01,+07:00,2024042601,e4bc1a25-3e33-42f5-8e21-4428a6e09f27,0e0598b6-5f3a-4a08-919c-7e8a3a5c6793,
1/3/2025,10:45:11,Bat,Juvenile 2,,,Black infant Naina,Grooming (receptor). Focal start,RN,ct:a31304f7c3a74c3d0000000000000000,,,Save data,1/3/2025 4:01,1/3/2025 3:45,+07:00,2024042601,f274069d-7714-4c01-bf31-6f2d8fa81c06,2f07161f-fcd9-46ae-9a9a-044627ac4954,
1/3/2025,10:13:10,Jim Lim,,,,,rest. Focal start,RN,ct:a31304f7c3a74c3d0000000000000000,,,Save data,1/3/2025 4:01,1/3/2025 3:13,+07:00,2024042601,890668f1-7fa4-4124-9fa6-6fb0a797dc86,54c6bba9-2346-41c0-b7ce-2da949f0aada,
1/3/2025,9:35:20,Pat,,,,,stone-tool use. Focal end,RN,ct:a31304f7c3a74c3d0000000000000000,,,Save data,1/3/2025 2:35,1/3/2025 2:35,+07:00,2024042601,b9a0617d-214b-4e9c-8080-68d69de3641c,98450899-7463-4290-9319-d87f78cf68f4,
1/3/2025,9:19:49,Pat,,,,,stone-tool use (oyster). Focal start,RN,ct:a31304f7c3a74c3d0000000000000000,,,Save data,1/3/2025 2:35,1/3/2025 2:19,+07:00,2024042601,c5f9baa0-d338-4694-91dd-ecda60f9ef86,c474eff2-d528-4f70-b28e-0bace1129296,
1/3/2025,9:18:04,Kaya,,Juvenile 2,Juvenile 1 Juvenile 2,Juvenile 2,foraging without tools. Focal end,RN,ct:a31304f7c3a74c3d0000000000000000,,,Save data,1/3/2025 2:18,1/3/2025 2:18,+07:00,2024042601,9a0fe31f-895c-48fd-8c00-ad15ba658303,f646af09-481b-4a53-a834-a46ef8a2c1af,
1/3/2025,9:02:28,Kaya,,,Juvenile 2,Juvenile 1 Juvenile 2,foraging without tools. Focal start,RN,ct:a31304f7c3a74c3d0000000000000000,,,Save data,1/3/2025 2:18,1/3/2025 2:02,+07:00,2024042601,349aca23-348a-4da5-92e8-e3daca99338b,8a4fbdd5-498e-407b-9fd6-ea75130cfbeb,
1/3/2025,8:52:42,Iyla,,,Juvenile 1,,foraging without tools. End ,RN,ct:a31304f7c3a74c3d0000000000000000,,,Save data,1/3/2025 1:52,1/3/2025 1:52,+07:00,2024042601,7a129f98-7510-4584-a733-e83c11e800fc,137d61d6-17b0-4d0c-b316-54703a3225a0,
1/3/2025,8:35:54,Iyla,,,,,search. Focal start,RN,ct:a31304f7c3a74c3d0000000000000000,,,Save data,1/3/2025 1:52,1/3/2025 1:35,+07:00,2024042601,06b43774-16bf-498d-990e-3baea0327887,14b2e185-eddd-4978-ba00-b2841a4a9649,
1/3/2025,8:21:47,Whitney,,,,,stone-tool use (oyster). Focal end. Chicken island,RN,ct:a31304f7c3a74c3d0000000000000000,,,Save data,1/3/2025 1:21,1/3/2025 1:21,+07:00,2024042601,519dd3a8-fef2-4465-b101-cacd949afa2c,713bac06-7ebf-4818-ac40-9101aeac3ce5,
1/3/2025,8:06:03,Whitney,,,F_Subadult Robin,Juvenile 2,stone-tool use (oyster). Focal start. Chicken island,RN,ct:a31304f7c3a74c3d0000000000000000,,,Save data,1/3/2025 1:21,1/3/2025 1:06,+07:00,2024042601,85c5ad7e-4807-43cd-b3c4-d3dbd4be7226,960b3735-d4fb-4e84-96cc-393fc8010dc0,
1/3/2025,7:37:10,Betina,,,,,foraging without tools. Focal end,RN,ct:a31304f7c3a74c3d0000000000000000,,,Save data,1/3/2025 0:37,1/3/2025 0:37,+07:00,2024042601,0b07d0d4-de9e-476f-960a-35a667d8c962,b35306b1-b785-4893-b8c5-5e099feef900,
1/3/2025,7:21:44,Betina,,,,F_Subadult,search. Focal start,RN,ct:a31304f7c3a74c3d0000000000000000,,,Save data,1/3/2025 0:37,1/3/2025 0:21,+07:00,2024042601,0729e201-d6ad-4c57-9d90-bd94133b196e,f6fdc1df-ab5f-4bd6-a0b3-0a2be3929a58,
1/5/2025,10:18:11,Vula,,Old infant,,,stone-tool use. Focal end,RN,ct:a31304f7c3a74c3d0000000000000000,,,Save data,1/5/2025 3:18,1/5/2025 3:18,+07:00,2024042601,206661e9-ad04-4fb0-8a38-84d457d3ccb4,a98ea1a8-2fb7-4539-a3ee-b3af8d0089c8,
1/5/2025,10:02:15,Vula,,,,Old infant,search. Focal start,RN,ct:a31304f7c3a74c3d0000000000000000,,,Save data,1/5/2025 3:18,1/5/2025 3:02,+07:00,2024042601,f5239b57-4fb1-4964-b668-847068ed3ee7,c3390523-24ec-48e8-94d0-2991dc443508,
1/5/2025,9:48:49,Tutu,,,,,foraging without tools. Focal end,RN,ct:a31304f7c3a74c3d0000000000000000,,,Save data,1/5/2025 2:48,1/5/2025 2:48,+07:00,2024042601,a931533f-e266-4c7f-bfdb-968131ade0b9,4d99b98c-9f11-43cf-8077-93c194bdd344,
1/5/2025,9:32:57,Tutu,,,,,foraging without tools. Focal start,RN,ct:a31304f7c3a74c3d0000000000000000,,,Save data,1/5/2025 2:48,1/5/2025 2:32,+07:00,2024042601,05c0f020-3f50-443e-8ed4-04b585c9afef,5578bd8e-e5e1-493b-83d3-3389b6457a80,
1/5/2025,9:29:06,Robin,,,,,stone-tool use. Focal start,RN,ct:a31304f7c3a74c3d0000000000000000,,,Save data,1/5/2025 2:48,1/5/2025 2:29,+07:00,2024042601,ea4d6a34-d83d-478c-b1fd-e3eb9d7ecbe4,ed0fc763-abca-48e3-9167-64798f28a0ee,
1/5/2025,9:25:40,Pinky,,,,,rest. Focal end,RN,ct:a31304f7c3a74c3d0000000000000000,,,Save data,1/5/2025 2:25,1/5/2025 2:25,+07:00,2024042601,ee34a0ee-4d40-4640-8f3a-e760464456b9,a9900c72-8420-463a-9555-2bf990635f4c,
1/5/2025,9:10:09,Pinky,,,,,foraging without tools. Focal start,RN,ct:a31304f7c3a74c3d0000000000000000,,,Save data,1/5/2025 2:25,1/5/2025 2:10,+07:00,2024042601,67b44444-74b0-40dd-829c-a9e2e0a231f6,bc976afc-edea-40f0-8969-725f1591a668,
1/5/2025,9:05:33,Lip,,,,,stone-tool use (oyster). Focal end,RN,ct:a31304f7c3a74c3d0000000000000000,,,Save data,1/5/2025 2:05,1/5/2025 2:05,+07:00,2024042601,62b9bb6c-d78e-4f97-8c4f-c9735990d67f,afbc5d18-9063-44f7-b1a9-a2d41c0b2c61,
1/5/2025,8:49:45,Lip,,Old infant Ted,Granny,,stone-tool use (oyster). Focal start,RN,ct:a31304f7c3a74c3d0000000000000000,,,Save data,1/5/2025 2:05,1/5/2025 1:49,+07:00,2024042601,23b180ce-ba03-4299-b049-beb1ebe166c2,c4501c42-eb53-4c61-82ae-75c75702ba76,
1/5/2025,8:46:35,Dandi,,,,,foraging without tools. Focal end,RN,ct:a31304f7c3a74c3d0000000000000000,,,Save data,1/5/2025 1:46,1/5/2025 1:46,+07:00,2024042601,47fbf4f3-86a6-4a08-a2dc-bcf69bbb6458,38dad58b-cede-4fba-97df-108d3a2cd22b,
1/5/2025,8:30:58,Dandi,,,,,foraging without tools. Focal start,RN,ct:a31304f7c3a74c3d0000000000000000,,,Save data,1/5/2025 1:46,1/5/2025 1:30,+07:00,2024042601,4d14be08-efc9-45b3-b626-35c25ac78d23,4f591a6d-2493-4b28-886f-8128fdb6e9cd,
1/5/2025,8:27:17,Granny,,,,,foraging without tools. Focal end,RN,ct:a31304f7c3a74c3d0000000000000000,,,Save data,1/5/2025 1:27,1/5/2025 1:27,+07:00,2024042601,3fa8648e-8025-4203-99ef-41aaa7f624ed,b5c32ac8-b2c0-4dc9-a518-f46c08447aae,
1/5/2025,8:11:41,Granny,,,,,search. Focal start,RN,ct:a31304f7c3a74c3d0000000000000000,,,Save data,1/5/2025 1:27,1/5/2025 1:11,+07:00,2024042601,016b2740-f66f-4a21-8ef4-5345747396b2,2be6e23f-b8f6-45e1-8710-9349a322321e,
1/5/2025,8:08:39,Flame,,,Juvenile 2,Juvenile 2,foraging without tools. Focal end,RN,ct:a31304f7c3a74c3d0000000000000000,,,Save data,1/5/2025 1:08,1/5/2025 1:08,+07:00,2024042601,9d3ed77b-8980-419f-a3c1-b6f8d8639538,65cfd609-78bf-4b67-95ac-4b045e780bf1,
1/5/2025,7:52:41,Flame,,,Juvenile 2,Jim Lim,foraging without tools. Focal start,RN,ct:a31304f7c3a74c3d0000000000000000,,,Save data,1/5/2025 1:08,1/5/2025 0:52,+07:00,2024042601,7ee11618-886f-44c9-b35f-037d5a2ad315,1e357376-6b1a-475c-8714-721725fa75de,
1/5/2025,7:50:33,Quindoline,,,,,foraging without tools. Focal end,RN,ct:a31304f7c3a74c3d0000000000000000,,,Save data,1/5/2025 0:50,1/5/2025 0:50,+07:00,2024042601,f0eb8005-2c2d-4dcd-a6c8-fa8bf25c45b1,20579c8d-05d6-4b3c-8b6c-2643aa6edb42,
1/5/2025,7:34:46,Quindoline,,,,,foraging without tools. Focal start,RN,ct:a31304f7c3a74c3d0000000000000000,,,Save data,1/5/2025 0:50,1/5/2025 0:34,+07:00,2024042601,d443729b-ce45-44fc-aa93-5104050fcc0f,9da42b41-bac0-4650-8317-b6efab3d136a,
1/5/2025,7:32:12,Oreo,,,,,foraging without tools (starting too). Focal end,RN,ct:a31304f7c3a74c3d0000000000000000,,,Save data,1/5/2025 0:32,1/5/2025 0:32,+07:00,2024042601,6415c50e-5137-4ecf-be30-d877f7454d28,ea8e94c5-c1ff-4643-87d7-88b874fb2ae7,
1/5/2025,7:16:13,Oreo,,,,,stone-tool use. Focal start,RN,ct:a31304f7c3a74c3d0000000000000000,,,Save data,1/5/2025 0:32,1/5/2025 0:16,+07:00,2024042601,ae9d1833-3ec9-4cb0-80ce-94a5f3bbb48e,d34ae075-ec79-401b-a650-440cee51bd0e,
1/6/2025,17:44:44,Pat,,,Juvenile 1 Babosa,Juvenile 1 Juvenile 2 Kal,rest. Focal end,RN,ct:a31304f7c3a74c3d0000000000000000,,,Save data,1/6/2025 10:44,1/6/2025 10:44,+07:00,2024042601,3a9a4fca-d5ff-4f47-bb65-3f7b8faf18e0,aa1f5a76-5bf5-4f51-8542-55f5e7992015,
1/6/2025,17:29:12,Pat,Juvenile 2,Juvenile 2 Jim Lim Robin,,Juvenile 1 Juvenile 2,rest. Focal start,RN,ct:a31304f7c3a74c3d0000000000000000,,,Save data,1/6/2025 10:44,1/6/2025 10:29,+07:00,2024042601,3f972f12-acf6-4ca0-8f03-14bb7282fed6,914e0ca5-3621-4974-b3a3-c9b938696168,
1/6/2025,16:57:52,Pat,,,,,rest. Focal start,RN,ct:a31304f7c3a74c3d0000000000000000,,,Save data,1/6/2025 10:44,1/6/2025 9:57,+07:00,2024042601,7fb2dc03-e67a-4ab1-a203-04b02d4595e2,795b2d74-58bf-435f-be3e-293d95bbc2fb,
1/6/2025,16:16:22,Harley,Juvenile 2,,Whitney,,Grooming. Focal end,RN,ct:a31304f7c3a74c3d0000000000000000,,,Save data,1/6/2025 10:44,1/6/2025 9:16,+07:00,2024042601,e0573251-deb6-465b-bcca-662b50ec6e16,ed29264d-c38a-4980-96af-5cfd9e0da665,
1/6/2025,16:00:40,Harley,Juvenile 2,F_Subadult Whitney,,,rest. Focal start,RN,ct:a31304f7c3a74c3d0000000000000000,,,Save data,1/6/2025 10:44,1/6/2025 9:00,+07:00,2024042601,0c37d90c-719b-408b-87af-bf0f45662a78,b84fa651-6db7-4e0a-96ea-f3bf5bd63ec0,
1/6/2025,15:46:25,Kaya,,,,,climb. Focal end,RN,ct:a31304f7c3a74c3d0000000000000000,,,Save data,1/6/2025 8:46,1/6/2025 8:46,+07:00,2024042601,3ed098ab-492a-4988-8da4-8445c9baa9ad,2a1e0cb4-1ff0-4235-8c25-49ea02afa077,
1/6/2025,15:30:57,Kaya,,,,,foraging without tools. Focal start,RN,ct:a31304f7c3a74c3d0000000000000000,,,Save data,1/6/2025 8:46,1/6/2025 8:30,+07:00,2024042601,58298737-62c5-410a-bfe8-0095797d1217,217f528b-a42f-471f-ac11-d8733c58d307,
1/6/2025,15:17:52,Quindoline,Oreo,,,,Grooming. Focal start,RN,ct:a31304f7c3a74c3d0000000000000000,,,Save data,1/6/2025 8:46,1/6/2025 8:17,+07:00,2024042601,2e12d47a-92d2-489e-8d26-0218b9538309,97ff80c2-3c0b-42cc-9314-9111957b593e,
1/6/2025,15:14:04,Granny,Old infant,,,,Grooming. Focal end,RN,ct:a31304f7c3a74c3d0000000000000000,,,Save data,1/6/2025 8:46,1/6/2025 8:14,+07:00,2024042601,b995dc8a-1325-49ed-8042-6b67b45f9e07,f25c4e95-2e5a-40a5-a871-4888447bd92b,
1/6/2025,14:58:36,Granny,Old infant,,,,rest. Focal start,RN,ct:a31304f7c3a74c3d0000000000000000,,,Save data,1/6/2025 8:46,1/6/2025 7:58,+07:00,2024042601,fee4c88a-fc76-4910-ae4b-6e25ca7fd54c,0ade4080-a5bd-4864-bfd0-45e096a0ecea,
1/6/2025,13:57:00,Whitney,,,,,rest. Focal start,RN,ct:a31304f7c3a74c3d0000000000000000,,,Save data,1/6/2025 8:46,1/6/2025 6:57,+07:00,2024042601,e003d8c6-1bc7-4178-bb06-210672707f3d,da6e7df4-fa5f-4e96-b9fb-5e31af15db8c,
1/6/2025,13:45:36,Bat,,,,,rest. Focal start,RN,ct:a31304f7c3a74c3d0000000000000000,,,Save data,1/6/2025 6:51,1/6/2025 6:45,+07:00,2024042601,f4ed2bfe-0841-4efc-afa7-e48b4007eba2,f98add7f-584d-4df6-9be0-9fd7b4a12798,
1/6/2025,13:34:16,Dandi,,,,,foraging without tools. End ,RN,ct:a31304f7c3a74c3d0000000000000000,,,Save data,1/6/2025 6:34,1/6/2025 6:34,+07:00,2024042601,ca0aa46b-4d89-4b6a-844b-6b78a564708f,665f7e77-8aad-4764-a48c-bf1b93c47c40,
1/6/2025,13:18:42,Dandi,,M_Adult,,,rest. Focal start,RN,ct:a31304f7c3a74c3d0000000000000000,,,Save data,1/6/2025 6:34,1/6/2025 6:18,+07:00,2024042601,d2d936e5-df9d-467e-883e-dcb045cc2432,1c17ef09-9246-4503-8bd4-f31a6b18adaa,
1/6/2025,13:02:35,Aura,Belanda,,Open-mouth,,Grooming (receptor). Focal end,RN,ct:a31304f7c3a74c3d0000000000000000,,,Save data,1/6/2025 6:02,1/6/2025 6:02,+07:00,2024042601,88e5f0d8-4b5d-4755-b7d6-02fdb1f48276,bd6d8bea-8cb8-42bd-bfcb-31eaea42bff8,
1/6/2025,12:46:42,Aura,Belanda,,Open-mouth,,Grooming. Focal start,RN,ct:a31304f7c3a74c3d0000000000000000,,,Save data,1/6/2025 6:02,1/6/2025 5:46,+07:00,2024042601,2673e381-9302-45c6-981a-884a514e6183,30c328b0-cdad-4c0b-a0f0-36b26bad6cc0,
1/6/2025,12:39:49,Belanda,Aura,,Open-mouth,,Grooming (receptor). Focal end. ,RN,ct:a31304f7c3a74c3d0000000000000000,,,Save data,1/6/2025 5:39,1/6/2025 5:39,+07:00,2024042601,dbf61b07-8e61-48fe-93c8-9e1d672c1291,14fb3378-78d2-40df-84ea-def2a63743b0,
1/6/2025,12:23:53,Belanda,,,,,rest. Focal start,RN,ct:a31304f7c3a74c3d0000000000000000,,,Save data,1/6/2025 5:39,1/6/2025 5:23,+07:00,2024042601,40a99d8f-cfef-48c3-89f1-5ab378fd5e37,3f2d448a-c817-4ce6-8a9c-911cf490a6ae,
1/6/2025,11:52:08,Ted,,,Pat,,foraging without tools. End,RN,ct:a31304f7c3a74c3d0000000000000000,,,Save data,1/6/2025 5:39,1/6/2025 4:52,+07:00,2024042601,3fb11bde-7557-4a26-a46a-8a7812691335,1b47878d-b64d-4d73-98a5-04ff634a32cd,
1/6/2025,11:36:29,Ted,,,,,stone-tool use. Focal start,RN,ct:a31304f7c3a74c3d0000000000000000,,,Save data,1/6/2025 5:39,1/6/2025 4:36,+07:00,2024042601,6995663b-398a-41cc-be92-dfa3895c25cc,c613357d-1f08-486b-9043-a12f91bb7d46,
1/6/2025,11:34:58,Yaiko,,,,,foraging without tools. Focal end,RN,ct:a31304f7c3a74c3d0000000000000000,,,Save data,1/6/2025 4:35,1/6/2025 4:34,+07:00,2024042601,4188f73b-0ec8-4e5d-9f22-6733731ce631,e16a7c4a-7813-4fec-8f29-08bffecd8de3,
1/6/2025,11:19:29,Yaiko,,,,,rest. Focal start,RN,ct:a31304f7c3a74c3d0000000000000000,,,Save data,1/6/2025 4:35,1/6/2025 4:19,+07:00,2024042601,32093249-3bf3-492c-bb53-c26cea621594,3e853b9f-bb99-4aef-956e-cbac459f67df,
1/6/2025,10:48:08,Jim Lim,,,,,foraging without tools. Focal end ,RN,ct:a31304f7c3a74c3d0000000000000000,,,Save data,1/6/2025 3:48,1/6/2025 3:48,+07:00,2024042601,8a67812b-5043-46a8-9e6a-2d43c6b44cd6,d1a8ab1f-63ed-40c5-84e4-7052550d5d19,
1/6/2025,10:32:18,Jim Lim,Juvenile 2,,,,Grooming (receptor). Focal start,RN,ct:a31304f7c3a74c3d0000000000000000,,,Save data,1/6/2025 3:48,1/6/2025 3:32,+07:00,2024042601,f4e9b9ea-2c29-41d4-9822-133d8ce04243,d45bf4c7-654e-437d-a96f-edaf7edee6cb,
1/6/2025,10:26:37,Kal,,,,,move. Focal end,RN,ct:a31304f7c3a74c3d0000000000000000,,,Save data,1/6/2025 3:26,1/6/2025 3:26,+07:00,2024042601,fd237fbb-4e1f-4624-8fa0-76794a60edf5,2165e2cb-1b4f-4242-9964-37e7fd5d5d51,
1/6/2025,10:11:03,Kal,,,,Iyla,foraging without tools. Focal start,RN,ct:a31304f7c3a74c3d0000000000000000,,,Save data,1/6/2025 3:26,1/6/2025 3:11,+07:00,2024042601,02f712fc-8c66-48d3-a831-7219858f992d,b08ccd4f-648a-44fc-9641-ed02354a602c,
1/7/2025,10:06:15,Harley,,F_Subadult Vula,,,foraging without tools. Focal end. Pig island,RN,ct:a31304f7c3a74c3d0000000000000000,,,Save data,1/7/2025 3:06,1/7/2025 3:06,+07:00,2024042601,e357772b-60be-46c7-89de-8d0dcd3a876c,2380efc9-ac7b-44fc-ab8a-ae14d0fafd39,
1/7/2025,9:50:21,Harley,,,,,foraging without tools. Focal start. Pig island,RN,ct:a31304f7c3a74c3d0000000000000000,,,Save data,1/7/2025 3:06,1/7/2025 2:50,+07:00,2024042601,78a5bd1e-5074-49c0-bf25-fc160b7d6b0b,713fdcfa-c797-4621-970e-35b7f63654a3,
1/7/2025,9:41:46,Naina,Black infant,,,,foraging without tools. Focal end. Pig island,RN,ct:a31304f7c3a74c3d0000000000000000,,,Save data,1/7/2025 2:41,1/7/2025 2:41,+07:00,2024042601,c02aa794-3375-43d7-a3b0-dbbd63d901f3,c8f2b641-4994-4308-9820-588135dceb63,
1/7/2025,9:26:10,Naina,Black infant,,,,stone-tool use (oyster). Focal start. Pig island,RN,ct:a31304f7c3a74c3d0000000000000000,,,Save data,1/7/2025 2:41,1/7/2025 2:26,+07:00,2024042601,2fa058ee-679b-4ea9-acfc-a5393dcbc3b4,e7e3f82b-43b6-4f00-b6d8-9fadec5f7452,
1/7/2025,8:54:48,Whitney,,,,,stone-tool use (oyster). Focal end. Pig island,RN,ct:a31304f7c3a74c3d0000000000000000,,,Save data,1/7/2025 1:54,1/7/2025 1:54,+07:00,2024042601,d027cd0f-7a2c-4e7b-a341-de66f9da5aaf,d13f5059-82e1-481f-95e3-8c073b83ab50,
1/7/2025,8:38:01,Whitney,,,,,stone-tool use (oyster). Focal start. Pig island,RN,ct:a31304f7c3a74c3d0000000000000000,,,Save data,1/7/2025 1:54,1/7/2025 1:38,+07:00,2024042601,43d7e0b8-d267-4d21-9453-6e088b8c8cd1,7dcb14f3-4c4a-4e27-815b-995ad61d3b0d,
1/7/2025,8:35:27,Aura,,,,,stone-tool use (oyster). Focal end. Pig island,RN,ct:a31304f7c3a74c3d0000000000000000,,,Save data,1/7/2025 1:35,1/7/2025 1:35,+07:00,2024042601,1b109c41-a43f-4512-87f6-de77867e2d22,94cd52aa-a86a-4d04-8f26-999344a6ef02,
1/7/2025,8:19:40,Aura,,,,,stone-tool use (oyster). Focal start,RN,ct:a31304f7c3a74c3d0000000000000000,,,Save data,1/7/2025 1:35,1/7/2025 1:19,+07:00,2024042601,6e955456-742e-48d6-8bc9-ee41c23c01e8,ea8b080a-b9b1-414e-bedf-028be7d65ad6,
1/7/2025,7:57:44,Robin,,,,Robin,stone-tool use (oyster). Focal end,RN,ct:a31304f7c3a74c3d0000000000000000,,,Save data,1/7/2025 0:57,1/7/2025 0:57,+07:00,2024042601,65de4dee-59cb-4c95-9bc2-3e60f34b4bd7,42657e11-a174-4120-a454-33816887647b,
1/7/2025,7:41:46,Taipan,,,,Juvenile 2,stone-tool use (oyster). Focal start,RN,ct:a31304f7c3a74c3d0000000000000000,,,Save data,1/7/2025 0:57,1/7/2025 0:41,+07:00,2024042601,0291a569-02e0-43fa-84ad-dfaaedbddc3d,d742641e-01a6-4a43-9e72-36a07d4c010f,
1/8/2025,13:53:48,Belanda,,,,,foraging without tools. Focal end,RN,ct:a31304f7c3a74c3d0000000000000000,,,Save data,1/8/2025 6:53,1/8/2025 6:53,+07:00,2024042601,4906fc31-fb5f-4eb5-807f-b6d6fb3d053d,e7158967-268b-4f7b-8f70-1796fc58c9ba,
1/8/2025,13:38:11,Belanda,,,,,rest. Focal start,RN,ct:a31304f7c3a74c3d0000000000000000,,,Save data,1/8/2025 6:53,1/8/2025 6:38,+07:00,2024042601,21a35167-ad8f-48c5-bc2f-13260b3c1880,d2c1572d-5caf-4765-9fd5-80555f370336,
1/8/2025,13:32:53,Taipan,,,,,foraging without tools. Focal end ,RN,ct:a31304f7c3a74c3d0000000000000000,,,Save data,1/8/2025 6:37,1/8/2025 6:32,+07:00,2024042601,e367d40a-ca2f-4989-adf5-1b41b8d7e415,e503f1c5-4f51-4a80-a911-763ee0ba9a42,
1/8/2025,13:16:54,Taipan,,,,,rest. Focal start,RN,ct:a31304f7c3a74c3d0000000000000000,,,Save data,1/8/2025 6:37,1/8/2025 6:16,+07:00,2024042601,80ede200-f6d5-4f66-a0cf-769e08e734da,08a19efa-f01f-4c88-b4e6-aad5633bd7a8,
1/8/2025,12:53:46,Robin,Harley,,,Ted,Grooming. Focal end,RN,ct:a31304f7c3a74c3d0000000000000000,,,Save data,1/8/2025 5:53,1/8/2025 5:53,+07:00,2024042601,36cb3e10-0329-4ae1-ae8d-1c8106b201cb,6f7f1479-0f5b-4b48-b586-055b0b7910c3,
1/8/2025,12:38:11,Robin,Harley,,Juvenile 2 Pinky,,Grooming (receptor). Focal start,RN,ct:a31304f7c3a74c3d0000000000000000,,,Save data,1/8/2025 5:53,1/8/2025 5:38,+07:00,2024042601,7540d13a-1098-4d4e-a294-0ac6332c2d78,94c1ab85-8dfe-4801-88d9-7893064b5bb6,
1/8/2025,12:19:21,Cacao,,,,,search. Focal end,RN,ct:a31304f7c3a74c3d0000000000000000,,,Save data,1/8/2025 5:19,1/8/2025 5:19,+07:00,2024042601,7e2b8d02-4e60-4115-a69a-5db527d9b483,cf94b226-c32a-43a3-a8d6-6cd0c3eca00e,
1/8/2025,12:03:25,Cacao,Ted,,,,Grooming. Focal start,RN,ct:a31304f7c3a74c3d0000000000000000,,,Save data,1/8/2025 5:19,1/8/2025 5:03,+07:00,2024042601,d8ee390c-ab98-4a94-a94a-a0126a4a0572,d8c69532-afe8-4094-8d7e-76c1f3ed64ed,
1/8/2025,11:26:15,Oreo,F_Subadult,,,,Grooming. Focal end,RN,ct:a31304f7c3a74c3d0000000000000000,,,Save data,1/8/2025 4:26,1/8/2025 4:26,+07:00,2024042601,1a33c605-e145-4a6b-9d45-7cc6b036ce17,dbd886e2-a197-4f54-877f-e2ebb8d02465,
1/8/2025,11:10:38,Oreo,F_Subadult,Old infant Jim Lim Quindoline,,,rest. Focal start,RN,ct:a31304f7c3a74c3d0000000000000000,,,Save data,1/8/2025 4:26,1/8/2025 4:10,+07:00,2024042601,ef02f13c-9f02-41ab-88a5-40c7baf71c79,ce03faf3-a4a2-4d7a-909f-2590c6c1c081,
1/8/2025,10:53:01,Kaya,,,,,rest. Focal end,RN,ct:a31304f7c3a74c3d0000000000000000,,,Save data,1/8/2025 3:53,1/8/2025 3:53,+07:00,2024042601,e4e59649-1445-4377-8108-b6e65bfc630f,04532dd8-f7a7-40de-90cd-1b4494bc3e3d,
1/8/2025,10:37:22,Kaya,,,,,stone-tool use (oyster). Focal start,RN,ct:a31304f7c3a74c3d0000000000000000,,,Save data,1/8/2025 3:53,1/8/2025 3:37,+07:00,2024042601,9f0f04af-66eb-4b16-a8cd-4bb19f45912d,c90d4960-86fa-479d-9b5f-356f9fc871fb,
1/8/2025,10:29:40,Jim Lim,,,,,stone-tool use (oyster). Focal end,RN,ct:a31304f7c3a74c3d0000000000000000,,,Save data,1/8/2025 3:29,1/8/2025 3:29,+07:00,2024042601,a5b7565c-ca04-4345-8261-529560033825,23d9f439-d103-4218-aa43-fd33857c5f71,
1/8/2025,10:13:59,Jim Lim,,,,,stone-tool use. Focal start,RN,ct:a31304f7c3a74c3d0000000000000000,,,Save data,1/8/2025 3:29,1/8/2025 3:13,+07:00,2024042601,11b76cb2-fca7-4ce5-8ec5-4c79890c5f55,764d0418-9cac-4dd2-b7e0-24ed73b1f271,
1/8/2025,10:00:03,Babosa,,,,,stone-tool use (oyster). Focal end. Chicken island,RN,ct:a31304f7c3a74c3d0000000000000000,,,Save data,1/8/2025 3:00,1/8/2025 3:00,+07:00,2024042601,08a08fa1-a091-414c-a4b6-b5934080c330,25b31df3-0a47-4463-9014-d95a3482c756,
1/8/2025,9:44:14,Babosa,,,,,Travel. Focal start,RN,ct:a31304f7c3a74c3d0000000000000000,,,Save data,1/8/2025 3:00,1/8/2025 2:44,+07:00,2024042601,6b186f84-cb3b-406d-9f4d-5cc8d3de70d3,c955c23f-1914-42c2-9cec-082f9fb788a2,
1/8/2025,9:36:21,Ted,,,Old infant,,Lip's old inf. move. Focal end,RN,ct:a31304f7c3a74c3d0000000000000000,,,Save data,1/8/2025 2:36,1/8/2025 2:36,+07:00,2024042601,ca58f2a2-1369-4978-b66e-36abbe2f25c3,0815e631-27a7-4c38-be7a-83ae5d4bfea1,
1/8/2025,9:20:28,Ted,,,,,foraging without tools. Focal start,RN,ct:a31304f7c3a74c3d0000000000000000,,,Save data,1/8/2025 2:36,1/8/2025 2:20,+07:00,2024042601,c38c9334-2eb4-4340-aafe-818a9a9ca9b4,13cfb51c-e85e-42ef-9783-1e4f1ff8537c,
1/8/2025,9:08:21,Ali,,,Old infant,,Lip's old inf. foraging without tools. Focal end,RN,ct:a31304f7c3a74c3d0000000000000000,,,Save data,1/8/2025 2:08,1/8/2025 2:08,+07:00,2024042601,39d191c4-39cd-4c0c-b808-79994068103b,1ae58ea6-d097-4352-b4c1-45b06b6075c7,
1/8/2025,8:52:28,Ali,,,,,search. Focal start,RN,ct:a31304f7c3a74c3d0000000000000000,,,Save data,1/8/2025 2:08,1/8/2025 1:52,+07:00,2024042601,11c0bae2-2fe5-43c6-b813-a3b97647f9e8,0733348f-4de0-4b74-9258-79ef69585ba8,
1/11/2025,15:14:47,Jim Lim,,,,Juvenile 1,stone-tool use (oyster). Focal end. Pig island,RN,ct:a31304f7c3a74c3d0000000000000000,,,Save data,1/11/2025 8:14,1/11/2025 8:14,+07:00,2024042601,3db84523-046e-4bc2-8402-e87eb245f1ba,f4a607df-e479-427a-843d-dffa7e3ff8cc,
1/11/2025,14:59:23,Jim Lim,,,Old infant Juvenile 1 Ali,,stone-tool use (oyster). Focal start. Pig island,RN,ct:a31304f7c3a74c3d0000000000000000,,,Save data,1/11/2025 8:14,1/11/2025 7:59,+07:00,2024042601,ce3f7f4d-6c54-4240-ae12-6b70b0ef6e28,a7f15177-9118-4fe3-ba56-a8e26398cf5b,
1/11/2025,14:55:12,Belanda,,,,,foraging without tools. Focal end. Pig island,RN,ct:a31304f7c3a74c3d0000000000000000,,,Save data,1/11/2025 7:55,1/11/2025 7:55,+07:00,2024042601,5c1bfd1b-7a84-4bba-9dc4-06f6ae6d8bf3,39aea05c-cd7e-4886-839a-f635d5d26be3,
1/11/2025,14:39:27,Belanda,,,,Juvenile 1,stone-tool use (oyster). Focal start. Pig island,RN,ct:a31304f7c3a74c3d0000000000000000,,,Save data,1/11/2025 7:55,1/11/2025 7:39,+07:00,2024042601,8668f89b-2eb5-472f-b310-8f3ad828342f,34f35241-fce4-458a-83ab-b8c2a2669e4f,
1/11/2025,14:38:09,Ali,,,Juvenile 2,,stone-tool use (oyster). Focal end. Pig island,RN,ct:a31304f7c3a74c3d0000000000000000,,,Save data,1/11/2025 7:38,1/11/2025 7:38,+07:00,2024042601,2ef9b94b-d843-4037-94df-9ccd220d913e,f88a71fe-2894-4ada-9ae1-f335416651ab,
1/11/2025,14:22:32,Ali,,Harley,Old infant Lip,,stone-tool use (oyster). Focal start. Pig island,RN,ct:a31304f7c3a74c3d0000000000000000,,,Save data,1/11/2025 7:38,1/11/2025 7:22,+07:00,2024042601,93ea7c52-3cb5-40c5-9aa3-5795f0f2f46a,66f9bed4-baab-440f-96ad-05b6b7525fe1,
1/11/2025,14:09:26,Granny,,Old infant,,,stone-tool use (oyster). Focal end. Pig island,RN,ct:a31304f7c3a74c3d0000000000000000,,,Save data,1/11/2025 7:09,1/11/2025 7:09,+07:00,2024042601,6cfa08d8-8eef-4cfa-a029-e853ff1ad09f,5b9c9be4-708c-459e-8966-e74e5e7788c3,
1/11/2025,13:53:58,Granny,,Old infant Juvenile 1,Kal Ted,Juvenile 2,stone-tool use (oyster). Focal start. Pig island,RN,ct:a31304f7c3a74c3d0000000000000000,,,Save data,1/11/2025 6:53,1/11/2025 6:53,+07:00,2024042601,8066692b-5a0d-4e3f-883e-1ae7de1dd3d4,b912a647-5ebe-451e-a220-5714f7d1597f,
1/11/2025,13:51:42,Kal,,,Old infant Granny,,stone-tool use (oyster). Focal end. Pig island,RN,ct:a31304f7c3a74c3d0000000000000000,,,Save data,1/11/2025 6:51,1/11/2025 6:51,+07:00,2024042601,004a6bed-2a0f-4b56-b505-78202f881c15,88de0387-af67-42a6-94c3-3cdce194367a,
1/11/2025,13:35:59,Kal,,,,,stone-tool use (oyster). Focal start. Pig island,RN,ct:a31304f7c3a74c3d0000000000000000,,,Save data,1/11/2025 6:51,1/11/2025 6:35,+07:00,2024042601,25307bd6-ffce-44ba-a035-10ba1b4e5d2d,86c56e5e-56a6-427c-94c5-daa2a260c736,
1/11/2025,12:27:36,Cacao,,Ted,,,foraging without tools. Focal end,RN,ct:a31304f7c3a74c3d0000000000000000,,,Save data,1/11/2025 5:27,1/11/2025 5:27,+07:00,2024042601,f2f0814e-ba14-4ac8-9851-3a9e254d38a4,13a4f4c6-fc49-4e63-a13b-a25d40fadafa,
1/11/2025,12:11:48,Cacao,,,,,foraging without tools. Focal start,RN,ct:a31304f7c3a74c3d0000000000000000,,,Save data,1/11/2025 5:27,1/11/2025 5:11,+07:00,2024042601,f64a00cd-2c21-4c47-af70-2c1172f1748a,4c3ebfc7-dafc-4519-ab9f-d6658a08af3d,
1/12/2025,16:03:22,Flame,,,,,stone-tool use (oyster). Focal start. Chicken island.,RN,ct:a31304f7c3a74c3d0000000000000000,,,Save data,1/12/2025 9:03,1/12/2025 9:03,+07:00,2024042601,e5af462e-64e7-4959-8dee-8cc6bd35fec3,c19874a4-bac3-40dc-9ee2-44d90c92ebe9,
1/12/2025,15:47:53,Flame,,,,,stone-tool use (oyster). Focal start. Chicken island. Correct others it's chicken island,RN,ct:a31304f7c3a74c3d0000000000000000,,,Save data,1/12/2025 9:03,1/12/2025 8:47,+07:00,2024042601,21389be5-ce04-464d-ad7f-2e1e44e31887,f12953c7-fbbc-489d-b9a1-33be4a6f86b4,
1/12/2025,15:44:50,Vula,Vula,,,,stone-tool use (oyster). Focal end. Pig island.,RN,ct:a31304f7c3a74c3d0000000000000000,,,Save data,1/12/2025 8:44,1/12/2025 8:44,+07:00,2024042601,58256c87-b96d-478c-9ecd-0fe6757675c6,97836030-3ebe-4cd0-9eef-98c267d8a76f,
1/12/2025,15:29:07,Vula,,,Taipan,,stone-tool use (oyster). Focal start. Pig island.,RN,ct:a31304f7c3a74c3d0000000000000000,,,Save data,1/12/2025 8:44,1/12/2025 8:29,+07:00,2024042601,9872d03a-e7b1-4b34-ab04-7da201937887,439062b5-eaa2-40d1-9aed-1ee8cbe7dfb3,
1/12/2025,15:15:22,Dandi,,,Juvenile 2,,foraging without tools. Focal end. Chicken island,RN,ct:a31304f7c3a74c3d0000000000000000,,,Save data,1/12/2025 8:15,1/12/2025 8:15,+07:00,2024042601,024552fd-c880-47d3-a0d6-1804928df345,f86bfbac-aae4-43ba-84a2-0ce4c1f6f885,
1/12/2025,14:59:17,Dandi,,,,,foraging without tools. Focal start. Chicken island,RN,ct:a31304f7c3a74c3d0000000000000000,,,Save data,1/12/2025 8:15,1/12/2025 7:59,+07:00,2024042601,87bb4cfe-5a73-4125-baa9-6429f3f28e10,ce4ae281-baaa-41c5-b3cf-06939c34ad9e,
1/12/2025,14:55:24,Aura,,,,,foraging without tools. Focal end,RN,ct:a31304f7c3a74c3d0000000000000000,,,Save data,1/12/2025 7:55,1/12/2025 7:55,+07:00,2024042601,9bea34d1-2d9e-4eb8-b282-27273db3b8e6,14784980-14df-4864-af20-a6a45c50b53c,
1/12/2025,14:40:16,Aura,,,,,stone-tool use (oyster). Focal start. Chicken island,RN,ct:a31304f7c3a74c3d0000000000000000,,,Save data,1/12/2025 7:55,1/12/2025 7:40,+07:00,2024042601,a00510aa-0fc2-46b7-aac6-ae4bc6d4ea99,64dcba5f-5f1f-4ff9-8033-82b6be781adc,
1/12/2025,13:18:44,Belanda,,,,,rest. Focal start,RN,ct:a31304f7c3a74c3d0000000000000000,,,Save data,1/12/2025 7:39,1/12/2025 6:18,+07:00,2024042601,f8e0577b-fbba-4b92-a2bf-b0b9b8028f47,981c9bed-9309-4ea7-8197-a4b656fb57d9,
1/12/2025,12:37:26,Lip,,,,,foraging without tools. Focal end,RN,ct:a31304f7c3a74c3d0000000000000000,,,Save data,1/12/2025 5:37,1/12/2025 5:37,+07:00,2024042601,c5e0f32b-55ea-43ce-b025-1d4c7b6d4b2b,1fe28827-d88a-46af-ac30-766730ba32b8,
1/12/2025,12:21:56,Lip,,,,,rest. Focal start,RN,ct:a31304f7c3a74c3d0000000000000000,,,Save data,1/12/2025 5:37,1/12/2025 5:21,+07:00,2024042601,3e14a295-4b85-47a7-961e-650cedd1572e,692798e1-5ee3-47a5-bbaa-59c654ebff2b,
1/12/2025,12:01:37,Granny,,,,Juvenile 2 Tutu,foraging without tools. Focal end,RN,ct:a31304f7c3a74c3d0000000000000000,,,Save data,1/12/2025 5:01,1/12/2025 5:01,+07:00,2024042601,acc714de-fd79-4322-9458-0b1a2d3b37a0,e7a71389-3ca6-416c-8f87-6f44fa597688,
1/12/2025,11:45:32,Granny,,,,,foraging without tools. Focal start,RN,ct:a31304f7c3a74c3d0000000000000000,,,Save data,1/12/2025 5:01,1/12/2025 4:45,+07:00,2024042601,16c267d7-3740-40cf-a603-b6b396eed863,d933ba10-3f77-4f55-a3a1-5b2e8f3a95b1,
1/12/2025,10:25:06,Tutu,,,Lip,,foraging without tools. Focal end,RN,ct:a31304f7c3a74c3d0000000000000000,,,Save data,1/12/2025 3:25,1/12/2025 3:25,+07:00,2024042601,a2b7651a-1485-43cc-b8a4-25dc65ab307c,f6d5dc74-dde1-4e69-b4f4-dc4a7dfa39c8,
1/12/2025,10:09:27,Tutu,,,,Juvenile 2 Kal,rest. Focal start,RN,ct:a31304f7c3a74c3d0000000000000000,,,Save data,1/12/2025 3:25,1/12/2025 3:09,+07:00,2024042601,e15c95c6-12c2-4f80-bf9c-1d15831686b0,ed015c0d-b14c-41d4-8671-240927e27b6e,
1/12/2025,9:49:03,Pinky,,Old infant Juvenile 2 Pat,,,rest. Focal end,RN,ct:a31304f7c3a74c3d0000000000000000,,,Save data,1/12/2025 2:49,1/12/2025 2:49,+07:00,2024042601,ad87fb10-a7e4-4def-bfd3-800f8cecc1f7,de6365ba-f89e-450f-aed4-ac6b0a1b44aa,
1/12/2025,9:33:30,Pinky,,,,,rest. Focal start,RN,ct:a31304f7c3a74c3d0000000000000000,,,Save data,1/12/2025 2:49,1/12/2025 2:33,+07:00,2024042601,e3e3feba-d6e1-4494-a1c1-b104c6d02782,86833164-4e81-4d6a-8457-abd7087fe024,
1/12/2025,9:31:27,Pat,,,Old infant,Pinky,Lip's old inf (female). move. Focal end,RN,ct:a31304f7c3a74c3d0000000000000000,,,Save data,1/12/2025 2:31,1/12/2025 2:31,+07:00,2024042601,03c522ee-104b-415d-9b0e-e982d0a2a1db,774ae8c8-0259-4ee9-a553-852b5eb63188,
1/12/2025,9:15:36,Pat,,Old infant,,,Lip's old inf. foraging without tools. Focal start,RN,ct:a31304f7c3a74c3d0000000000000000,,,Save data,1/12/2025 2:31,1/12/2025 2:15,+07:00,2024042601,2cbac430-e6be-4f48-81ea-2b08262edb10,5ecf8d7f-0d62-4430-926b-22df0bebb82a,
1/12/2025,8:39:36,Robin,,,Bat Dandi,,foraging without tools. Focal end,RN,ct:a31304f7c3a74c3d0000000000000000,,,Save data,1/12/2025 1:39,1/12/2025 1:39,+07:00,2024042601,24909dff-21f2-479d-ba35-b63f5ecd3f9d,c0c2d646-869e-4332-897e-a0b2398fa252,
1/12/2025,8:23:58,Robin,,Yaiko,,,foraging without tools. Focal strt,RN,ct:a31304f7c3a74c3d0000000000000000,,,Save data,1/12/2025 1:39,1/12/2025 1:23,+07:00,2024042601,fbdfdb09-5e66-4697-ae15-85157b7a0200,0604b70b-20d8-47c8-a398-af10dcce2123,
1/12/2025,8:13:18,Ted,,Old infant,Babosa,Old infant Juvenile 1,foraging without tools. Focal end,RN,ct:a31304f7c3a74c3d0000000000000000,,,Save data,1/12/2025 1:13,1/12/2025 1:13,+07:00,2024042601,146f255c-31e9-49ba-8982-92e853da0e8b,a98967df-a63b-46f8-a6ac-861065e686c2,
1/12/2025,7:57:03,Ted,,Ali,Cacao,Kal,foraging without tools. Focal start,RN,ct:a31304f7c3a74c3d0000000000000000,,,Save data,1/12/2025 1:13,1/12/2025 0:57,+07:00,2024042601,d4cabb12-a9f6-46e0-8c7f-ea61ef0a44ba,82bd9a4c-efaf-4a3c-ba9a-959e720a36e1,
1/12/2025,7:48:09,Yaiko,,,,,foraging without tools. Focal end,RN,ct:a31304f7c3a74c3d0000000000000000,,,Save data,1/12/2025 0:48,1/12/2025 0:48,+07:00,2024042601,c7464726-1f53-49f0-8512-65ee470d010f,6f9e27a2-33e3-4325-bb41-3668c65c01b0,
1/12/2025,7:32:31,Yaiko,,,,,foraging without tools. Focal start,RN,ct:a31304f7c3a74c3d0000000000000000,,,Save data,1/12/2025 0:48,1/12/2025 0:32,+07:00,2024042601,ea92d664-15a3-4a20-84df-1fdad408d80f,9e910158-9eed-44b0-8cd4-5204b72060e5,
1/15/2025,17:07:02,Vula,,,Whitney,,stone-tool use (oyster). Focal start. Chicken island,RN,ct:a31304f7c3a74c3d0000000000000000,,,Save data,1/15/2025 10:07,1/15/2025 10:07,+07:00,2024042601,580eff38-7a0b-4d79-b8ea-722923c2a0ba,dbc20190-0e72-4aba-bf4e-75d8dacb832d,
1/15/2025,16:52:22,Vula,,,,,stone-tool use (oyster). Focal start. Chicken island,RN,ct:a31304f7c3a74c3d0000000000000000,,,Save data,1/15/2025 10:07,1/15/2025 9:52,+07:00,2024042601,2424ce88-9688-4ab9-a037-fba0273a51e3,bae20753-d13d-4141-937a-620cc97b46e7,
1/15/2025,16:46:36,Ali,,,,,stone-tool use (oyster). Focal end. Chicken island,RN,ct:a31304f7c3a74c3d0000000000000000,,,Save data,1/15/2025 9:46,1/15/2025 9:46,+07:00,2024042601,11dbfcd7-cd69-410e-9af5-68f66048b618,d36e1d7e-44c8-4640-b6b4-21aa1ad2ec22,
1/15/2025,16:30:33,Kal,,,,,stone-tool use (oyster). Focal start. Chicken island,RN,ct:a31304f7c3a74c3d0000000000000000,,,Save data,1/15/2025 9:46,1/15/2025 9:30,+07:00,2024042601,9ca34ed8-9e41-4b29-89fc-3004dbfccf29,e7db8968-9219-452f-9315-665f37b2ecd1,
1/15/2025,15:27:40,Lip,,,,,foraging without tools. Focal end,RN,ct:a31304f7c3a74c3d0000000000000000,,,Save data,1/15/2025 8:27,1/15/2025 8:27,+07:00,2024042601,7504a2c9-9a55-4336-9208-e6249b2d27fb,013ba760-75ed-4bd2-b1db-35f6c48eb98b,
1/15/2025,15:12:10,Lip,,,,,search. Focal start,RN,ct:a31304f7c3a74c3d0000000000000000,,,Save data,1/15/2025 8:27,1/15/2025 8:12,+07:00,2024042601,43e13d04-b511-41a2-88ef-260abdf10e0b,dce7b674-57f8-490f-9f30-59b0a504b570,
1/15/2025,14:53:40,Ali,,Kal,,,foraging without tools. Focal start,RN,ct:a31304f7c3a74c3d0000000000000000,,,Save data,1/15/2025 8:27,1/15/2025 7:53,+07:00,2024042601,69506596-9aa0-4a77-aa28-a28f079311b4,db5cf405-f50b-4fc2-a4b1-5cc9db4ce1e0,
1/15/2025,14:12:13,Babosa,,,,,rest. Focal end,RN,ct:a31304f7c3a74c3d0000000000000000,,,Save data,1/15/2025 7:12,1/15/2025 7:12,+07:00,2024042601,bcac7d95-da09-4dca-9359-fd59affa47c9,faa400af-65b2-49f8-b47e-2d0342626aea,
1/15/2025,13:56:48,Babosa,,,,,rest. Focal start,RN,ct:a31304f7c3a74c3d0000000000000000,,,Save data,1/15/2025 7:12,1/15/2025 6:56,+07:00,2024042601,4b8bf73d-e22a-443e-8e7a-525b96c1e4ff,38731de0-76bf-4fc3-974a-2bfd5e592761,
1/15/2025,13:43:25,Pat,,,Old infant Taipan,,foraging without tools. Focal end,RN,ct:a31304f7c3a74c3d0000000000000000,,,Save data,1/15/2025 6:43,1/15/2025 6:43,+07:00,2024042601,9021276a-6dbe-42e2-b477-ada355dbdc81,8196872a-1bd6-4ff3-8d20-df9ab607e707,
1/15/2025,13:27:46,Pat,,,,,rest. Focal start,RN,ct:a31304f7c3a74c3d0000000000000000,,,Save data,1/15/2025 6:43,1/15/2025 6:27,+07:00,2024042601,18aba9f1-17ec-40cb-97e2-f605f2bdcbb6,e51052df-c630-4bfb-8844-8d4933165451,
1/15/2025,12:25:54,Babosa,,,,,rest. Focal start,RN,ct:a31304f7c3a74c3d0000000000000000,,,Save data,1/15/2025 6:43,1/15/2025 5:25,+07:00,2024042601,48e61423-5825-40d1-b892-40294486cdd1,3b90c675-4f01-4691-aae5-ebbf1c5955df,
1/15/2025,11:57:16,Lip,,,,,foraging without tools. Focal start,RN,ct:a31304f7c3a74c3d0000000000000000,,,Save data,1/15/2025 6:43,1/15/2025 4:57,+07:00,2024042601,7ceb068f-4145-42bf-9dd6-12385bbe3d03,22f4b4b8-ac00-418c-896a-3510834440db,
1/15/2025,11:50:38,Bat,,,,,move. Focal end,RN,ct:a31304f7c3a74c3d0000000000000000,,,Save data,1/15/2025 4:50,1/15/2025 4:50,+07:00,2024042601,3ecdf5cd-7f6e-4f2d-818a-6c19ff4ed5bb,b00baeb2-8b9a-409d-9413-70645aa431ab,
1/15/2025,11:35:00,Bat,,,,,rest. Focal start,RN,ct:a31304f7c3a74c3d0000000000000000,,,Save data,1/15/2025 4:50,1/15/2025 4:35,+07:00,2024042601,88378f4b-5de7-4ad6-b7a8-8abfef303555,5d223d35-dd67-4333-a54b-01c15d37b8b3,
1/15/2025,10:58:17,Taipan,,,,,rest. Focal end,RN,ct:a31304f7c3a74c3d0000000000000000,,,Save data,1/15/2025 3:58,1/15/2025 3:58,+07:00,2024042601,ca828455-08e2-48fb-8c6e-e11cdbc23785,4658c1b2-cf2c-419a-90aa-177872f8aae4,
1/15/2025,10:42:37,Taipan,,,,,foraging without tools. Focal start,RN,ct:a31304f7c3a74c3d0000000000000000,,,Save data,1/15/2025 3:58,1/15/2025 3:42,+07:00,2024042601,422dac8c-6ec9-4dcf-8281-2fb9b4d5ce8a,58c41908-6fb7-4bc0-8e3f-3d618bd4fcf4,
1/15/2025,10:38:59,Whitney,,,,,rest. Focal end,RN,ct:a31304f7c3a74c3d0000000000000000,,,Save data,1/15/2025 3:39,1/15/2025 3:38,+07:00,2024042601,7eb122f0-8ed5-4392-9045-5dc54e2b0770,aae72a6b-5bf3-484d-b685-515d2587ebc0,
1/15/2025,10:23:03,Whitney,,,,,rest. Focal start,RN,ct:a31304f7c3a74c3d0000000000000000,,,Save data,1/15/2025 3:39,1/15/2025 3:23,+07:00,2024042601,4915c8f1-05b4-4dc3-b7da-d38df455fd48,8267146e-9674-413d-9bc8-7150a1cfa5fa,
1/15/2025,10:16:43,Granny,,,Juvenile 2,,move. Focal end,RN,ct:a31304f7c3a74c3d0000000000000000,,,Save data,1/15/2025 3:16,1/15/2025 3:16,+07:00,2024042601,8fb36a3f-474c-45fd-85e7-a619ee1090ef,2d2431d7-7a03-42f1-8cd9-c3f8dcc6dbfa,
1/15/2025,10:00:58,Granny,F_Subadult,Juvenile 2,,,rest. Focal start,RN,ct:a31304f7c3a74c3d0000000000000000,,,Save data,1/15/2025 3:16,1/15/2025 3:00,+07:00,2024042601,0cfde20a-6e75-49ab-a278-075221b3fe00,3ec78f84-286d-43b7-8caa-997ae8b2a0f9,
1/15/2025,9:52:56,Robin,,,,,foraging without tools. Focal end,RN,ct:a31304f7c3a74c3d0000000000000000,,,Save data,1/15/2025 2:52,1/15/2025 2:52,+07:00,2024042601,4eccd04d-2052-495e-ac2a-ccc04d7cc75f,a1f881cd-9259-4404-8c3c-bd8ed1f890cb,
1/15/2025,9:37:19,Robin,,F_Subadult Iyla Jim Lim,,,foraging without tools. Focal start,RN,ct:a31304f7c3a74c3d0000000000000000,,,Save data,1/15/2025 2:52,1/15/2025 2:37,+07:00,2024042601,c3d8f0df-94e9-46c0-87c8-ebb488932c69,93e1c88b-b8d3-4a73-8026-adc52d6297b8,
1/15/2025,9:30:47,Robin,,,,,rest. Focal start,RN,ct:a31304f7c3a74c3d0000000000000000,,,Save data,1/15/2025 2:52,1/15/2025 2:30,+07:00,2024042601,c99bfc2e-fc4c-4882-9518-81301a01499e,2f883a0e-38ea-4f5a-a055-308ef52d3173,
1/15/2025,9:28:04,Jim Lim,,,,,move. Focal end,RN,ct:a31304f7c3a74c3d0000000000000000,,,Save data,1/15/2025 2:28,1/15/2025 2:28,+07:00,2024042601,8f4a7da3-3a88-4566-a30e-7c67e8ba65a0,e7feac05-e43c-47ce-899e-2f4ae2c0d265,
1/15/2025,9:12:32,Jim Lim,Juvenile 2,,Black infant Naina,Juvenile 2,rest. Focal start,RN,ct:a31304f7c3a74c3d0000000000000000,,,Save data,1/15/2025 2:28,1/15/2025 2:12,+07:00,2024042601,e2198008-32cd-457d-93c6-d9fd775c7d6b,5afbcf3b-b3c5-4b1a-a34a-2ba0d218003c,
1/15/2025,9:05:23,Iyla,,,,,foraging without tools. Focal end. Prev scan was for Iyla,RN,ct:a31304f7c3a74c3d0000000000000000,,,Save data,1/15/2025 2:05,1/15/2025 2:05,+07:00,2024042601,73c6658f-3456-4b08-8e89-b390478933aa,9ac5a073-d478-40d3-97fc-4a88a82799cb,
1/15/2025,8:49:29,Vula,,,,Pat,foraging without tools. Focal start,RN,ct:a31304f7c3a74c3d0000000000000000,,,Save data,1/15/2025 2:05,1/15/2025 1:49,+07:00,2024042601,45a810dd-9e75-4c48-8188-9bb2ec9fe223,62b22146-1f83-415a-8b42-62cb178fe430,
1/15/2025,8:07:42,Naina,Black infant,Juvenile 1,Juvenile 2,Juvenile 1,stone-tool use (oyster). Focal start. Pig island,RN,ct:a31304f7c3a74c3d0000000000000000,,,Save data,1/15/2025 2:05,1/15/2025 1:07,+07:00,2024042601,b77908de-74be-48d6-b932-40fd7d13f427,3c11b044-1847-4eaa-82c8-328dec4435d6,
1/15/2025,7:54:26,Betina,,,,,foraging without tools. Focal end,RN,ct:a31304f7c3a74c3d0000000000000000,,,Save data,1/15/2025 0:54,1/15/2025 0:54,+07:00,2024042601,6dcef343-8fde-40aa-99c5-bc45e77658d7,8764c698-49dd-4bd4-b02d-58c05c671473,
1/15/2025,7:38:45,Betina,,,,,rest. Focal start,RN,ct:a31304f7c3a74c3d0000000000000000,,,Save data,1/15/2025 0:54,1/15/2025 0:38,+07:00,2024042601,7ae09502-c2f0-4499-b5a8-d779c27b4769,b8b3626f-5e94-4ad4-8e5e-b08da83cce76,
1/16/2025,17:08:00,Ted,,,Vula,,search. Focal start. Pig island,RN,ct:a31304f7c3a74c3d0000000000000000,,,Save data,1/17/2025 0:43,1/16/2025 10:08,+07:00,2024042601,394d4b29-ab5a-4f62-a559-8ae1a548e8e6,be820394-992e-4c6f-b560-9fa2584f9c21,
1/16/2025,15:50:51,Tutu,,,,,search. Focal end,RN,ct:a31304f7c3a74c3d0000000000000000,,,Save data,1/16/2025 8:50,1/16/2025 8:50,+07:00,2024042601,bba73760-8841-47f5-a2b3-083959434400,d0d978e8-cb39-49aa-a66b-ce13b51a61f8,
1/16/2025,15:35:14,Tutu,,,Black infant Naina,Flame,stone-tool use. Focal start,RN,ct:a31304f7c3a74c3d0000000000000000,,,Save data,1/16/2025 8:50,1/16/2025 8:35,+07:00,2024042601,b302ef77-786b-427a-9c5d-dd3831f488b3,c65543cf-c60c-4874-9881-a27bcf29ff49,
1/16/2025,15:29:47,Harley,,Juvenile 2,Jaan,,stone-tool use (oyster). Focal end,RN,ct:a31304f7c3a74c3d0000000000000000,,,Save data,1/16/2025 8:29,1/16/2025 8:29,+07:00,2024042601,cac5d2dd-eb14-4b94-8214-59b338b6d53b,492b781b-d80a-4cfa-aadd-d887e7a2f36e,
1/16/2025,15:13:18,Harley,,,,,stone-tool use. Focal start,RN,ct:a31304f7c3a74c3d0000000000000000,,,Save data,1/16/2025 8:29,1/16/2025 8:13,+07:00,2024042601,732b20c0-9cfb-4eae-a211-29cdb30e65be,4cafaa74-efd3-4c70-ab2b-8ac4b97efd50,
1/16/2025,14:45:06,Harley,,Black infant Naina,,,rest. Focal start,RN,ct:a31304f7c3a74c3d0000000000000000,,,Save data,1/16/2025 8:29,1/16/2025 7:45,+07:00,2024042601,a0cd3ea8-2d0d-4332-8a47-f5eeb08483ac,5a90cd26-ad4a-4b1d-aae8-7c56bb49b3d8,
1/16/2025,14:18:25,Lady Boy,,,,,rest. Focal start,RN,ct:a31304f7c3a74c3d0000000000000000,,,Save data,1/16/2025 8:29,1/16/2025 7:18,+07:00,2024042601,c2f55114-905a-4cd3-b163-fc6d92180631,1cb6ccc4-4e1b-44c7-b506-49c74b0d0aab,
1/16/2025,13:30:08,Cacao,Kal,,,,Grooming. Focal end,RN,ct:a31304f7c3a74c3d0000000000000000,,,Save data,1/16/2025 6:30,1/16/2025 6:30,+07:00,2024042601,91dccb77-2cb8-43b8-9390-790031cd91f7,684af368-ba29-4c80-9d87-960ea7b0890b,
1/16/2025,13:14:25,Cacao,,,,,rest. Focal start,RN,ct:a31304f7c3a74c3d0000000000000000,,,Save data,1/16/2025 6:30,1/16/2025 6:14,+07:00,2024042601,da80d86e-9a58-48e3-b01f-332949c3fd4b,10ae1dae-0166-4b18-8f46-bc6fe2c44439,
1/16/2025,13:04:52,Pinky,,,,F_Subadult,rest. Focal end,RN,ct:a31304f7c3a74c3d0000000000000000,,,Save data,1/16/2025 6:04,1/16/2025 6:04,+07:00,2024042601,70b1b034-1535-4036-a8eb-4a78d885bdbe,6668a9e5-7b4e-4be5-a233-e83b539d46c0,
1/16/2025,12:49:15,Pinky,Kal,,,,Grooming. Focal start,RN,ct:a31304f7c3a74c3d0000000000000000,,,Save data,1/16/2025 6:04,1/16/2025 5:49,+07:00,2024042601,b3737d4b-b417-4f17-b3ca-e90d57d8854f,b1b4e32c-4ced-4d88-ac9a-bc801f3becba,
1/16/2025,12:21:01,Cacao,,,,,rest. Focal start,RN,ct:a31304f7c3a74c3d0000000000000000,,,Save data,1/16/2025 6:04,1/16/2025 5:21,+07:00,2024042601,06df565a-57f8-42ae-83a4-42881afb0a84,98707a01-9a2f-4700-ad81-bd28149413d9,
1/16/2025,12:16:54,Belanda,Cacao,,,,rest. Focal end,RN,ct:a31304f7c3a74c3d0000000000000000,,,Save data,1/16/2025 5:16,1/16/2025 5:16,+07:00,2024042601,231e6495-004a-43fd-977c-00f102680c0e,16866205-eabc-4b3e-93e8-2c7e207646e3,
1/16/2025,12:01:09,Belanda,,,,,rest. Focal start,RN,ct:a31304f7c3a74c3d0000000000000000,,,Save data,1/16/2025 5:16,1/16/2025 5:01,+07:00,2024042601,87055d9d-03c2-4a0d-b6cb-9343cb797799,2be7ca72-fcf5-4066-9372-afdf126c7410,
1/16/2025,11:49:04,Yaiko,Babosa,,,,Grooming. Focal end,RN,ct:a31304f7c3a74c3d0000000000000000,,,Save data,1/16/2025 4:49,1/16/2025 4:49,+07:00,2024042601,4d25c400-e9e7-4975-9412-d73f5f0aec2b,191a3963-5190-4764-9146-16b9c608707e,
1/16/2025,11:33:09,Yaiko,,,,,foraging without tools. Focal start,RN,ct:a31304f7c3a74c3d0000000000000000,,,Save data,1/16/2025 4:49,1/16/2025 4:33,+07:00,2024042601,21b4a78a-6c32-493b-bf17-f05b7c3649f3,6f186444-05cc-4ddb-8598-5ad4e55df299,
1/16/2025,10:52:40,Vula,Old infant Juvenile 2,Juvenile 2 Quindoline,,Juvenile 2,Grooming. Focal end,RN,ct:a31304f7c3a74c3d0000000000000000,,,Save data,1/16/2025 3:52,1/16/2025 3:52,+07:00,2024042601,63f0c7a6-68c9-45b0-abe4-7171e56d8510,95ef0363-c321-4f6d-9800-bbb500305463,
1/16/2025,10:35:19,Vula,Old infant,Old infant Juvenile 1 Juvenile 2 Quindoline,,,Groomimg. Focal start,RN,ct:a31304f7c3a74c3d0000000000000000,,,Save data,1/16/2025 3:52,1/16/2025 3:35,+07:00,2024042601,de62ed3a-d3f2-4143-9008-1f33392c5971,449347b9-5a19-493a-8e5b-e97967c00b2a,
1/16/2025,10:33:00,Kal,,,Juvenile 2 Pinky,,rest. Focal end,RN,ct:a31304f7c3a74c3d0000000000000000,,,Save data,1/16/2025 3:33,1/16/2025 3:33,+07:00,2024042601,1ee5cd48-19fc-476f-b436-cdecc75d1baf,3ea43168-1414-43f0-b8f4-cbaa5b398337,
1/16/2025,10:17:33,Kal,,Juvenile 1,,,rest. Focal start,RN,ct:a31304f7c3a74c3d0000000000000000,,,Save data,1/16/2025 3:33,1/16/2025 3:17,+07:00,2024042601,9efda1ef-e8e7-4fdc-b8e0-4a18dafd6e73,e5f2ab62-0d54-42f9-b67a-32ca1d8a90a2,
1/16/2025,10:13:26,Flame,,,,,foraging without tools. Focal end,RN,ct:a31304f7c3a74c3d0000000000000000,,,Save data,1/16/2025 3:13,1/16/2025 3:13,+07:00,2024042601,07e9820e-7ef3-41bb-a445-451185ece876,354c19d0-0894-458b-8e8d-980494b43773,
1/16/2025,9:57:46,Flame,,,,F_Subadult,foraging without tools. Focal start,RN,ct:a31304f7c3a74c3d0000000000000000,,,Save data,1/16/2025 3:13,1/16/2025 2:57,+07:00,2024042601,52ddced6-1c0a-4d1a-aaab-d20ddb50fbb1,2bddd91d-4660-49be-9047-a57515ccc979,
1/16/2025,9:25:06,Oreo,,,,,rest. Focal end,RN,ct:a31304f7c3a74c3d0000000000000000,,,Save data,1/16/2025 2:25,1/16/2025 2:25,+07:00,2024042601,d2e50508-78f9-4757-9574-b7a68ca99eba,d4765393-42be-44d6-a6a6-7987324dd611,
1/16/2025,9:07:09,Oreo,,,,,rest. Focal start,RN,ct:a31304f7c3a74c3d0000000000000000,,,Save data,1/16/2025 2:25,1/16/2025 2:07,+07:00,2024042601,a654b477-17ea-4c39-848d-f3778fd44838,8996e223-4980-41c1-a3c6-99c1c14835b3,
1/16/2025,8:30:28,Santa,,,,,foraging without tools. Focal end. Chicken island,RN,ct:a31304f7c3a74c3d0000000000000000,,,Save data,1/16/2025 1:30,1/16/2025 1:30,+07:00,2024042601,34bd2882-a29c-4091-8031-bbbba0e80337,2cde4e05-d547-4f97-a841-8cc996d321e2,
1/16/2025,8:14:53,Santa,,,,,stone-tool use. Chicken island. Focal start. ,RN,ct:a31304f7c3a74c3d0000000000000000,,,Save data,1/16/2025 1:30,1/16/2025 1:14,+07:00,2024042601,c7d98587-7e66-4ea0-bb26-6fc48f7a9bdb,69078827-5def-4e19-b04d-bf43c5c7129e,
1/16/2025,8:13:16,Quindoline,,Juvenile 2,,,stone-tool use. Chicken island. Focal end.,RN,ct:a31304f7c3a74c3d0000000000000000,,,Save data,1/16/2025 1:13,1/16/2025 1:13,+07:00,2024042601,00d9af1a-f3c6-437e-ada0-f6b29bd08019,b6af8167-0eee-4d36-8705-e436fefaeed2,
1/16/2025,7:57:33,Quindoline,,,Vula,,stone-tool use (oyster). Chicken island. Focal start. ,RN,ct:a31304f7c3a74c3d0000000000000000,,,Save data,1/16/2025 1:13,1/16/2025 0:57,+07:00,2024042601,d4fdb70a-eae6-4608-b56b-e0907b57c638,01a87a21-745c-45dd-8dd9-081d54839208,
1/16/2025,7:53:32,Kaya,,,,,foraging without tools. Focal e d. Chicken island,RN,ct:a31304f7c3a74c3d0000000000000000,,,Save data,1/16/2025 0:53,1/16/2025 0:53,+07:00,2024042601,05cc51a2-ebd1-487a-8d62-69e8d560a592,29875318-b164-461f-89bd-7a38e86c09af,
1/16/2025,7:37:42,Kaya,,,,Kal,stone-tool use (oyster). Chicken island. Focal start. ,RN,ct:a31304f7c3a74c3d0000000000000000,,,Save data,1/16/2025 0:53,1/16/2025 0:37,+07:00,2024042601,eb1bedf3-80f9-4d94-8c1a-9c2431f1be22,0ea6b413-6c25-44ea-b8c1-385ed646f029,
1/17/2025,16:56:13,Quindoline,,,,,stone-tool use. Focal end,RN,ct:a31304f7c3a74c3d0000000000000000,,,Save data,1/17/2025 9:56,1/17/2025 9:56,+07:00,2024042601,dfd0d7f3-422a-4e9e-b735-f3d69000c4e7,5b13f16d-f33c-4de2-bce0-188b0d053ec9,
1/17/2025,16:40:45,Quindoline,,Old infant,,F_Subadult,stone-tool use (oyster). Focal start,RN,ct:a31304f7c3a74c3d0000000000000000,,,Save data,1/17/2025 9:56,1/17/2025 9:40,+07:00,2024042601,f2723a5a-ef0b-4545-929c-746f580bea07,41b71ec5-480e-4008-8642-734832c09017,
1/17/2025,15:56:13,Ali,,Juvenile 2 Kal,,,rest. Focal emd,RN,ct:a31304f7c3a74c3d0000000000000000,,,Save data,1/17/2025 8:56,1/17/2025 8:56,+07:00,2024042601,e72577ba-d850-41c1-aba8-3f5e65e3e2c9,4713667d-01d9-4c6a-91e4-2cca8a8361de,
1/17/2025,15:40:38,Ali,Kal,M_Subadult,,,rest. Focal start,RN,ct:a31304f7c3a74c3d0000000000000000,,,Save data,1/17/2025 8:56,1/17/2025 8:40,+07:00,2024042601,42bf70e5-3479-43a4-b5ac-a9853350fd0a,d859caeb-503c-48e7-a796-e0ccc12f3a8f,
1/17/2025,15:18:48,Pinky,Juvenile 2 F_Subadult,,,,Grooming. Focak end,RN,ct:a31304f7c3a74c3d0000000000000000,,,Save data,1/17/2025 8:18,1/17/2025 8:18,+07:00,2024042601,11aebce8-68d4-489c-888c-e60f833e786b,7c4c32fe-f835-4c02-851f-028314c7e035,
1/17/2025,15:03:15,Pinky,F_Subadult,,,Juvenile 2,rest. Focal start,RN,ct:a31304f7c3a74c3d0000000000000000,,,Save data,1/17/2025 8:18,1/17/2025 8:03,+07:00,2024042601,af16b301-24b2-4581-8350-c1a832d39ddb,22fbd3b8-62b8-4e01-8206-245c24f0e710,
1/17/2025,14:50:21,Granny,Old infant F_Subadult,,,,Grooming. Focal end,RN,ct:a31304f7c3a74c3d0000000000000000,,,Save data,1/17/2025 7:50,1/17/2025 7:50,+07:00,2024042601,de3a4380-4b8d-4184-83e3-e5aba0b2c6dd,c9cbf95d-f9c7-4d86-97c8-82786b0aae53,
1/17/2025,14:34:23,Granny,Old infant Juvenile 2,F_Adult,,,rest. Focal start,RN,ct:a31304f7c3a74c3d0000000000000000,,,Save data,1/17/2025 7:50,1/17/2025 7:34,+07:00,2024042601,7c4215cb-1b6f-4794-96aa-58f011fcf984,3e84fd82-f64c-459b-890a-e47cddd847ac,
1/17/2025,14:18:49,Cacao,Juvenile 2,,,Kaya Whitney,Grooming. Focal end,RN,ct:a31304f7c3a74c3d0000000000000000,,,Save data,1/17/2025 7:18,1/17/2025 7:18,+07:00,2024042601,56b3e202-9fac-4d5f-80fe-c4979e004998,223e66fd-015d-4e6f-ab03-d0ab6ef5aa5c,
1/17/2025,14:03:11,Cacao,Juvenile 2,,,Kaya Whitney,rest. Focal start,RN,ct:a31304f7c3a74c3d0000000000000000,,,Save data,1/17/2025 7:18,1/17/2025 7:03,+07:00,2024042601,ecade50d-6b18-4b45-9226-59f23e3c1923,b55d1ce7-bf11-433f-bfb0-8778980dbb3e,
1/17/2025,12:25:21,Aura,,,,,foraging without tools. Focal end ,RN,ct:a31304f7c3a74c3d0000000000000000,,,Save data,1/17/2025 5:25,1/17/2025 5:25,+07:00,2024042601,b44ba00b-a574-4815-b04a-62f04f80d2a1,cbed76ff-9b09-4d96-abe5-26c8ca3086af,
1/17/2025,12:09:36,Aura,,,,Juvenile 2,move. Focal end,RN,ct:a31304f7c3a74c3d0000000000000000,,,Save data,1/17/2025 5:25,1/17/2025 5:09,+07:00,2024042601,b7e8891c-1894-4c07-af1c-efa0603b18fb,12855e58-d028-41d2-aa9f-1de507929a94,
1/17/2025,12:07:26,Quindoline,Old infant Iyla,Juvenile 1,,Juvenile 2,Grooming. Focal end,RN,ct:a31304f7c3a74c3d0000000000000000,,,Save data,1/17/2025 5:07,1/17/2025 5:07,+07:00,2024042601,2a124123-ae65-4ef2-b018-74c814f21c90,53808e10-c931-4b8d-99fc-e04515a5d4ed,
1/17/2025,11:51:23,Quindoline,Jim Lim,Juvenile 1 Juvenile 2 Iyla,,Old infant,rest. Focal start,RN,ct:a31304f7c3a74c3d0000000000000000,,,Save data,1/17/2025 5:07,1/17/2025 4:51,+07:00,2024042601,c972ef0d-b3cd-4f54-8ee9-7c13352ce02e,598c1b04-2ea8-492f-ad63-2b9a91c3fe1f,
1/17/2025,11:23:56,Vula,,Old infant,,Whitney,foraging without tools. Focal end,RN,ct:a31304f7c3a74c3d0000000000000000,,,Save data,1/17/2025 5:07,1/17/2025 4:23,+07:00,2024042601,c811f019-c263-42f2-90ad-ffe750667b35,beaf5d8d-6d26-4540-bc6b-8e1862e14cc6,
1/17/2025,11:08:11,Vula,Old infant Whitney,,Juvenile 2 F_Subadult,,rest. Focal start,RN,ct:a31304f7c3a74c3d0000000000000000,,,Save data,1/17/2025 5:07,1/17/2025 4:08,+07:00,2024042601,2ce6c5eb-8911-45a6-90a7-c875329efa1c,fc7d64e3-3dfc-40a2-8b49-4f79b44c88f2,
1/17/2025,11:03:38,Jim Lim,,,,,rest. Focal end,RN,ct:a31304f7c3a74c3d0000000000000000,,,Save data,1/17/2025 4:03,1/17/2025 4:03,+07:00,2024042601,28c058e0-682b-48a2-b32c-32bf7fdf0a5f,7201de01-c068-40e7-9677-3fa704ca0e97,
1/17/2025,10:46:58,Jim Lim,Lady Boy,,Pat,,rest. Focal start,RN,ct:a31304f7c3a74c3d0000000000000000,,,Save data,1/17/2025 4:03,1/17/2025 3:46,+07:00,2024042601,55c5dd44-1543-4506-907f-5bbce819127a,0503eec1-be8d-4efb-ac98-f14b03f3d09e,
1/17/2025,10:03:41,Betina,Dandi,,Juvenile 2,,foraging without tools. Focal end,RN,ct:a31304f7c3a74c3d0000000000000000,,,Save data,1/17/2025 4:03,1/17/2025 3:03,+07:00,2024042601,25962b06-42a9-4d37-9b44-621c7371a536,32df5dd8-25a7-42f9-aeb7-0a193098106e,
1/17/2025,9:29:40,Yaiko,Cacao,,,,rest. Focal start,RN,ct:a31304f7c3a74c3d0000000000000000,,,Save data,1/17/2025 4:03,1/17/2025 2:29,+07:00,2024042601,0ff94535-d08e-486b-a069-bcd2e7ede0a5,27c3efec-838f-4b98-a8b9-15c5f7134f25,
1/17/2025,9:22:42,Whitney,,,,,stone-tool use. Focal end,RN,ct:a31304f7c3a74c3d0000000000000000,,,Save data,1/17/2025 2:22,1/17/2025 2:22,+07:00,2024042601,159e959e-4c33-4f2f-b040-13d46fbf7c2f,3c214754-7ce9-4f2d-9ed7-6bab3502ab6f,
1/17/2025,9:07:05,Whitney,,Juvenile 1,,,stone-tool use. Focal start,RN,ct:a31304f7c3a74c3d0000000000000000,,,Save data,1/17/2025 2:22,1/17/2025 2:07,+07:00,2024042601,ca2c1c03-1964-4b50-bd27-5eaa60c91557,3cd8ce44-7bb8-4218-930b-26fd91354b66,
1/17/2025,8:34:17,Robin,,,,,foraging without tools. Focal start,RN,ct:a31304f7c3a74c3d0000000000000000,,,Save data,1/17/2025 2:22,1/17/2025 1:34,+07:00,2024042601,f9b503f9-d5e0-4c42-a99b-2690901c3966,2072f8ce-1814-4a54-9452-2e6aaf90bcfa,
1/17/2025,8:06:53,Iyla,,,,,move. Focal end,RN,ct:a31304f7c3a74c3d0000000000000000,,,Save data,1/17/2025 1:06,1/17/2025 1:06,+07:00,2024042601,cdd49bf4-faf8-4217-967e-2f228e5685ea,c359104a-6cd2-4671-81b3-93834917efcc,
1/17/2025,7:51:02,Iyla,,,F_Subadult,,foraging without tools. Focal start,RN,ct:a31304f7c3a74c3d0000000000000000,,,Save data,1/17/2025 1:06,1/17/2025 0:51,+07:00,2024042601,bea0dad8-7efc-48ed-8606-8eedf1d11779,37b94d88-e8af-4606-b056-ce91dd1635f2,
1/17/2025,7:44:04,Betina,,,,,foraging without tools. Focal start,RN,ct:a31304f7c3a74c3d0000000000000000,,,Save data,1/17/2025 1:06,1/17/2025 0:44,+07:00,2024042601,877ffe90-1e1a-4adc-948f-35481b0ea560,a771b9d8-1d01-4305-a404-95e576cdaaf5,
1/19/2025,16:04:39,Vula,,,,Whitney,move. Focal end,RN,ct:a31304f7c3a74c3d0000000000000000,,,Save data,1/19/2025 9:04,1/19/2025 9:04,+07:00,2024042601,015a6b8a-cde4-4260-84d2-20169907dee5,50aa3655-7888-4751-8ed8-80c9320de4a5,
1/19/2025,15:48:52,Vula,Old infant Whitney,,,,rest. Focal start,RN,ct:a31304f7c3a74c3d0000000000000000,,,Save data,1/19/2025 9:04,1/19/2025 8:48,+07:00,2024042601,19c378d6-24ee-4dab-8d1d-6538e1550b2d,92578af2-8b67-4edf-9ff3-fc3e686be1db,
1/19/2025,15:33:52,Aura,Black infant Naina,,,Old infant Kaya Quindoline,Grooming. Focal start,RN,ct:a31304f7c3a74c3d0000000000000000,,,Save data,1/19/2025 9:04,1/19/2025 8:33,+07:00,2024042601,df00c8c5-1bc1-4ce0-a70c-9b277e78fb7f,4b88f93e-6c44-49eb-891c-be64a6a1f3e6,
1/19/2025,15:04:11,Pinky,Kal F_Subadult,,,Jim Lim,rest. Focal end,RN,ct:a31304f7c3a74c3d0000000000000000,,,Save data,1/19/2025 8:04,1/19/2025 8:04,+07:00,2024042601,1dee599c-ca5a-476f-9d5f-cdb7d4bda19b,39f7a832-20e2-4903-b14d-36404833e2f1,
1/19/2025,14:48:36,Pinky,Kal F_Subadult,,,,Grooming. Focal start,RN,ct:a31304f7c3a74c3d0000000000000000,,,Save data,1/19/2025 8:04,1/19/2025 7:48,+07:00,2024042601,b6bd4a4e-6bb3-443d-934d-5b5ef1878c71,c6436010-3e30-48d6-a4a7-cceb991a8dd5,
1/19/2025,14:47:27,Jim Lim,,,,,rest. Focal end,RN,ct:a31304f7c3a74c3d0000000000000000,,,Save data,1/19/2025 7:47,1/19/2025 7:47,+07:00,2024042601,24ce2257-22d0-49f0-a665-08de08012704,4941125d-3991-4165-91a8-c546b9ea497b,
1/19/2025,14:31:32,Jim Lim,,,,,rest. Focal start,RN,ct:a31304f7c3a74c3d0000000000000000,,,Save data,1/19/2025 7:47,1/19/2025 7:31,+07:00,2024042601,b4a1f270-71e0-4393-a1a3-e45ecfc3288c,c2643fe3-31f4-41bc-9940-f5a60163af1d,
1/19/2025,9:36:15,Robin,,Whitney,,Juvenile 2,stone-tool use (oyster). Chicken island. Focal start,RN,ct:a31304f7c3a74c3d0000000000000000,,,Save data,1/19/2025 7:31,1/19/2025 2:36,+07:00,2024042601,bc52945c-3222-4b29-be43-6fcd9079930b,6a03cbdb-ec26-49ac-ba44-28df9a44ee76,
1/19/2025,7:52:04,Babosa,,,,,stone-tool use (oyster). Focal end,RN,ct:a31304f7c3a74c3d0000000000000000,,,Save data,1/19/2025 0:52,1/19/2025 0:52,+07:00,2024042601,0714b07a-af20-42c6-b292-adaf85a309b0,01b94432-3d73-41cf-88cd-b7397ca7b423,
1/19/2025,7:36:08,Babosa,,,,,stone-tool use (oyster). Focal start,RN,ct:a31304f7c3a74c3d0000000000000000,,,Save data,1/19/2025 0:52,1/19/2025 0:36,+07:00,2024042601,875ab4d2-9be9-4017-abfc-0e9530b35b23,54f40daf-0096-4f4f-8d69-0441f492127a,
1/20/2025,9:55:25,Iyla,,,,,move. Focal end,RN,ct:a31304f7c3a74c3d0000000000000000,,,Save data,1/20/2025 2:55,1/20/2025 2:55,+07:00,2024042601,4a7fc6f4-78ac-4503-9aa6-71150ff629a6,b89c108c-d0f3-4b6c-baf9-4ffafe3a7e01,
1/20/2025,9:39:59,Iyla,,,,Pinky,rest. Focal start,RN,ct:a31304f7c3a74c3d0000000000000000,,,Save data,1/20/2025 2:55,1/20/2025 2:39,+07:00,2024042601,8598ceee-cc32-4f31-8c46-01b9192547f7,ea27914b-a7fb-40c1-81ca-4485f2438225,
1/20/2025,9:26:44,Quindoline,,,,Yaiko,search. Focal end,RN,ct:a31304f7c3a74c3d0000000000000000,,,Save data,1/20/2025 2:26,1/20/2025 2:26,+07:00,2024042601,b942cca3-5cac-4ee8-a67b-fd9a715586ef,43c90d21-70dd-4b5e-b338-a73090d7d603,
1/20/2025,9:11:11,Quindoline,,,,,stone-tool use. Focal start,RN,ct:a31304f7c3a74c3d0000000000000000,,,Save data,1/20/2025 2:26,1/20/2025 2:11,+07:00,2024042601,a98f1f34-0bd6-4bf9-9fc6-7974105f7f28,b910ef73-17e2-4ec8-9184-7b758e88d662,
1/20/2025,8:25:05,Granny,,,,,stone-tool use (oyster). Focal end Chicken island,RN,ct:a31304f7c3a74c3d0000000000000000,,,Save data,1/20/2025 1:25,1/20/2025 1:25,+07:00,2024042601,132cd43f-62d7-469e-a6ee-899e6c16c8af,2c12efdc-6ae5-412f-8615-c46c1494968c,
1/20/2025,8:09:07,Granny,,Old infant,,Juvenile 2,stone-tool use (oyster). Focal start. Chicken island,RN,ct:a31304f7c3a74c3d0000000000000000,,,Save data,1/20/2025 1:25,1/20/2025 1:09,+07:00,2024042601,449b3f64-57e6-4c44-922d-6759113ee77b,5c57db29-cbae-4c1d-8412-48d7d8324913,
1/20/2025,7:51:59,Tutu,,,,,stone-tool use. Focal end. Chicken island,RN,ct:a31304f7c3a74c3d0000000000000000,,,Save data,1/20/2025 0:52,1/20/2025 0:51,+07:00,2024042601,c2f7391f-a1e1-47b8-b676-8dfbe5a750af,8b4e9570-17a9-4cdb-b9cf-e886ab97cdd4,
1/20/2025,7:36:07,Tutu,,,Black infant Naina,Juvenile 2 Ali,stone-tool use (oyster). Focal start. Chicken island,RN,ct:a31304f7c3a74c3d0000000000000000,,,Save data,1/20/2025 0:52,1/20/2025 0:36,+07:00,2024042601,f5d332b4-cbbb-4ff3-823b-22f09524af28,7ba51e9c-9398-4830-857a-494c7dc1b5a8,
1/20/2025,7:23:08,Flame,,,Juvenile 2,,foraging without tools. Focal end,RN,ct:a31304f7c3a74c3d0000000000000000,,,Save data,1/20/2025 0:23,1/20/2025 0:23,+07:00,2024042601,dda387a1-d8b1-4efc-b981-b8abc3c90008,f8f8a78c-189b-40eb-8c0a-7a7b349bd4b6,
1/20/2025,7:07:24,Flame,,,,,stone-tool use (oyster). Focal start,RN,ct:a31304f7c3a74c3d0000000000000000,,,Save data,1/20/2025 0:23,1/20/2025 0:07,+07:00,2024042601,df5da052-aa33-4169-9180-ad3da111a45b,854e0f9e-79b5-4f11-b656-99c715408732,
1/25/2025,15:55:46,Ted,,,Black infant Naina Vula,,stone-tool use (oyster). Focal end,RN,ct:a31304f7c3a74c3d0000000000000000,,,Save data,1/25/2025 8:55,1/25/2025 8:55,+07:00,2024042601,fde189ee-cfc4-4fc2-96da-9ee63cf20a45,d41a0fff-b416-4258-a5b5-9b4593077dfc,
1/25/2025,15:40:06,Ted,,,,,foraging without tools. Focal start,RN,ct:a31304f7c3a74c3d0000000000000000,,,Save data,1/25/2025 8:55,1/25/2025 8:40,+07:00,2024042601,ec88e744-83a3-4ef9-ba8f-921b70735294,349b0ff5-c4a6-48b7-9d8e-8b310acdc456,
1/25/2025,15:33:47,Naina,Black infant,,,Old infant,stone-tool use (oyster). Focal end,RN,ct:a31304f7c3a74c3d0000000000000000,,,Save data,1/25/2025 8:33,1/25/2025 8:33,+07:00,2024042601,5cb11b8a-0c16-4bd4-8070-14a1865ac2a5,80214efc-ed4a-4320-9600-3ce6f00ee025,
1/25/2025,15:18:00,Naina,Black infant,,,,foraging without tools. Focal start,RN,ct:a31304f7c3a74c3d0000000000000000,,,Save data,1/25/2025 8:33,1/25/2025 8:18,+07:00,2024042601,babbe785-2b2d-4b43-b285-47d67c54e56d,7165d887-17d0-4272-b2c0-925927294df1,
1/25/2025,14:43:00,Aura,,,Old infant Ted,,stone-tool use (oyster). Focal end,RN,ct:a31304f7c3a74c3d0000000000000000,,,Save data,1/25/2025 7:43,1/25/2025 7:43,+07:00,2024042601,96663b81-583b-4744-babc-29d0ba717e08,53fb62d0-615b-42dc-a11e-caf321d6e4e7,
1/25/2025,14:27:24,Aura,,,,,search. Focal start,RN,ct:a31304f7c3a74c3d0000000000000000,,,Save data,1/25/2025 7:43,1/25/2025 7:27,+07:00,2024042601,2662c45e-8f03-42e9-a026-e4a5957c21e8,cf659f58-1448-48c7-b5fb-7ad2866f19a6,
1/25/2025,14:11:44,Pinky,,,,,search. Focal start,RN,ct:a31304f7c3a74c3d0000000000000000,,,Save data,1/25/2025 7:43,1/25/2025 7:11,+07:00,2024042601,c3c2e49b-ccf0-4d57-bb04-c87321e2677c,623a4e87-2f1c-4a64-9663-3d8e0bcdf313,
1/25/2025,13:46:40,Iyla,,,Cacao,,foraging without tools. Focal end,RN,ct:a31304f7c3a74c3d0000000000000000,,,Save data,1/25/2025 6:46,1/25/2025 6:46,+07:00,2024042601,590bb3f9-951c-4495-8b89-aa2e902c627a,b27a05d3-f763-49cf-884e-ef8036d3b209,
1/25/2025,13:31:05,Iyla,,,,,foraging without tools. Focal start,RN,ct:a31304f7c3a74c3d0000000000000000,,,Save data,1/25/2025 6:46,1/25/2025 6:31,+07:00,2024042601,cd83c1a9-0c04-4df2-a59b-7e77d3eb1a52,4d5dee5f-a87b-44ba-9c14-543211fbf817,
1/25/2025,12:45:20,Whitney,,,,,foraging without tools. Focal end,RN,ct:a31304f7c3a74c3d0000000000000000,,,Save data,1/25/2025 5:45,1/25/2025 5:45,+07:00,2024042601,e385be30-e1e7-4b2f-8750-75a6e83f11d5,2a699458-7f30-44a3-89f3-024e19bd1633,
1/25/2025,12:29:33,Whitney,Vula,,,,Grooming. Focal start,RN,ct:a31304f7c3a74c3d0000000000000000,,,Save data,1/25/2025 5:45,1/25/2025 5:29,+07:00,2024042601,84cd0e14-b185-4403-a397-35790da575d8,614a2d99-7fdf-41a5-98c1-2648f429b0cb,
1/25/2025,12:12:37,Babosa,,,,,rest. Focal end,RN,ct:a31304f7c3a74c3d0000000000000000,,,Save data,1/25/2025 5:12,1/25/2025 5:12,+07:00,2024042601,6c14dd70-2eda-44f9-be1a-f92bcc717611,2d18a7c8-daf6-4cb1-86ec-539427dd771c,
1/25/2025,11:57:07,Babosa,,,,,move. Focal start,RN,ct:a31304f7c3a74c3d0000000000000000,,,Save data,1/25/2025 5:12,1/25/2025 4:57,+07:00,2024042601,225439e1-d95f-463a-b8c0-cdd1f5976ea5,1bab83ef-c431-4595-9b0e-7f9dbf012e6a,
1/25/2025,11:28:43,Jim Lim,,,,,rest. Focal end,RN,ct:a31304f7c3a74c3d0000000000000000,,,Save data,1/25/2025 4:28,1/25/2025 4:28,+07:00,2024042601,9f928294-69ca-44b6-a3ab-1c928fa1e542,15d4e3f3-873f-442d-9f21-f36a8763148d,
1/25/2025,11:13:26,Jim Lim,,,,,stone-tool use (oyster). Focal start,RN,ct:a31304f7c3a74c3d0000000000000000,,,Save data,1/25/2025 4:28,1/25/2025 4:13,+07:00,2024042601,b98dbb3b-73f9-4687-96e2-7770e54b6a27,75a23b16-ff0d-49c8-a119-b6c9a98383b1,
1/25/2025,11:06:04,Robin,,Black infant,,,Naina's. rest. Focal end,RN,ct:a31304f7c3a74c3d0000000000000000,,,Save data,1/25/2025 4:28,1/25/2025 4:06,+07:00,2024042601,aee9c4ca-1b3c-41a4-99eb-5859264fee78,79cbe012-5a70-4446-9bc8-138f9662d0e4,
1/25/2025,10:50:16,Robin,,Black infant F_Subadult Naina,,,rest. Focal start,RN,ct:a31304f7c3a74c3d0000000000000000,,,Save data,1/25/2025 4:28,1/25/2025 3:50,+07:00,2024042601,a2614a2f-1e4a-4230-a700-83f8ab53dc8c,7d086a9b-2825-4b0f-b4e9-b93758bd2c3b,
1/25/2025,10:49:16,Cacao,Kaya,,,,rest. Focal end,RN,ct:a31304f7c3a74c3d0000000000000000,,,Save data,1/25/2025 3:49,1/25/2025 3:49,+07:00,2024042601,4cebe26d-6f79-4342-9f37-f579020a2a0e,602c8a42-dcd9-46ef-b2ba-bbe3f6c41cf7,
1/25/2025,10:33:41,Cacao,Kaya,,,,rest. Focal start,RN,ct:a31304f7c3a74c3d0000000000000000,,,Save data,1/25/2025 3:49,1/25/2025 3:33,+07:00,2024042601,36ff37fa-cf5e-44b5-b309-39f62ad71f1f,495050e5-a5ea-44d0-aac1-a3537baa18b3,
1/25/2025,10:31:15,Taipan,,,,,Self groom. Focal end,RN,ct:a31304f7c3a74c3d0000000000000000,,,Save data,1/25/2025 3:31,1/25/2025 3:31,+07:00,2024042601,b42a97e8-7edb-43d4-b265-8b26a58a5e23,6b527a47-e398-4036-b3d8-e7336d29f5fb,
1/25/2025,10:15:32,Taipan,,,Ali,,rest. Focal start,RN,ct:a31304f7c3a74c3d0000000000000000,,,Save data,1/25/2025 3:31,1/25/2025 3:15,+07:00,2024042601,76733c5b-9046-4515-9c12-46e7b709280f,0d134b4f-01fe-45cb-bddd-ff690af7ab3b,
1/25/2025,9:42:55,Harley,,,,,foraging without tools. Focal end,RN,ct:a31304f7c3a74c3d0000000000000000,,,Save data,1/25/2025 2:42,1/25/2025 2:42,+07:00,2024042601,5767d93e-f22f-4ad4-b664-f8861dbfa17e,936ff54b-58fb-49f6-95f0-d0f2075bc494,
1/25/2025,9:27:29,Harley,,,,,stone-tool use (oyster). Focal start,RN,ct:a31304f7c3a74c3d0000000000000000,,,Save data,1/25/2025 2:42,1/25/2025 2:27,+07:00,2024042601,ef758595-50e4-47c2-b984-9277848f69e3,572641b6-8835-4389-b592-e6fbdecf22a2,
1/25/2025,9:22:21,Pat,Juvenile 1 Juvenile 2,,Oreo,Black infant Naina,rest. Focal end,RN,ct:a31304f7c3a74c3d0000000000000000,,,Save data,1/25/2025 2:22,1/25/2025 2:22,+07:00,2024042601,8441b085-0e6f-43b3-8e9f-4de3bca1bc8f,72a87d7a-6c6c-4c35-ab6e-da124289177d,
1/25/2025,9:06:42,Pat,,,,Gramps,rest. Focal start,RN,ct:a31304f7c3a74c3d0000000000000000,,,Save data,1/25/2025 2:22,1/25/2025 2:06,+07:00,2024042601,6a1276f7-1e8c-438c-b802-4007353829f1,0b11259f-de86-4375-b375-b31949d9ca76,
1/26/2025,14:11:21,Kal,,,,Juvenile 2,stone-tool use (oyster). Pig island. Focal end,RN,ct:a31304f7c3a74c3d0000000000000000,,,Save data,1/26/2025 7:11,1/26/2025 7:11,+07:00,2024042601,33e2dd14-6806-4b66-8c29-124afec0e8c8,2e20ee7e-d630-4805-abab-a11b7fcc0cda,
1/26/2025,13:55:37,Kal,,,,,stone-tool use (oyster). Pig island. Focal start,RN,ct:a31304f7c3a74c3d0000000000000000,,,Save data,1/26/2025 7:11,1/26/2025 6:55,+07:00,2024042601,c6ee5846-9e36-4d92-936c-6e562902809e,1593824d-fa88-4ce1-92f8-7ab6fcc3a883,
1/26/2025,13:50:56,Kaya,,F_Subadult,,,stone-tool use (oyster). Pig island. Focal end,RN,ct:a31304f7c3a74c3d0000000000000000,,,Save data,1/26/2025 6:50,1/26/2025 6:50,+07:00,2024042601,2e54127c-f741-45e3-965e-a03dfae99cd8,e5c0de7a-756f-4892-b79d-380f2e8a979b,
1/26/2025,13:35:18,Kaya,,,Pinky,Juvenile 2 Granny,stone-tool use (oyster). Pig island. Focal start,RN,ct:a31304f7c3a74c3d0000000000000000,,,Save data,1/26/2025 6:50,1/26/2025 6:35,+07:00,2024042601,5063cba3-12a8-4e9b-aec9-8217fbd27b5b,6922872a-412b-49eb-a463-01da7ff459c6,
1/26/2025,13:12:55,Dandi,M_Subadult,,,,Grooming. Focal end,RN,ct:a31304f7c3a74c3d0000000000000000,,,Save data,1/26/2025 6:13,1/26/2025 6:12,+07:00,2024042601,8680632b-a2d5-472d-ae74-c6bd752e64ba,48182c5c-c4df-4d1e-b394-16a993a69045,
1/26/2025,12:57:13,Dandi,M_Subadult,,,,Grooming. Fcal start,RN,ct:a31304f7c3a74c3d0000000000000000,,,Individuals,1/26/2025 6:13,1/26/2025 5:57,+07:00,2024042601,1d7c429d-ad8d-4599-aeeb-5487b94b83f8,aa50e310-3b5e-4272-b8c5-b5dd4ffa1b2c,
1/26/2025,12:40:11,Vula,,Cacao Kaya,Ted,,move. Focal end,RN,ct:a31304f7c3a74c3d0000000000000000,,,Save data,1/26/2025 5:41,1/26/2025 5:40,+07:00,2024042601,1619e0d7-1dbe-41fa-8898-c811a41d92d7,62fc8955-0432-411d-967e-7b0bb8c90431,
1/26/2025,12:24:19,Vula,,,,Old infant Quindoline,stone-tool use (oyster). Focal start,RN,ct:a31304f7c3a74c3d0000000000000000,,,Save data,1/26/2025 5:41,1/26/2025 5:24,+07:00,2024042601,2ead42da-1ee3-4597-926c-fdd65aeea48b,58d3d805-ac50-4149-9e33-6f83026571f3,
1/26/2025,12:17:25,Quindoline,,Old infant,,,stone-tool use (oyster). Focal end,RN,ct:a31304f7c3a74c3d0000000000000000,,,Save data,1/26/2025 5:17,1/26/2025 5:17,+07:00,2024042601,1adad105-61a2-4840-b3b1-4297455e11d1,1e99df33-d8d5-483d-806f-851954a62f37,
1/26/2025,12:01:41,Quindoline,,,,,stone-tool use (oyster). Focal start,RN,ct:a31304f7c3a74c3d0000000000000000,,,Save data,1/26/2025 5:17,1/26/2025 5:01,+07:00,2024042601,0d11fda8-9c32-4826-90ae-1f32b30aaca0,165fd158-ac28-4290-8bf2-99188a4992d9,
1/26/2025,12:00:26,Lip,,,,Juvenile 2 Quindoline,stone-tool use (oyster). Focal end,RN,ct:a31304f7c3a74c3d0000000000000000,,,Save data,1/26/2025 5:00,1/26/2025 5:00,+07:00,2024042601,29408ab3-1acb-46d7-b5ef-1e3a4ba1e63e,54f4dc0e-9c38-4634-ac11-e7ec4f1bbb7e,
1/26/2025,11:44:32,Lip,,,Old infant,,stone-tool use (oyster). Focal start,RN,ct:a31304f7c3a74c3d0000000000000000,,,Save data,1/26/2025 5:00,1/26/2025 4:44,+07:00,2024042601,a7fb2fcc-9226-4d28-8bb1-8be0c3281666,d110bcf8-6a1b-4165-86e4-3b5c54ca77d3,
1/27/2025,14:52:08,Flame,,,Lady Boy Kaya,Oreo Taipan,Human-macaque interaction. Focal end,RN,ct:a31304f7c3a74c3d0000000000000000,,,Save data,1/27/2025 7:52,1/27/2025 7:52,+07:00,2024042601,4f849210-2461-48c5-b2f2-607e460208e8,27b79513-2e57-44b9-b8d1-6a3e7b196b2f,
1/27/2025,14:36:02,Flame,,,Taipan,,stone-tool use (oyster). Pig island. Focal start,RN,ct:a31304f7c3a74c3d0000000000000000,,,Save data,1/27/2025 7:52,1/27/2025 7:36,+07:00,2024042601,d05d9586-a93c-4d6a-bee1-c8182f8cab66,d94d9e7b-6784-485d-b66a-b67a9572dabb,
1/27/2025,13:55:28,Aura,F_Subadult,F_Subadult,Juvenile 1 Juvenile 2 Pinky,,Grooming. Focal end,RN,ct:a31304f7c3a74c3d0000000000000000,,,Save data,1/27/2025 6:55,1/27/2025 6:55,+07:00,2024042601,c17b4200-9088-47f8-8aea-cac483918c5f,52a546a4-ca2d-4b2b-b0b6-09da18e736c3,
1/27/2025,13:39:42,Aura,,Kaya,F_Subadult Oreo,,stone-tool use (oyster). Focal start,RN,ct:a31304f7c3a74c3d0000000000000000,,,Individuals,1/27/2025 6:55,1/27/2025 6:39,+07:00,2024042601,ce8b9872-1515-4b73-89b5-3f7a2ab5b25a,eb283af9-ee66-428b-aa0f-6b95b934e885,
1/27/2025,13:25:57,Naina,,,,,stone-tool use (oyster). Focal end,RN,ct:a31304f7c3a74c3d0000000000000000,,,Save data,1/27/2025 6:26,1/27/2025 6:25,+07:00,2024042601,48e5325f-e474-4dff-af5c-f69dfd568ced,a24535a7-f731-401a-8cf7-a28391a3b3cd,
1/27/2025,13:10:16,Naina,,,,Babosa,stone-tool use (oyster). Focal start,RN,ct:a31304f7c3a74c3d0000000000000000,,,Save data,1/27/2025 6:26,1/27/2025 6:10,+07:00,2024042601,14543888-3552-4255-b4fe-1220e580c8aa,142a0f6b-432d-4d33-ad96-ac22b579cb19,
1/27/2025,13:08:16,Tutu,,,,,stone-tool use (oyster). Focal end,RN,ct:a31304f7c3a74c3d0000000000000000,,,Save data,1/27/2025 6:08,1/27/2025 6:08,+07:00,2024042601,5daa5e93-4f62-4567-94bb-670a99c64770,bd4aec55-2969-47c5-b085-327b78104f7d,
1/27/2025,12:52:40,Tutu,,,,,rest. Focal start,RN,ct:a31304f7c3a74c3d0000000000000000,,,Save data,1/27/2025 6:08,1/27/2025 5:52,+07:00,2024042601,21175d2a-dba9-45d0-82cb-c15266ee4f46,c0974891-638a-4ced-862e-9355b94ad65e,
1/27/2025,12:22:08,Pinky,F_Subadult,,,,rest. Focal end,RN,ct:a31304f7c3a74c3d0000000000000000,,,Save data,1/27/2025 5:22,1/27/2025 5:22,+07:00,2024042601,ecca9281-8a4a-466d-9760-f77e41214827,88e256a0-91d8-4374-a47d-b908f0e63e21,
1/27/2025,12:06:34,Pinky,,,Juvenile 2,Old infant,rest. Focal start,RN,ct:a31304f7c3a74c3d0000000000000000,,,Save data,1/27/2025 5:22,1/27/2025 5:06,+07:00,2024042601,13d38230-9383-4d99-8096-ef093dbae12c,1ea7d13d-3aed-4805-83f8-14cffd0d52b2,
1/27/2025,12:00:17,Jim Lim,Jaan,,,,Grooming. Focal end,RN,ct:a31304f7c3a74c3d0000000000000000,,,Save data,1/27/2025 5:00,1/27/2025 5:00,+07:00,2024042601,64c30b24-45a2-4de4-aeec-740f70155a69,7778a72b-1a87-4e17-a1ef-46a995a338b5,
1/27/2025,11:43:53,Jim Lim,Jaan,,,,Grooming. Focal start.,RN,ct:a31304f7c3a74c3d0000000000000000,,,Save data,1/27/2025 5:00,1/27/2025 4:43,+07:00,2024042601,2ee6cf4e-68d7-486c-ae61-4892359ceb2d,331c049c-aace-4475-b3a2-30500484f2ad,
1/27/2025,10:58:31,Kaya,,,,,search. Focal start,RN,ct:a31304f7c3a74c3d0000000000000000,,,Save data,1/27/2025 5:00,1/27/2025 3:58,+07:00,2024042601,d49b9d33-220e-4d27-ab64-5b016ea6d046,5387761f-b1df-47ef-9380-75a5290ae777,
1/27/2025,10:15:53,Yaiko,Babosa,,,,Grooming. Focal end,RN,ct:a31304f7c3a74c3d0000000000000000,,,Save data,1/27/2025 3:15,1/27/2025 3:15,+07:00,2024042601,775a3785-fe79-4ff5-ae25-7e31c32a5528,c2c2f5ae-222b-4310-bcb8-ae53c97af624,
1/27/2025,10:00:16,Yaiko,Babosa,,,,rest. Focal start,RN,ct:a31304f7c3a74c3d0000000000000000,,,Save data,1/27/2025 3:15,1/27/2025 3:00,+07:00,2024042601,2e7077a4-9641-4551-adb4-b4dbfac290ab,c12b5ffa-e6a5-44e4-bfdc-d7711bf45239,
1/27/2025,9:57:42,Granny,Old infant,,Old infant,,Grooming. Focal end,RN,ct:a31304f7c3a74c3d0000000000000000,,,Save data,1/27/2025 2:57,1/27/2025 2:57,+07:00,2024042601,8e7e0b72-e73e-4926-927c-7e34d6356c50,465a9b71-e645-4be5-a592-de834fe5aaa0,
1/27/2025,9:42:15,Granny,,,Old infant,,foraging without tools. Focal start,RN,ct:a31304f7c3a74c3d0000000000000000,,,Save data,1/27/2025 2:57,1/27/2025 2:42,+07:00,2024042601,b728cbfd-a20a-4ccf-abb1-84c2e51c0262,90551a1b-45da-4278-9b88-1c224eb5ae04,
1/27/2025,9:03:46,Babosa,,Juvenile 1,,,foraging without tools. Focal start,RN,ct:a31304f7c3a74c3d0000000000000000,,,Save data,1/27/2025 2:19,1/27/2025 2:03,+07:00,2024042601,0b532613-c33f-4cff-a7ae-746197b209f1,7414942d-3365-43a9-81b9-2ce48c6b6a39,
1/27/2025,7:45:35,Granny,,,Lip,,foraging without tools. Focal start,RN,ct:a31304f7c3a74c3d0000000000000000,,,Save data,1/27/2025 2:19,1/27/2025 0:45,+07:00,2024042601,10259780-ecb1-470e-881a-55c728ac053a,b0f7c346-beb2-463d-82b4-c048e0aa9b40,
1/30/2025,17:10:15,Ted,,,Old infant F_Subadult,Whitney,SaF is Granny's. Right handed. rest. Focal end,RN,ct:a31304f7c3a74c3d0000000000000000,,,Save data,1/30/2025 10:10,1/30/2025 10:10,+07:00,2024042601,8056e869-2c74-4a78-9c05-8416f1064a40,e27fd408-e4ca-4cdf-bd76-b4f775b1030a,
1/30/2025,16:54:14,Ted,,Juvenile 1 Lip,Juvenile 1,Juvenile 1 Juvenile 2,stone-tool use (oyster). Focal start,RN,ct:a31304f7c3a74c3d0000000000000000,,,Save data,1/30/2025 10:10,1/30/2025 9:54,+07:00,2024042601,6e32113a-48e2-4993-ba54-d04376a9c4b6,6ab65485-910e-4d72-8cf0-900465b919f3,
1/30/2025,16:52:28,Pinky,,,,,stone-tool use (oyster). Focal end,RN,ct:a31304f7c3a74c3d0000000000000000,,,Save data,1/30/2025 9:52,1/30/2025 9:52,+07:00,2024042601,ecf61360-504f-4632-a57d-d63ed491f100,204b0484-ff7c-4089-b2ac-212e6a47e7b1,
1/30/2025,16:36:16,Pinky,,,Juvenile 1 Juvenile 2,,stone-tool use (oyster). Focal start,RN,ct:a31304f7c3a74c3d0000000000000000,,,Save data,1/30/2025 9:52,1/30/2025 9:36,+07:00,2024042601,be9d8608-d88e-49b6-8bd9-c201a8b04f38,4d95e9e0-f2d4-4098-8d19-cf4243ec1607,
1/30/2025,16:04:46,Robin,,,M_Adult Harley Iyla Quindoline,,stone-tool use (oyster). Focal start,RN,ct:a31304f7c3a74c3d0000000000000000,,,Save data,1/30/2025 9:52,1/30/2025 9:04,+07:00,2024042601,d0b58a72-890d-4843-bfe2-54baee0116c8,f581e739-3c0f-471a-ab59-ea13d7c6a5b5,
1/30/2025,12:08:24,Bat,,,Belanda Pat,,rest. Focal end,RN,ct:a31304f7c3a74c3d0000000000000000,,,Save data,1/30/2025 5:08,1/30/2025 5:08,+07:00,2024042601,2249e377-cbfa-4e07-9df0-0de306fdc7bf,10278ef3-452b-497d-b8fe-92180bccfbec,
1/30/2025,11:52:53,Pat,,,,,rest. Focal start,RN,ct:a31304f7c3a74c3d0000000000000000,,,Save data,1/30/2025 5:08,1/30/2025 4:52,+07:00,2024042601,6901082e-6ac8-42c0-81e2-0af874d176c6,b545bce4-b553-47f3-833d-e095ccd1ea0b,
1/30/2025,11:51:00,Pat,Belanda,,,,Grooming. Focal end,RN,ct:a31304f7c3a74c3d0000000000000000,,,Save data,1/30/2025 4:51,1/30/2025 4:51,+07:00,2024042601,9be5144b-f669-4815-97b5-a4b0171a96c4,6c3195d4-c4f5-4eb6-8255-45a8a56fd63f,
1/30/2025,11:34:46,Pat,,,,,rest. Focal start,RN,ct:a31304f7c3a74c3d0000000000000000,,,Save data,1/30/2025 4:51,1/30/2025 4:34,+07:00,2024042601,36c4b6ee-4d2b-45f5-9564-051db9501a18,182a34ff-4f65-436f-8808-df67391f9335,
1/30/2025,10:56:31,Yaiko,,,,Juvenile 2 Quindoline,rest. Focal end,RN,ct:a31304f7c3a74c3d0000000000000000,,,Save data,1/30/2025 3:56,1/30/2025 3:56,+07:00,2024042601,89878215-4842-4142-8f7f-f5983754ada1,20b14008-26db-4129-a8cd-0f1e996bf808,
1/30/2025,10:40:59,Yaiko,,,,Juvenile 2 Quindoline,rest. Focal start,RN,ct:a31304f7c3a74c3d0000000000000000,,,Save data,1/30/2025 3:56,1/30/2025 3:40,+07:00,2024042601,0c8d739c-d776-4500-ac36-89f6ace33e19,93a4b248-dd7a-4def-8b73-7c91dba15b9b,
1/30/2025,10:10:33,Yaiko,,,,,rest. Focal start,RN,ct:a31304f7c3a74c3d0000000000000000,,,Save data,1/30/2025 3:56,1/30/2025 3:10,+07:00,2024042601,c43c1d66-1d15-466e-8951-6b49a610b774,2f4670f1-6ff0-4b36-a91f-e102abcd1020,
1/30/2025,10:05:45,Quindoline,,,,,move. Focal end,RN,ct:a31304f7c3a74c3d0000000000000000,,,Save data,1/30/2025 3:05,1/30/2025 3:05,+07:00,2024042601,d4064144-c512-4cf0-936f-58527f5b77a5,f6fbe8f0-ad32-4ad1-bf6f-38eed49aa01a,
1/30/2025,9:50:14,Quindoline,,,,,rest. Focal start,RN,ct:a31304f7c3a74c3d0000000000000000,,,Save data,1/30/2025 3:05,1/30/2025 2:50,+07:00,2024042601,8576a019-9f6f-42d9-9256-a34a6ab07fec,0cfedffb-cf13-44dc-8f40-68a81a03d04b,
2/1/2025,14:31:05,Yaiko,,,Ali F_Subadult,,rest. Focal end,RN,ct:a31304f7c3a74c3d0000000000000000,,,Save data,2/1/2025 7:31,2/1/2025 7:31,+07:00,2024042601,0aca5d03-4993-4ceb-b75a-7619571824ec,8a23cfe4-523e-42c6-bcee-6c2f33f25346,
2/1/2025,14:15:36,Yaiko,F_Subadult,Kaya,,,rest. Focal start,RN,ct:a31304f7c3a74c3d0000000000000000,,,Save data,2/1/2025 7:31,2/1/2025 7:15,+07:00,2024042601,b4a92a08-6ede-45ea-9723-1d71e83e2dec,1db66b27-8a28-47d4-aaf4-fe02fdb35aa8,
2/1/2025,14:00:52,Iyla,Quindoline,,Oreo,,Grooming. Focal end,RN,ct:a31304f7c3a74c3d0000000000000000,,,Save data,2/1/2025 7:00,2/1/2025 7:00,+07:00,2024042601,08298d22-f993-4f30-8b0b-4a9c6416ff9e,7495eb0b-77c1-464c-96e7-a7f8fee892a4,
2/1/2025,13:45:13,Iyla,Quindoline,,Oreo,,Grooming. Focal end,RN,ct:a31304f7c3a74c3d0000000000000000,,,Save data,2/1/2025 6:45,2/1/2025 6:45,+07:00,2024042601,738d32b8-aa2f-422a-9503-127bf7532255,36ce7c50-3b0f-4db4-ad4a-0b71aaf66419,
2/1/2025,13:43:43,Kaya,,,Juvenile 2,,climb. Focal end,RN,ct:a31304f7c3a74c3d0000000000000000,,,Save data,2/1/2025 6:43,2/1/2025 6:43,+07:00,2024042601,2cefccbe-3863-47fc-a2ce-e2fb59ffc9db,d8aaa530-2976-4436-ba7d-d4375f39b918,
2/1/2025,13:28:11,Kaya,,,,,foraging without tools. Focal start,RN,ct:a31304f7c3a74c3d0000000000000000,,,Save data,2/1/2025 6:43,2/1/2025 6:28,+07:00,2024042601,36409501-5d17-4ed3-8ec5-82d127ac2bac,9122026b-6dab-4b25-88e5-91d318fda2d2,
2/1/2025,13:26:08,Quindoline,,Old infant,,,move. Focal end,RN,ct:a31304f7c3a74c3d0000000000000000,,,Save data,2/1/2025 6:26,2/1/2025 6:26,+07:00,2024042601,f1f158e7-3f76-4196-826f-ec3b6f0c8ef7,adadfa96-fd62-4b93-9c04-1b0befdbc5e6,
2/1/2025,13:10:48,Quindoline,Old infant,Jim Lim,,,rest. Focal start,RN,ct:a31304f7c3a74c3d0000000000000000,,,Save data,2/1/2025 6:26,2/1/2025 6:10,+07:00,2024042601,55fcd334-c098-4473-aa6e-5a89ae6dee7e,95c597a7-19e2-440d-ae4c-6705e4dd8ff2,
2/1/2025,12:19:48,Babosa,,,,,foraging without tools. Focal start,RN,ct:a31304f7c3a74c3d0000000000000000,,,Save data,2/1/2025 6:26,2/1/2025 5:19,+07:00,2024042601,43569086-6613-4a56-8262-4df6a2aa3a2d,782244d5-127c-4867-a11b-37b36678f27f,
2/1/2025,11:55:54,Jim Lim,,,,,foraging without tools. Focal end,RN,ct:a31304f7c3a74c3d0000000000000000,,,Save data,2/1/2025 4:55,2/1/2025 4:55,+07:00,2024042601,8fc0783b-6a23-4abd-805e-1a1e3d3822b2,b31dd708-c1d7-46d1-9722-9c2899e6d73b,
2/1/2025,11:39:57,Jim Lim,,,Black infant Naina,Juvenile 2,rest. Focal start,RN,ct:a31304f7c3a74c3d0000000000000000,,,Save data,2/1/2025 4:55,2/1/2025 4:39,+07:00,2024042601,3d285a49-7cd3-4f39-85f7-78ed5e525a44,a7798e37-bcf4-4fec-bbf2-c6d60602d860,
2/1/2025,11:14:11,Cacao,,,,,foraging without tools. Focal end,RN,ct:a31304f7c3a74c3d0000000000000000,,,Save data,2/1/2025 4:14,2/1/2025 4:14,+07:00,2024042601,f062312a-5a92-4826-af9c-eededd7d35cf,83f286d2-4bfd-4c68-b6a9-3f72fbeea8b9,
2/1/2025,10:58:43,Cacao,,,,,rest. Focal start,RN,ct:a31304f7c3a74c3d0000000000000000,,,Save data,2/1/2025 4:14,2/1/2025 3:58,+07:00,2024042601,0dcbd410-9408-4427-a1db-1d994da0569c,c0b5fd05-97a5-478e-aed8-f537c02cc84c,
2/1/2025,10:56:17,Ted,,,Old infant,Old infant,foraging without tools. Focal end,RN,ct:a31304f7c3a74c3d0000000000000000,,,Save data,2/1/2025 3:56,2/1/2025 3:56,+07:00,2024042601,4c20b75e-90af-4094-ac9b-8cad0a9549cd,4b923b5b-7d48-462f-b872-a77cb50b3b41,
2/1/2025,10:40:25,Ted,,Old infant,,,rest. Focal start,RN,ct:a31304f7c3a74c3d0000000000000000,,,Save data,2/1/2025 3:56,2/1/2025 3:40,+07:00,2024042601,14b339c0-12c2-4d7b-9bf7-9306f18d36ee,0c968e4e-62c1-486e-98b2-e8b86052fcbe,
2/1/2025,10:27:18,Oreo,,,F_Subadult,,SaF is Jimmy. foraging without tools. Focal start,RN,ct:a31304f7c3a74c3d0000000000000000,,,Save data,2/1/2025 3:56,2/1/2025 3:27,+07:00,2024042601,5ffc2b4a-ccc5-4339-b335-51bc56ded080,cf39d0de-37d0-4fdc-b0f1-da6a706c50ca,
2/1/2025,10:15:42,Harley,,,,,rest. Focal end,RN,ct:a31304f7c3a74c3d0000000000000000,,,Save data,2/1/2025 3:15,2/1/2025 3:15,+07:00,2024042601,5ff771d2-4e0a-4df4-9e4a-ad86b423cd90,5cf8cbd3-7c48-4bde-9338-0a90e2fca61f,
2/1/2025,10:00:04,Harley,,,,,rest. Focal start,RN,ct:a31304f7c3a74c3d0000000000000000,,,Save data,2/1/2025 3:15,2/1/2025 3:00,+07:00,2024042601,29ce8543-e535-493c-b254-ef60e156ff6e,d92b241d-edf4-4822-b946-a40a931ce0ca,
2/1/2025,9:56:54,Robin,,,,,foraging without tools. Focal end,RN,ct:a31304f7c3a74c3d0000000000000000,,,Save data,2/1/2025 2:56,2/1/2025 2:56,+07:00,2024042601,2be03b80-4b42-470a-8f07-9d8a2586381f,9563637b-0900-4010-b117-7068158fb140,
2/1/2025,9:41:21,Robin,Harley,,F_Subadult Cacao,,rest. Focal start,RN,ct:a31304f7c3a74c3d0000000000000000,,,Save data,2/1/2025 2:56,2/1/2025 2:41,+07:00,2024042601,67e08462-18ee-40e2-baec-581c2d533d83,5f2046db-f3ad-41d9-9b56-9d2543c07845,
2/1/2025,9:35:10,Naina,Black infant F_Subadult,,,,rest. Focal end,RN,ct:a31304f7c3a74c3d0000000000000000,,,Save data,2/1/2025 2:35,2/1/2025 2:35,+07:00,2024042601,4c002b78-97d4-4f3d-91aa-b96835514756,a8a6f240-05a5-4c58-9559-3e2f1e69860c,
2/1/2025,9:19:25,Naina,Black infant,,Juvenile 1,Ted,rest. Focal start,RN,ct:a31304f7c3a74c3d0000000000000000,,,Save data,2/1/2025 2:35,2/1/2025 2:19,+07:00,2024042601,f25ec5b9-c67d-43f2-9d72-32049a976459,48d80cfe-3294-4687-8d23-b1e3fd066ba5,
2/1/2025,8:39:32,Tutu,,,,,foraging without tools. Focal end,RN,ct:a31304f7c3a74c3d0000000000000000,,,Save data,2/1/2025 1:39,2/1/2025 1:39,+07:00,2024042601,631b1e2e-ad1e-42aa-b35c-44ca3042c77f,5db56a6c-79c8-446f-8714-0ca271b6fb65,
2/1/2025,8:24:01,Tutu,,,,,climb. Focak start,RN,ct:a31304f7c3a74c3d0000000000000000,,,Save data,2/1/2025 1:39,2/1/2025 1:24,+07:00,2024042601,5790a81a-0f11-4e0c-b8e6-bbb836b73e4b,24473fc0-5acc-4191-9a95-620d7788d31e,
2/1/2025,8:11:54,Bat,,,,,rest. Focal end,RN,ct:a31304f7c3a74c3d0000000000000000,,,Save data,2/1/2025 1:11,2/1/2025 1:11,+07:00,2024042601,067fff97-030b-498c-92f2-54537f905f2a,844f7fc9-84d1-49b9-84b8-442cdf798996,
2/1/2025,7:56:18,Bat,,,,,move. Focal start,RN,ct:a31304f7c3a74c3d0000000000000000,,,Individuals,2/1/2025 1:11,2/1/2025 0:56,+07:00,2024042601,3ee369bc-3cf3-4181-8b7d-7819766fdd95,d82a7f20-de82-4c9e-a3aa-8f53a2226eea,
2/2/2025,13:25:35,Aura,Oreo,,,,Grooming. Focal end,RN,ct:a31304f7c3a74c3d0000000000000000,,,Save data,2/3/2025 0:51,2/2/2025 6:25,+07:00,2024042601,d37642d3-8273-4f33-9cbd-ec7c6ea8ec1b,cbea09db-a099-4bd5-a35e-fbdda479482e,
2/2/2025,13:10:03,Aura,Oreo,,,,Grooming. Fkcal start,RN,ct:a31304f7c3a74c3d0000000000000000,,,Save data,2/3/2025 0:51,2/2/2025 6:10,+07:00,2024042601,76238303-23bf-4e67-895d-ea482c102fa2,68eff5b0-f143-43cf-941b-ea6849dd3af1,
2/2/2025,13:08:38,Cacao,,,,,rest. Focal end,RN,ct:a31304f7c3a74c3d0000000000000000,,,Save data,2/2/2025 6:08,2/2/2025 6:08,+07:00,2024042601,fe593da0-b4a2-4daa-9445-e84019c997ab,75efd3fe-65ee-47d5-990c-bb4009f16bc4,
2/2/2025,12:53:09,Cacao,,,,,rest. Focal start,RN,ct:a31304f7c3a74c3d0000000000000000,,,Save data,2/2/2025 6:08,2/2/2025 5:53,+07:00,2024042601,9eab888b-6d90-4776-b262-2a47db9a3d5b,c88a289c-4f68-4da1-a7de-fa4863990021,
2/2/2025,12:44:46,Kaya,,,,,search. Focal end,RN,ct:a31304f7c3a74c3d0000000000000000,,,Save data,2/2/2025 5:44,2/2/2025 5:44,+07:00,2024042601,4f78b56b-6444-4b18-a8b8-7094cefe5b6d,2aa937ba-fb8f-419c-a6ba-6ddf85b6cf16,
2/2/2025,12:29:16,Kaya,,Jim Lim,,Old infant Lip,rest. Focal start,RN,ct:a31304f7c3a74c3d0000000000000000,,,Save data,2/2/2025 5:44,2/2/2025 5:29,+07:00,2024042601,4c1e2716-4d8e-4f18-ab36-2baf0bd162ee,632750d6-8779-4997-b0a2-03a43df4f169,
2/2/2025,12:27:30,Pat,Juvenile 2,Juvenile 2 F_Subadult,,Old infant Juvenile 1 Quindoline,rest. Focal end,RN,ct:a31304f7c3a74c3d0000000000000000,,,Save data,2/2/2025 5:27,2/2/2025 5:27,+07:00,2024042601,ae22af7b-1ba9-422b-afb0-0d1316546eeb,b1adc2b3-7609-40b2-84b5-311556cc047c,
2/2/2025,12:11:34,Pat,,Juvenile 2,,,rest. Focal start,RN,ct:a31304f7c3a74c3d0000000000000000,,,Save data,2/2/2025 5:27,2/2/2025 5:11,+07:00,2024042601,083ccbae-0bfc-45d0-8d1b-816ce99345c3,81e4bc7a-bc6d-4c17-ba54-33ba80457444,
2/2/2025,10:58:00,Pinky,,Juvenile 2,,,move. Focal end,RN,ct:a31304f7c3a74c3d0000000000000000,,,Save data,2/2/2025 5:11,2/2/2025 3:58,+07:00,2024042601,4ab5bec9-d6f8-4b67-badb-48d960dda52c,9b0d0a04-61ba-499f-99f0-783ecae35d92,
2/2/2025,10:42:28,Pinky,,,,,rest. Focal start,RN,ct:a31304f7c3a74c3d0000000000000000,,,Save data,2/2/2025 5:11,2/2/2025 3:42,+07:00,2024042601,67e497df-32cc-467d-b26f-8abca1a76684,97bf3a82-c44b-40ce-b322-dc9fc6af4bc2,
2/2/2025,9:04:36,Flame,,,,,stone-tool use (oyster). Focal end. Last one was also Flame not Santa.,RN,ct:a31304f7c3a74c3d0000000000000000,,,Save data,2/2/2025 2:04,2/2/2025 2:04,+07:00,2024042601,6a6a3f33-5be0-453d-b81f-5fe0943f6c91,94752045-de07-4d68-813c-456855e9d6d3,
2/2/2025,8:48:44,Santa,,,,,stone-tool use (oyster). Focal start,RN,ct:a31304f7c3a74c3d0000000000000000,,,Save data,2/2/2025 2:04,2/2/2025 1:48,+07:00,2024042601,d566d8bd-d677-4b01-944b-c881770b4325,669c0e24-2aed-4501-8677-8c6f11a5adcd,
2/2/2025,8:15:26,Kal,,,,,stone-tool use (oyster). Focal start,RN,ct:a31304f7c3a74c3d0000000000000000,,,Save data,2/2/2025 2:04,2/2/2025 1:15,+07:00,2024042601,e0a6d7f3-2280-4260-8c6f-421b74de01a5,e504adae-56e5-41ef-8938-9388e49656dd,
2/2/2025,7:49:17,Lip,,,,Pinky,stone-tool use (oyster). Focal end,RN,ct:a31304f7c3a74c3d0000000000000000,,,Save data,2/2/2025 2:04,2/2/2025 0:49,+07:00,2024042601,7e138a17-fba0-45d8-94e1-4f247c1e6e5a,e8757520-3ecb-425f-abc9-a1f123a8f3c3,
2/2/2025,7:33:29,Lip,,,,,stone-tool use (oyster). Focal start,RN,ct:a31304f7c3a74c3d0000000000000000,,,Save data,2/2/2025 2:04,2/2/2025 0:33,+07:00,2024042601,43c6cbb1-9592-418a-8d1b-ead6427b249a,a6b03531-7f44-4fc3-b15f-dde5abab97db,
2/3/2025,7:51:49,Santa,,,,,stone-tool use (oyster). Focal start,RN,ct:a31304f7c3a74c3d0000000000000000,,,Save data,2/5/2025 5:45,2/3/2025 0:51,+07:00,2024042601,dfecf405-a6db-4fc7-9cbe-a2822433d552,9bf20dfa-bb32-42e1-9d50-99fba1f5dae1,
2/5/2025,16:02:49,Aura,,,Tutu,,rest. Focal end,RN,ct:a31304f7c3a74c3d0000000000000000,,,Save data,2/5/2025 9:03,2/5/2025 9:02,+07:00,2024042601,6e9680b0-0184-407e-ba45-507ee73e0576,aeedbbaa-accd-4190-878d-e1d9424bcbaf,
2/5/2025,15:47:05,Aura,,,,,move. Foacl start,RN,ct:a31304f7c3a74c3d0000000000000000,,,Individuals,2/5/2025 9:03,2/5/2025 8:47,+07:00,2024042601,31e7e1d2-c8eb-45f0-999a-54316da12f89,08b8af8b-d502-41e9-9045-c728ff0253d5,
2/5/2025,15:42:46,Jim Lim,Jaan,,,,Grooming. Focal end,RN,ct:a31304f7c3a74c3d0000000000000000,,,Save data,2/5/2025 8:42,2/5/2025 8:42,+07:00,2024042601,ee5a8456-6bc2-4393-ad33-a37ca9963dc7,e79e07a3-a933-42e7-94a3-3852160b73b6,
2/5/2025,15:26:58,Jim Lim,Jaan,,,,Grooming. Focal start,RN,ct:a31304f7c3a74c3d0000000000000000,,,Save data,2/5/2025 8:42,2/5/2025 8:26,+07:00,2024042601,2d34600d-286c-48ce-b2fe-8d5e2a2e33d9,95c771eb-d7bb-4777-8d65-7eb67f9bc547,
2/5/2025,14:25:35,Tutu,Juvenile 2,,,Old infant Juvenile 2 Quindoline,rest. Focal end,RN,ct:a31304f7c3a74c3d0000000000000000,,,Save data,2/5/2025 7:25,2/5/2025 7:25,+07:00,2024042601,bf846dbb-4edc-43e0-aabe-2dd5b1061c3c,261be930-af3f-48e3-9a0c-84520efbccca,
2/5/2025,14:09:23,Tutu,,,,,rest. Focal start,RN,ct:a31304f7c3a74c3d0000000000000000,,,Save data,2/5/2025 7:25,2/5/2025 7:09,+07:00,2024042601,c9d39ce3-1f61-4aa2-82f8-55c96c6fb356,54ca9a53-2c80-4d00-9b94-24a18b3e854b,
2/5/2025,13:55:09,Kaya,Juvenile 2,,,,Grooming. Focal end,RN,ct:a31304f7c3a74c3d0000000000000000,,,Save data,2/5/2025 6:55,2/5/2025 6:55,+07:00,2024042601,416aaa4c-66bd-4b03-8e18-58559da719c6,48edc355-fdcc-42b9-beb5-90ee5cc6a87c,
2/5/2025,13:39:46,Kaya,,Vula,,,rest. Focal start,RN,ct:a31304f7c3a74c3d0000000000000000,,,Save data,2/5/2025 6:55,2/5/2025 6:39,+07:00,2024042601,1893ee78-efd5-4ddc-b3b8-80ec3a2f7fa8,23d67416-c10a-4ecc-85d6-e5602d7398da,
2/5/2025,13:36:16,Vula,,,Old infant F_Subadult Lip,,SaF is Jimmy. rest. Focal end,RN,ct:a31304f7c3a74c3d0000000000000000,,,Save data,2/5/2025 6:36,2/5/2025 6:36,+07:00,2024042601,bc7c71b6-b484-49a0-95cc-103d19fa60c1,72c7cc40-0cc9-474b-817d-0139f9847201,
2/5/2025,13:20:08,Vula,,,,,search. Focal start,RN,ct:a31304f7c3a74c3d0000000000000000,,,Save data,2/5/2025 6:36,2/5/2025 6:20,+07:00,2024042601,ebb2656b-e206-4580-a475-647a2db5c838,1fb83248-f7de-4b4b-8cc7-1e1e8a79aa4d,
2/5/2025,12:45:29,Pinky,,,,,rest. Focal start,RN,ct:a31304f7c3a74c3d0000000000000000,,,Save data,2/5/2025 6:36,2/5/2025 5:45,+07:00,2024042601,fde4fe0e-0630-4852-b6f5-c6afcd857a53,6510200e-be5f-4075-91c1-e56e14e11869,
2/11/2025,13:52:42,Bat,,,,,rest. Focal start,RN,ct:a31304f7c3a74c3d0000000000000000,,,Save data,2/12/2025 0:17,2/11/2025 6:52,+07:00,2024042601,6ea825d7-1371-4264-ac95-772026a9ad9d,e78427b9-ec1d-43e2-a83d-55db35d50522,
2/11/2025,13:50:09,Whitney,,,,M_Adult,climb. Focal end,RN,ct:a31304f7c3a74c3d0000000000000000,,,Save data,2/11/2025 6:50,2/11/2025 6:50,+07:00,2024042601,4273015d-c3f2-4274-bf5c-8cf8e06f993b,f8fe2672-86d3-47b0-b3f8-b58e07a378df,
2/11/2025,13:34:39,Whitney,Babosa,,,Juvenile 2,Mating. Focal start,RN,ct:a31304f7c3a74c3d0000000000000000,,,Save data,2/11/2025 6:50,2/11/2025 6:34,+07:00,2024042601,1b233369-fda3-43e3-972c-1e583adb2536,ced9869b-8839-426b-8bef-67739309568e,
2/11/2025,12:32:39,Pat,,,,Jim Lim,foraging without tools. Focal end,RN,ct:a31304f7c3a74c3d0000000000000000,,,Save data,2/11/2025 5:32,2/11/2025 5:32,+07:00,2024042601,1de65896-f5a4-4b25-9ad0-1bebde5c615f,96483b67-5e56-4354-a009-d6b7ec549bce,
2/11/2025,12:16:48,Pat,,Juvenile 2,Ali,,rest. Focal start,RN,ct:a31304f7c3a74c3d0000000000000000,,,Save data,2/11/2025 5:32,2/11/2025 5:16,+07:00,2024042601,7f374b89-5c1d-436d-b1da-44ea67d22209,c37258d2-0875-4e6e-a4c2-7b9e83b5b35c,
2/11/2025,10:56:06,Tutu,Juvenile 2,,Bat,,rest. Focal end,RN,ct:a31304f7c3a74c3d0000000000000000,,,Save data,2/11/2025 5:32,2/11/2025 3:56,+07:00,2024042601,1a993e52-ebd3-4496-82d2-57af99ad5c12,e91d1704-0cdc-482a-8e2e-2f5cad2614ed,
2/11/2025,10:40:33,Tutu,F_Subadult,,,,Grooming. Focal start,RN,ct:a31304f7c3a74c3d0000000000000000,,,Save data,2/11/2025 5:32,2/11/2025 3:40,+07:00,2024042601,55fc345e-e243-4d6a-a70f-b573901d23c7,5c359f32-62f2-4489-9372-d3e4de705dad,
2/11/2025,10:29:57,Quindoline,Oreo,,,,Grooming. Focal end,RN,ct:a31304f7c3a74c3d0000000000000000,,,Save data,2/11/2025 3:30,2/11/2025 3:29,+07:00,2024042601,c991a2fa-168f-4733-b17f-b3c6bd2e75f1,e67e06a6-4d61-4bae-8035-20b34f85b5be,
2/11/2025,10:13:37,Quindoline,,,,,foraging without tools. Focal start,RN,ct:a31304f7c3a74c3d0000000000000000,,,Save data,2/11/2025 3:30,2/11/2025 3:13,+07:00,2024042601,da848dd8-b2f4-4715-9a74-4fe53ca3fad8,91eb7283-71a7-41a3-a5e5-200a4afaa8f9,
2/11/2025,10:09:08,Kaya,,,,Juvenile 2 Quindoline,foraging without tools. Focal end,RN,ct:a31304f7c3a74c3d0000000000000000,,,Save data,2/11/2025 3:09,2/11/2025 3:09,+07:00,2024042601,e59737f5-5789-4413-b98e-5398e794d2ba,7b3e9d69-9ec7-48ce-b49f-2152abb7d860,
2/11/2025,9:53:28,Kaya,,,,,rest. Focal start,RN,ct:a31304f7c3a74c3d0000000000000000,,,Save data,2/11/2025 3:09,2/11/2025 2:53,+07:00,2024042601,25937d7a-2ed1-437f-9162-004d444fc30d,58ab3e14-ad08-40c4-9dd7-94c4beeb3fbc,
2/11/2025,9:20:54,Vula,,,,,foraging without tools. Focal end. Scan not very good (visibility low).,RN,ct:a31304f7c3a74c3d0000000000000000,,,Save data,2/11/2025 2:20,2/11/2025 2:20,+07:00,2024042601,095c60ff-a14f-4698-b42b-f36efc93dd16,5e9e2c99-2b17-4167-a75e-f3cb44636643,
2/11/2025,9:05:09,Vula,,F_Subadult,,,SaF Granny's. move. Focal start,RN,ct:a31304f7c3a74c3d0000000000000000,,,Save data,2/11/2025 2:20,2/11/2025 2:05,+07:00,2024042601,03355016-82d3-4f7f-ba88-57a4df7cc732,2b434687-859a-4f75-b79e-7ad1732f47a3,
2/12/2025,10:55:41,Jim Lim,,,Jaan,,move. Focal end,RN,ct:a31304f7c3a74c3d0000000000000000,,,Save data,2/12/2025 3:55,2/12/2025 3:55,+07:00,2024042601,7c515764-359a-4da9-8724-06e00a77b528,f30faaaf-f74e-42c9-924f-a866bb79778c,
2/12/2025,10:40:01,Jim Lim,,,,,move. Focal start,RN,ct:a31304f7c3a74c3d0000000000000000,,,Save data,2/12/2025 3:55,2/12/2025 3:40,+07:00,2024042601,35c4c1ae-f2e7-4023-b155-e2c5d662f6bd,88915784-4c55-4440-a487-901cb0e63e8b,
2/12/2025,10:27:40,Lip,,Vula,,,move. Focal end,RN,ct:a31304f7c3a74c3d0000000000000000,,,Save data,2/12/2025 3:27,2/12/2025 3:27,+07:00,2024042601,9df1a339-f193-4f65-bbd0-b5aaf8d151df,11346898-3d82-4b6f-9280-3a3bc5c19716,
2/12/2025,10:12:08,Lip,,F_Subadult,Jim Lim Quindoline,F_Subadult Kaya,rest. Focal start,RN,ct:a31304f7c3a74c3d0000000000000000,,,Save data,2/12/2025 3:27,2/12/2025 3:12,+07:00,2024042601,291dd0f8-c75b-46aa-847f-287d4d6dc0b4,17859b19-eb1e-4e0b-939b-bcdc68c378e3,
2/12/2025,9:12:54,Vula,Babosa,,,,Grooming. Focal start,RN,ct:a31304f7c3a74c3d0000000000000000,,,Save data,2/12/2025 3:11,2/12/2025 2:12,+07:00,2024042601,00174733-9493-4960-8c2b-caec01446a59,a9f74fd7-2027-4b9a-9907-5c5866a7e59b,
2/12/2025,7:48:30,Quindoline,,,,,rest. Focal end,RN,ct:a31304f7c3a74c3d0000000000000000,,,Save data,2/12/2025 0:48,2/12/2025 0:48,+07:00,2024042601,4ccc0f86-451b-47a7-a07a-7ec54d92f128,89192070-8637-40aa-be03-7f19c9422844,
2/12/2025,7:32:31,Quindoline,,,,,search. Focal start,RN,ct:a31304f7c3a74c3d0000000000000000,,,Save data,2/12/2025 0:48,2/12/2025 0:32,+07:00,2024042601,7b392f1d-74e7-4d2c-845d-881277707ece,48dcf03d-54ef-4dfe-82ef-e6e6f3ecee86,
2/12/2025,7:18:10,Granny,,,,,stone-tool use (oyster). Focal start,RN,ct:a31304f7c3a74c3d0000000000000000,,,Save data,2/12/2025 0:48,2/12/2025 0:18,+07:00,2024042601,71e72213-e356-4fed-84b3-fe6910247ca0,b599e636-544a-4576-b7c5-a2ebbbaf0b99,
2/13/2025,12:04:36,Jim Lim,Jaan,,,,Grooming. Focal end,RN,ct:a31304f7c3a74c3d0000000000000000,,,Save data,2/13/2025 7:40,2/13/2025 5:04,+07:00,2024042601,7084b2fa-86be-4f9d-93fa-d8250721067e,9a42b992-d08d-45a2-a506-1e7e1ce4ef19,
2/13/2025,11:48:59,Jim Lim,,,,,rest. Focal start,RN,ct:a31304f7c3a74c3d0000000000000000,,,Save data,2/13/2025 7:40,2/13/2025 4:48,+07:00,2024042601,943aab17-7c1a-4c40-97ec-ae9656044138,834c902d-e036-43e2-b7f4-4f74c8cd066e,
2/13/2025,11:45:22,Harley,Ham,,,Jim Lim,rest. Focal end,RN,ct:a31304f7c3a74c3d0000000000000000,,,Save data,2/13/2025 4:45,2/13/2025 4:45,+07:00,2024042601,d7f84726-6d38-49d2-ad27-33098ca56b89,22a730e7-2805-4d98-b080-64ebd1fbf96f,
2/13/2025,11:29:38,Harley,Robin,,,,rest. Focal start,RN,ct:a31304f7c3a74c3d0000000000000000,,,Save data,2/13/2025 4:45,2/13/2025 4:29,+07:00,2024042601,ba4b2fad-e3d4-478b-9ec1-1b5171998acb,680e9e48-7ea6-4a56-b70b-561cdc30f619,
2/13/2025,11:01:51,Pinky,,Ted,,Juvenile 2,rest. Focal start,RN,ct:a31304f7c3a74c3d0000000000000000,,,Save data,2/13/2025 4:45,2/13/2025 4:01,+07:00,2024042601,78e2c671-1d5d-433e-b32e-ace397a7d85c,13394422-bb3f-49f9-9b35-5dd618e0d857,
2/13/2025,10:50:55,Granny,Old infant,,,Ted Pinky,rest. Focal end,RN,ct:a31304f7c3a74c3d0000000000000000,,,Save data,2/13/2025 3:51,2/13/2025 3:50,+07:00,2024042601,a88cf2bb-a708-429d-a9b6-965458c3ad7b,94d97a5f-a7e7-417b-8bcc-8bd6b6346957,
2/13/2025,10:35:05,Granny,Old infant,,,Ted,Grooming. Focal start,RN,ct:a31304f7c3a74c3d0000000000000000,,,Save data,2/13/2025 3:51,2/13/2025 3:35,+07:00,2024042601,d178e66a-eb21-444f-8f05-e353ed6810d6,1a9609ce-c7db-4467-859d-e21d1c152efd,
2/13/2025,10:33:36,Pat,Babosa,,,,Grooming. Focal end,RN,ct:a31304f7c3a74c3d0000000000000000,,,Save data,2/13/2025 3:33,2/13/2025 3:33,+07:00,2024042601,bc315c77-3f5c-4430-980f-0c26f6aa8fb3,467032a8-9674-44f7-ae15-16f408dad500,
2/13/2025,10:17:43,Pat,,,,,rest. Focal start,RN,ct:a31304f7c3a74c3d0000000000000000,,,Save data,2/13/2025 3:33,2/13/2025 3:17,+07:00,2024042601,57ce24a7-6091-4ca1-97f0-43014ac2f5a0,54f638cc-b42e-49d7-a581-21afea326d95,
2/13/2025,9:12:26,Pat,,,,,foraging without tools. Focal end,RN,ct:a31304f7c3a74c3d0000000000000000,,,Save data,2/13/2025 2:12,2/13/2025 2:12,+07:00,2024042601,ed5b5720-7a27-4d87-9e7d-2e92046f38f6,f39e911e-68af-473e-b648-86fc0a8516a7,
2/13/2025,8:57:12,Pat,,,,,move. Focal start,RN,ct:a31304f7c3a74c3d0000000000000000,,,Save data,2/13/2025 2:12,2/13/2025 1:57,+07:00,2024042601,71edd6eb-5f51-4d6b-b0b3-2d873b1595ff,257fa8cb-7eb5-45cb-9e6a-42bc7a6c7f09,
2/15/2025,12:54:28,Jim Lim,,,,Naina,search. Focal start,RN,ct:a31304f7c3a74c3d0000000000000000,,,Save data,2/17/2025 0:34,2/15/2025 5:54,+07:00,2024042601,79d9e06f-3e5c-4a7a-9b55-43f5bb2d4b45,93a58d13-b5c4-4df6-9d7b-5eb70224abea,
2/15/2025,12:35:38,Naina,F_Subadult,,,Babosa,SaF = Granny's. rest. Focal end,RN,ct:a31304f7c3a74c3d0000000000000000,,,Save data,2/15/2025 5:35,2/15/2025 5:35,+07:00,2024042601,8fe98d0f-e9e1-4eec-91cb-3f5dc410877e,fe7b826a-1b50-4eed-a9f0-9ed1b2d6721c,
2/15/2025,12:19:44,Naina,Black infant Juvenile 1,,Vula,Harley,rest. Focal start,RN,ct:a31304f7c3a74c3d0000000000000000,,,Save data,2/15/2025 5:35,2/15/2025 5:19,+07:00,2024042601,b29e9ff2-7dd4-4c1e-826f-fb589836b1a4,c749c1bf-b1c9-4c58-b587-9c749e1558cd,
2/15/2025,12:17:21,Tin tin,,,,Old infant Juvenile 1,rest. Focal end,RN,ct:a31304f7c3a74c3d0000000000000000,,,Save data,2/15/2025 5:17,2/15/2025 5:17,+07:00,2024042601,30ab0aec-98c1-491d-b67e-f55ed331ed29,c238cf1a-535a-4c6a-bf71-9dfb38e2bf74,
2/15/2025,11:59:59,Tin tin,,,Old infant Juvenile 1,,rest. Focal start,RN,ct:a31304f7c3a74c3d0000000000000000,,,Save data,2/15/2025 5:00,2/15/2025 4:59,+07:00,2024042601,59f5a71c-fdef-4f14-be92-60c8b32dd0ae,19e5e7b1-0a0d-4e35-a583-c691cc513ba6,
2/15/2025,11:55:16,Ted,,Pinky,,,Self-groom. Focal end,RN,ct:a31304f7c3a74c3d0000000000000000,,,Save data,2/15/2025 4:55,2/15/2025 4:55,+07:00,2024042601,d2a250ed-ea78-4533-9d97-56b3df609a99,bb99be2c-c7f2-400c-9605-90b99da1ec06,
2/15/2025,11:39:43,Ted,Pinky,,Old infant,,Grooming. Focal start,RN,ct:a31304f7c3a74c3d0000000000000000,,,Save data,2/15/2025 4:55,2/15/2025 4:39,+07:00,2024042601,8fbcd457-db14-42cd-9464-f511a8ad63db,3245ffda-e3fd-41a7-8d4a-5ed33b6d99c2,
2/15/2025,11:28:59,Babosa,,Old infant Ted,Pinky,Old infant,rest. Focal end,RN,ct:a31304f7c3a74c3d0000000000000000,,,Save data,2/15/2025 4:29,2/15/2025 4:28,+07:00,2024042601,7d822436-8649-4dc9-8fe2-781dafe14d1d,73480880-b7ee-4bac-bf8b-bb457b101419,
2/15/2025,11:13:20,Babosa,,,Ted Pinky,Old infant,rest. Focal start,RN,ct:a31304f7c3a74c3d0000000000000000,,,Save data,2/15/2025 4:29,2/15/2025 4:13,+07:00,2024042601,b99f9941-0104-4cd0-90b2-864db60f52b6,ef66bc8d-a60b-49a9-82a3-0e4dc5a15639,
2/15/2025,9:57:33,Pinky,,,Old infant Juvenile 1 Juvenile 2 Ted,Babosa Pat,move. Focal end,RN,ct:a31304f7c3a74c3d0000000000000000,,,Save data,2/15/2025 2:57,2/15/2025 2:57,+07:00,2024042601,9b6f9049-5ea6-4a6c-99ea-5b70726d0025,4b3bd5bf-28bc-44ee-a692-0de5abaf927d,
2/15/2025,9:42:23,Vula,Ted Pinky,Old infant Babosa F_Subadult,,Juvenile 1 Juvenile 2 M_Adult Granny,UAM = Saw. rest. Focal start. ,RN,ct:a31304f7c3a74c3d0000000000000000,,,Save data,2/15/2025 2:57,2/15/2025 2:42,+07:00,2024042601,95b102ca-540f-4594-9872-5222f2795d6f,d207f972-40f6-4077-9077-beca018c0907,
2/17/2025,17:03:40,Yaiko,,,Yaiko,,stone-tool use. Focal end,RN,ct:a31304f7c3a74c3d0000000000000000,,,Save data,2/17/2025 10:03,2/17/2025 10:03,+07:00,2024042601,cf39a0f1-2ae6-4075-bd1c-90683362ad18,c99ef168-fe55-42ae-944a-51cf2630adb8,
2/17/2025,16:47:54,Cacao,,,,,rest. Focal start,RN,ct:a31304f7c3a74c3d0000000000000000,,,Save data,2/17/2025 10:03,2/17/2025 9:47,+07:00,2024042601,3ea7c1f6-06c7-4248-915f-02b394ef6a75,c7cb0481-d9f2-47fb-aa84-7b9475ec3d05,
2/17/2025,16:38:36,Yaiko,,,,Kaya,stone-tool use (oyster). Focal end,RN,ct:a31304f7c3a74c3d0000000000000000,,,Save data,2/17/2025 9:38,2/17/2025 9:38,+07:00,2024042601,996c4ea4-8a91-460b-b870-fe69261bf7e4,db46cc4a-7e55-4475-a7b8-c177b6fe27f3,
2/17/2025,16:22:59,Yaiko,,,,,foraging without tools. Focal start,RN,ct:a31304f7c3a74c3d0000000000000000,,,Save data,2/17/2025 9:38,2/17/2025 9:22,+07:00,2024042601,4b2cc03a-027b-409c-bdce-410e639cab0c,522c4882-0ccc-4188-8278-a8e015fc1b80,
2/17/2025,16:22:22,Kaya,,,,,rest. Focal end,RN,ct:a31304f7c3a74c3d0000000000000000,,,Save data,2/17/2025 9:38,2/17/2025 9:22,+07:00,2024042601,ac3f855d-e73d-4d27-94c5-6aa93d259105,da5e46eb-1d5d-41de-8d6c-aadbf1f4629d,
2/17/2025,16:07:06,Kaya,,,,,climb. Focal start,RN,ct:a31304f7c3a74c3d0000000000000000,,,Save data,2/17/2025 9:38,2/17/2025 9:07,+07:00,2024042601,1c82d113-f256-45fa-b3a5-5beaa9f79bd4,4b22c16e-e21b-4443-b9f9-464999d2b686,
2/17/2025,16:03:06,Jim Lim,,,,,foraging without tools. Focal start,RN,ct:a31304f7c3a74c3d0000000000000000,,,Individuals,2/17/2025 9:38,2/17/2025 9:03,+07:00,2024042601,5897970a-0048-4257-80c2-e6d7c86288f1,0cd5f019-e241-465b-a92e-3d14985d51d1,
2/17/2025,15:39:55,Robin,,,,,foraging without tools. Focal start,RN,ct:a31304f7c3a74c3d0000000000000000,,,Save data,2/17/2025 9:38,2/17/2025 8:39,+07:00,2024042601,e1856b80-5715-4238-a7ac-109eeaff5cf3,a68325ef-81f2-40dc-8d7d-39172d985f3e,
2/17/2025,15:22:50,Quindoline,,Jim Lim,,,rest. Focal end,RN,ct:a31304f7c3a74c3d0000000000000000,,,Save data,2/17/2025 8:22,2/17/2025 8:22,+07:00,2024042601,8ba83353-676e-4768-a555-44bddb8c68d8,bb0c8797-e3fd-4bf4-9dab-11e402140c95,
2/17/2025,15:07:20,Quindoline,,Jim Lim Kaya,,,foraging without tools. Focal start,RN,ct:a31304f7c3a74c3d0000000000000000,,,Save data,2/17/2025 8:22,2/17/2025 8:07,+07:00,2024042601,cd53538f-27d6-4d36-b4f5-a5550140a52d,0d244fd8-bd2c-4667-a5c7-470902780eec,
2/17/2025,14:26:26,Jim Lim,F_Subadult,,,,Grooming. Focal end,RN,ct:a31304f7c3a74c3d0000000000000000,,,Save data,2/17/2025 7:26,2/17/2025 7:26,+07:00,2024042601,cc084a08-6931-47cf-af8a-add5d5d68cd4,e35f01b4-b968-4436-8692-06cf820a92ab,
2/17/2025,14:10:40,Jim Lim,Juvenile 2,,,,Grooming. Focal start,RN,ct:a31304f7c3a74c3d0000000000000000,,,Save data,2/17/2025 7:26,2/17/2025 7:10,+07:00,2024042601,8cac3639-6b8b-46d5-9f99-664f3b84ba56,77893ddb-ef4a-4420-a27e-2a229f50aa39,
2/17/2025,14:08:28,Belanda,,,,,rest. Focal end,RN,ct:a31304f7c3a74c3d0000000000000000,,,Save data,2/17/2025 7:08,2/17/2025 7:08,+07:00,2024042601,e104fbdc-7749-4ad3-ac0b-a460cd92b2f0,f4a9058e-4ae6-429c-ac73-a18c8685aaf6,
2/17/2025,13:52:54,Belanda,,,,,rest. Focal start,RN,ct:a31304f7c3a74c3d0000000000000000,,,Save data,2/17/2025 7:08,2/17/2025 6:52,+07:00,2024042601,86393161-86be-4fb3-8a71-c0e7f0c2e220,81d1ce5d-e389-4f65-8691-319837cd9616,
2/17/2025,13:37:54,Kaya,,,,,rest. Focal end,RN,ct:a31304f7c3a74c3d0000000000000000,,,Save data,2/17/2025 6:37,2/17/2025 6:37,+07:00,2024042601,b4d79265-c7ee-4103-97cf-1bb5acf9189a,9feda602-e40b-40d8-aa4e-8428e87d8e63,
2/17/2025,13:22:31,Kaya,,,,,rest. Focal start,RN,ct:a31304f7c3a74c3d0000000000000000,,,Save data,2/17/2025 6:37,2/17/2025 6:22,+07:00,2024042601,12652402-e010-4ceb-bfdb-37c9d2bb7090,8b7f5dd6-9301-4ee7-b781-f1778fd36d9d,
2/17/2025,13:21:50,Vula,Old infant Juvenile 1,,Pat Granny,,Grooming. Focal end,RN,ct:a31304f7c3a74c3d0000000000000000,,,Save data,2/17/2025 6:37,2/17/2025 6:21,+07:00,2024042601,9357b2c3-5f43-46b1-ac16-e432e1da5664,3688a1af-8be5-4132-8845-f8eba11ee8dc,
2/17/2025,13:06:09,Vula,Old infant,Granny,Pat,,Grooming. Focal start,RN,ct:a31304f7c3a74c3d0000000000000000,,,Save data,2/17/2025 6:37,2/17/2025 6:06,+07:00,2024042601,9af334f5-8cbc-4da4-b65e-0e8ff6666f05,6f2badb4-242f-4eff-8522-b5defb2805b6,
2/17/2025,11:54:41,Pinky,,Old infant Ted,Old infant,Old infant Juvenile 1,rest. Focal end,RN,ct:a31304f7c3a74c3d0000000000000000,,,Save data,2/17/2025 4:54,2/17/2025 4:54,+07:00,2024042601,ffb2bd27-37af-4101-b74e-0b79161321e1,32dbb770-6654-4d3b-b4a8-1dbc81049983,
2/17/2025,11:39:07,Pinky,Ted,,,Old infant,rest. Focal start,RN,ct:a31304f7c3a74c3d0000000000000000,,,Save data,2/17/2025 4:54,2/17/2025 4:39,+07:00,2024042601,e599b7ee-74e9-4def-a97f-50455dca4448,d15fefee-93c5-4613-8f0a-661f6edceab7,
2/17/2025,11:15:35,Pat,,,Old infant,Old infant,foraging without tools. Focal end,RN,ct:a31304f7c3a74c3d0000000000000000,,,Save data,2/17/2025 4:15,2/17/2025 4:15,+07:00,2024042601,85ccf8ef-a64c-4dde-9ffc-f42912a9f050,3cc09fe4-27f3-41fe-872c-131d7a9f2ff1,
2/17/2025,10:59:39,Pat,,,,,No scan,RN,ct:a31304f7c3a74c3d0000000000000000,,,Save data,2/17/2025 4:15,2/17/2025 3:59,+07:00,2024042601,af2c9554-04dc-496c-b93a-56be3241df3c,6b1d7669-b13f-4ecd-98e2-7882ff809a11,
2/17/2025,7:51:22,Flame,,,Taipan,,stone-tool use (oyster). Focal end,RN,ct:a31304f7c3a74c3d0000000000000000,,,Save data,2/17/2025 0:51,2/17/2025 0:51,+07:00,2024042601,a68b334f-2f5d-4d4b-982a-9328af3e43d6,bf76c190-a68a-4949-931f-ace433c3e3c0,
2/17/2025,7:35:42,Flame,,,,,rest. Focal start,RN,ct:a31304f7c3a74c3d0000000000000000,,,Save data,2/17/2025 0:51,2/17/2025 0:35,+07:00,2024042601,5f7a18b9-1603-4eb3-be83-400e5734f00a,20072b03-ddc4-4dae-9aa3-bcce735ab81b,
2/18/2025,15:32:14,Kal,,,,Juvenile 2,rest. Focal start,RN,ct:a31304f7c3a74c3d0000000000000000,,,Save data,2/21/2025 0:50,2/18/2025 8:32,+07:00,2024042601,c03226ef-6b01-4b86-99f7-2db41c112b02,e25188fc-d3c6-4c94-b136-8b6f3ca8c924,
2/18/2025,15:25:42,Pat,,Old infant,Old infant,,move. Focal end,RN,ct:a31304f7c3a74c3d0000000000000000,,,Save data,2/18/2025 8:25,2/18/2025 8:25,+07:00,2024042601,a57710bd-e9c7-4454-9736-728a6758ae76,a1c7e8d2-7a25-4752-92f7-632112decc00,
2/18/2025,15:09:59,Pat,,,Kaya,Jaan,search. Focal start,RN,ct:a31304f7c3a74c3d0000000000000000,,,Save data,2/18/2025 8:25,2/18/2025 8:09,+07:00,2024042601,30ff493d-2e36-4bf8-aad5-fc37ddeb8e73,941b86f6-1225-43c3-98ed-a3bbf75dc977,
2/18/2025,14:56:43,Robin,,,,,foraging without tools. Focal end,RN,ct:a31304f7c3a74c3d0000000000000000,,,Save data,2/18/2025 7:57,2/18/2025 7:56,+07:00,2024042601,9eae878e-84f7-467b-b7d2-ca36526f9e02,769e7152-6f2b-4fa6-9b6e-daa8b4871969,
2/18/2025,14:41:23,Robin,,,,,rest. Focal start,RN,ct:a31304f7c3a74c3d0000000000000000,,,Save data,2/18/2025 7:57,2/18/2025 7:41,+07:00,2024042601,e216d60f-4c56-440d-ab53-3a4bf3f4d077,6677300f-b627-4c16-85e4-161d3c76e642,
2/18/2025,14:25:21,Quindoline,,,Quindoline,Juvenile 2,move. Focal end,RN,ct:a31304f7c3a74c3d0000000000000000,,,Save data,2/18/2025 7:25,2/18/2025 7:25,+07:00,2024042601,b92bc214-4d4a-4abc-b860-318cf94f5d3b,f1523e2d-fc39-40cf-8207-0d3067e7ee7d,
2/18/2025,14:10:52,Iyla,Juvenile 2 Jim Lim,Juvenile 2 Quindoline,,,Remove prev scan. Use this one,RN,ct:a31304f7c3a74c3d0000000000000000,,,Save data,2/18/2025 7:25,2/18/2025 7:10,+07:00,2024042601,9ca74383-0ed8-4c0c-83e2-884a766ac58c,15015c77-cd9e-4fce-b494-f5be6ec2bb7f,
2/18/2025,14:09:35,Iyla,Juvenile 1 Juvenile 2,Juvenile 2 Quindoline,,,rest. Focal start,RN,ct:a31304f7c3a74c3d0000000000000000,,,Save data,2/18/2025 7:25,2/18/2025 7:09,+07:00,2024042601,eecc0978-fb99-4dd7-a4d1-62ee3c7fe178,eb396889-63b1-4c30-889f-80a4d7d4f8e7,
2/18/2025,14:05:54,Kaya,Juvenile 2,,,,Groom. Focal end,RN,ct:a31304f7c3a74c3d0000000000000000,,,Save data,2/18/2025 7:07,2/18/2025 7:05,+07:00,2024042601,06a824be-5d5a-47eb-844b-4a14a36b2573,b7a2db32-9811-4bbb-929d-cf7a00db927e,
2/18/2025,13:50:10,Kaya,,Juvenile 2,,,rest. Focal start,RN,ct:a31304f7c3a74c3d0000000000000000,,,Save data,2/18/2025 7:07,2/18/2025 6:50,+07:00,2024042601,8ed4b2a4-9a82-4365-a321-991b38399633,8d181b3d-6812-4bd9-833d-51bfbfa31f47,
2/18/2025,12:27:06,Yaiko,,,,,foraging without tools. Focal end,RN,ct:a31304f7c3a74c3d0000000000000000,,,Save data,2/18/2025 5:27,2/18/2025 5:27,+07:00,2024042601,a6dd0344-ee2c-4570-a94c-b8bc39ab6e0c,3c93f3b9-a65a-412b-b400-b25af287ba34,
2/18/2025,12:11:16,Yaiko,,,,,climb. Focak start,RN,ct:a31304f7c3a74c3d0000000000000000,,,Save data,2/18/2025 5:27,2/18/2025 5:11,+07:00,2024042601,b07004d8-212d-4edf-bf41-698125ea0b32,65305c0c-2b17-437e-b13d-fa0b25fc4e6a,
2/18/2025,10:54:02,Whitney,,,,,"foraging without tools. Focal start
",RN,ct:a31304f7c3a74c3d0000000000000000,,,Save data,2/18/2025 5:11,2/18/2025 3:54,+07:00,2024042601,01ca6ae2-a5fe-4fe1-9752-eac5dedae9b4,c0c95026-4826-4320-9552-8c401d6d38fc,
2/18/2025,9:55:47,Oreo,,,,,foraging without tools. Focal start,RN,ct:a31304f7c3a74c3d0000000000000000,,,Save data,2/18/2025 5:11,2/18/2025 2:55,+07:00,2024042601,a110b001-cdf8-41f5-8f13-e2749407e6bc,78d3473b-5815-4d6c-9e23-f23c35820623,
2/18/2025,8:26:08,Vula,,,,,foraging without tools. Focal start,RN,ct:a31304f7c3a74c3d0000000000000000,,,Save data,2/18/2025 2:20,2/18/2025 1:26,+07:00,2024042601,d7848645-3b96-4427-93f0-513fdeb74a43,aa7e036e-0501-4d27-9883-9a66a85f5bab,
2/18/2025,8:24:06,Jim Lim,,Vula,,,foraging without tools. Focal end,RN,ct:a31304f7c3a74c3d0000000000000000,,,Save data,2/18/2025 1:24,2/18/2025 1:24,+07:00,2024042601,f615e655-300c-4381-aa41-48ffb0dccac6,d890d668-b252-494c-b9a9-522564b6c37b,
2/18/2025,8:08:20,Jim Lim,,,,,rest. Focal start,RN,ct:a31304f7c3a74c3d0000000000000000,,,Save data,2/18/2025 1:24,2/18/2025 1:08,+07:00,2024042601,cc558852-dfaf-49ae-8969-7c4c09170073,10dad27d-1cbb-4e18-9eb7-c6da94af5c42,
2/18/2025,7:54:12,Betina,,,,M_Subadult Whitney,Agonistic behavior (chase). Focal end,RN,ct:a31304f7c3a74c3d0000000000000000,,,Save data,2/18/2025 0:54,2/18/2025 0:54,+07:00,2024042601,ba2d5c88-a20b-41ef-aa52-755cb833835e,f35c9076-cc41-4485-b974-85ef51b155be,
2/18/2025,7:38:27,Betina,,,,Jim Lim,stone-tool use (oyster). Focal start,RN,ct:a31304f7c3a74c3d0000000000000000,,,Save data,2/18/2025 0:54,2/18/2025 0:38,+07:00,2024042601,311ad495-7bac-4c20-a592-55c1101b89dc,19c5e2f7-6382-4b24-b463-c6bd35308eef,
2/21/2025,14:15:25,Betina,M_Subadult,,,,Copulation. Focal end,RN,ct:a31304f7c3a74c3d0000000000000000,,,Save data,2/21/2025 7:15,2/21/2025 7:15,+07:00,2025022001,dae14010-5bf5-4240-8821-2625a313a055,3f3b2004-d48a-4890-8941-8f9ee0168d61,
2/21/2025,13:59:26,Betina,,,,,rest. Focal start,RN,ct:a31304f7c3a74c3d0000000000000000,,,Individuals,2/21/2025 7:15,2/21/2025 6:59,+07:00,2025022001,61f60a4d-d717-4c9a-8274-90bb794406f4,9ad3065c-4ac8-4491-bb25-6dd5261b16da,
2/21/2025,13:58:43,Santa,,,Betina,Boss,rest. Focal end,RN,ct:a31304f7c3a74c3d0000000000000000,,,Save data,2/21/2025 7:15,2/21/2025 6:58,+07:00,2025022001,b51961fd-5247-4954-9c54-350adf8cd25c,cfcc81ac-4a04-4d39-890d-c5508b243fb2,
2/21/2025,13:42:51,Santa,Taipan,,,Ali,Grooming. Focal start,RN,ct:a31304f7c3a74c3d0000000000000000,,,Save data,2/21/2025 7:15,2/21/2025 6:42,+07:00,2025022001,10b8ac89-4375-49dc-90f0-b5a7a29947a0,25c02e56-6030-434e-aa34-887fbc9760c4,
2/21/2025,12:47:11,Quindoline,,Jaan,,,rest. Focal end,RN,ct:a31304f7c3a74c3d0000000000000000,,,Save data,2/21/2025 5:47,2/21/2025 5:47,+07:00,2025022001,ce9e8db0-63d5-4aeb-9ac7-521eb8a77947,6136d19f-3aa6-48ce-8c61-77d7fff7294f,
2/21/2025,12:31:42,Quindoline,,Old infant,,,stone-tool use (oyster). Focal start,RN,ct:a31304f7c3a74c3d0000000000000000,,,Save data,2/21/2025 5:47,2/21/2025 5:31,+07:00,2025022001,2b591888-4cf8-4b2f-bc21-5dc6ecb518ca,765a2567-2e7c-4717-bc61-9a1a90c86dfb,
2/21/2025,12:16:43,Santa,,,,,move. Foxal start,RN,ct:a31304f7c3a74c3d0000000000000000,,,Save data,2/21/2025 5:47,2/21/2025 5:16,+07:00,2025022001,59b1feab-f674-439c-b5ab-df40cbbf2007,4ef60285-a9c3-46d4-a378-a33d2f5e26f4,
2/21/2025,9:44:54,Tutu,,,,,foraging without tools. Focal end,RN,ct:a31304f7c3a74c3d0000000000000000,,,Save data,2/21/2025 2:45,2/21/2025 2:44,+07:00,2025022001,c7a05ee4-1fb8-4e1b-a7c0-c3d50e2530a4,1049090f-bc17-4954-a26c-7db35ff4d1e0,
2/21/2025,9:29:28,Tutu,,,,,rest. Focal start,RN,ct:a31304f7c3a74c3d0000000000000000,,,Save data,2/21/2025 2:45,2/21/2025 2:29,+07:00,2025022001,7db7ba0d-297f-46c6-848f-57d78edf5177,57a67353-b6cb-42fb-90df-5933f3762f00,
2/21/2025,8:07:22,Belanda,,,,,move. Focal end,RN,ct:a31304f7c3a74c3d0000000000000000,,,Save data,2/21/2025 1:07,2/21/2025 1:07,+07:00,2025022001,f8af98ed-cc0a-41ab-8e1d-f237f0c3415d,5937acd5-1167-4212-a446-f1cad5e01229,
2/21/2025,7:51:49,Belanda,,,,,foraging without tools. Focal start,RN,ct:a31304f7c3a74c3d0000000000000000,,,Save data,2/21/2025 1:07,2/21/2025 0:51,+07:00,2025022001,ddc1bdd4-bd1b-4e5f-9438-be3ddf637275,1ec83898-7ae8-4173-845a-c123582ed98b,
2/22/2025,16:23:15,Pat,Ladyboy,,Juvenile 2,,rest. Focal end ,RN,ct:a31304f7c3a74c3d0000000000000000,,,Save data,2/22/2025 9:23,2/22/2025 9:23,+07:00,2025022001,9523f0f3-ed6b-47fd-b31f-1b3248eef0ab,39fd40ca-0db7-431e-9ff5-1f60159c137b,
2/22/2025,16:07:23,Pat,Cacao,,,,rest. Focal start,RN,ct:a31304f7c3a74c3d0000000000000000,,,Save data,2/22/2025 9:23,2/22/2025 9:07,+07:00,2025022001,00346e09-a3e2-43d2-bb77-6b1f5da4e3a5,238b31af-1cb5-4f9d-b0e8-e143320e51f3,
2/22/2025,15:39:25,Ted,,,,,stone-tool use. Focal end,RN,ct:a31304f7c3a74c3d0000000000000000,,,Save data,2/22/2025 8:39,2/22/2025 8:39,+07:00,2025022001,56ee631c-5331-41d2-ac61-145bc8867a4c,59d6aff0-d752-416e-99cd-a499ac837a6e,
2/22/2025,15:23:43,Ted,,Juvenile 1,,Old infant Vula,rest. Focal start,RN,ct:a31304f7c3a74c3d0000000000000000,,,Individuals,2/22/2025 8:39,2/22/2025 8:23,+07:00,2025022001,d4bcf1c2-2100-44db-beb7-f38e40fcd054,80594666-88e6-4899-a3a3-767a5d702c7e,
2/22/2025,15:10:28,Quindoline,,Old infant,,,foraging without tools. Focal end,RN,ct:a31304f7c3a74c3d0000000000000000,,,Save data,2/22/2025 8:10,2/22/2025 8:10,+07:00,2025022001,747834e4-65f3-49c6-9f13-4d993e4ca5b5,8eaa4fe2-1aeb-4c58-85a7-b5c012ff7c3c,
2/22/2025,14:54:38,Quindoline,,Old infant,,,climb. Focal start,RN,ct:a31304f7c3a74c3d0000000000000000,,,Individuals,2/22/2025 8:10,2/22/2025 7:54,+07:00,2025022001,84172db9-70ba-4073-8043-3bf85c068a1e,a0850231-e515-4f98-942f-da37af05a17c,
2/22/2025,14:49:42,Belanda,,Old infant,,,rest. Focal end ,RN,ct:a31304f7c3a74c3d0000000000000000,,,Save data,2/22/2025 7:49,2/22/2025 7:49,+07:00,2025022001,134b7e9c-1423-4289-82d6-aae6f9716ace,26304b57-a5e9-4b98-ad02-fe7e03074f1b,
2/22/2025,14:34:02,Belanda,,,,,rest. Focal start,RN,ct:a31304f7c3a74c3d0000000000000000,,,Save data,2/22/2025 7:49,2/22/2025 7:34,+07:00,2025022001,ad8afc4d-8974-4f99-9b08-475d5d68d367,fafd95ae-bc13-4292-a4ec-9f744e313e3c,
2/22/2025,14:26:26,Pinky,Boss,,,,rest. Focal end,RN,ct:a31304f7c3a74c3d0000000000000000,,,Save data,2/22/2025 7:26,2/22/2025 7:26,+07:00,2025022001,814c9244-2fe8-424f-8709-656fd2f3cd46,3aa7c3ac-6263-40c3-a871-725f6b710bf1,
2/22/2025,14:10:14,Quindoline,,,,,move. Focal start,RN,ct:a31304f7c3a74c3d0000000000000000,,,Save data,2/22/2025 7:26,2/22/2025 7:10,+07:00,2025022001,965e19a2-d662-4eaf-af99-0493c7b6be05,c2868158-ec50-491b-9d32-ee2cb5f5a02b,
2/22/2025,13:54:02,Robin,,,,,search. Focal start,RN,ct:a31304f7c3a74c3d0000000000000000,,,Save data,2/22/2025 7:26,2/22/2025 6:54,+07:00,2025022001,9c367a6d-3421-4410-8fd2-23da220952d4,1489649e-1df9-411a-b930-d84891606ada,
2/22/2025,12:44:56,Granny,,Old infant,,Pat,rest. Focal start,RN,ct:a31304f7c3a74c3d0000000000000000,,,Save data,2/22/2025 7:26,2/22/2025 5:44,+07:00,2025022001,15f4c80b-c687-4263-becc-3acb0d4e1612,ae45a022-e9b1-4a1b-8864-7ccd97479247,
2/22/2025,12:35:09,Aura,,,,,move. Focal end,RN,ct:a31304f7c3a74c3d0000000000000000,,,Save data,2/22/2025 5:35,2/22/2025 5:35,+07:00,2025022001,f528037f-ab78-41a9-ba1c-cb4dddedf96d,ae1b8551-e8dd-4bbb-8004-07ca7e344693,
2/22/2025,12:19:38,Aura,,Tutu,Oreo,Juvenile 2,rest. Focal start,RN,ct:a31304f7c3a74c3d0000000000000000,,,Save data,2/22/2025 5:35,2/22/2025 5:19,+07:00,2025022001,b70a524d-cf27-42a2-a0e8-46a7dc918122,668f4559-5b2c-4bc1-8556-843dfb4a4f3f,
2/22/2025,12:07:24,Iyla,,,Juvenile 2,,climb. Focal end,RN,ct:a31304f7c3a74c3d0000000000000000,,,Save data,2/22/2025 5:07,2/22/2025 5:07,+07:00,2025022001,87325219-1b9d-418f-9303-f316d7b367bb,6eebf93d-4a56-4894-8c17-0dd4e3a6b889,
2/22/2025,11:51:45,Iyla,,Juvenile 2,Tutu,,search. Focal start,RN,ct:a31304f7c3a74c3d0000000000000000,,,Save data,2/22/2025 5:07,2/22/2025 4:51,+07:00,2025022001,6e85266f-08a0-4243-8586-18b89b30e621,4d76ac66-0f7a-4d26-8116-50fb02f4e4b1,
2/22/2025,11:11:36,Yaiko,Iyla,Juvenile 2,,,rest. Focal end,RN,ct:a31304f7c3a74c3d0000000000000000,,,Save data,2/22/2025 4:51,2/22/2025 4:11,+07:00,2025022001,5f9e98ab-d8e2-4791-a012-393a549984e0,1b7900d0-545d-4e92-9725-4055938f0f71,
2/22/2025,10:56:02,Yaiko,,,F_Subadult,Juvenile 2,stone-tool use (oyster). Focal start,RN,ct:a31304f7c3a74c3d0000000000000000,,,Save data,2/22/2025 4:51,2/22/2025 3:56,+07:00,2025022001,d4c31bf1-921d-462f-bccd-1b45d0db518a,5afdc8cc-05e5-472a-84be-ad643d0d8e84,
2/22/2025,9:47:22,Tutu,,Saw,,,rest. Focal start,RN,ct:a31304f7c3a74c3d0000000000000000,,,Save data,2/22/2025 3:03,2/22/2025 2:47,+07:00,2025022001,a88349af-6b6d-415f-9c64-9c398154b93b,50ca650a-3646-4c72-817d-be0438caae8e,
2/22/2025,9:25:01,Santa,,,,,stone-tool use. Focal end ,RN,ct:a31304f7c3a74c3d0000000000000000,,,Save data,2/22/2025 2:25,2/22/2025 2:25,+07:00,2025022001,6676ee87-0dcf-4d8b-803f-93c973cbf477,57740c9d-b22c-4d53-be19-c0056a5d7029,
2/22/2025,9:08:56,Santa,,Ted,,,stone-tool use (oyster). Focal start,RN,ct:a31304f7c3a74c3d0000000000000000,,,Save data,2/22/2025 2:25,2/22/2025 2:08,+07:00,2025022001,216f1cda-722a-4041-bd0e-094e3632489b,dad08cce-94b7-4090-a917-0217eb0493b3,
2/22/2025,9:01:01,Babosa,,,,,foraging without tools. Focal end,RN,ct:a31304f7c3a74c3d0000000000000000,,,Save data,2/22/2025 2:01,2/22/2025 2:01,+07:00,2025022001,8436f0ba-2205-45b5-b3f6-35710fa940f1,80ad2128-981d-4f33-b52b-44121dfe5cee,
2/22/2025,8:45:27,Babosa,,,,,stone-tool use (oyster). Focal start,RN,ct:a31304f7c3a74c3d0000000000000000,,,Save data,2/22/2025 2:01,2/22/2025 1:45,+07:00,2025022001,6a1e779d-f883-4198-a069-6651c96eb488,ca491e37-d9cb-474a-a9ef-6c793ba88659,
2/22/2025,8:27:59,Dandi,,,Juvenile 1,,foraging without tools. Focal end,RN,ct:a31304f7c3a74c3d0000000000000000,,,Save data,2/22/2025 1:28,2/22/2025 1:27,+07:00,2025022001,a18cd29c-5b7e-4ced-a16a-6e82d077f224,9d89f053-4e86-447d-a758-8812888460e2,
2/22/2025,8:12:05,Dandi,,,,,stone-tool use (oyster). Focal start,RN,ct:a31304f7c3a74c3d0000000000000000,,,Save data,2/22/2025 1:28,2/22/2025 1:12,+07:00,2025022001,681e83f9-8748-4b92-8a8b-90db033a096c,ac4d5755-c6ec-43fc-a4b0-32341b6c0eb3,
2/22/2025,8:06:34,Granny,,,,Old infant,stone-tool use (oyster). Focal start,RN,ct:a31304f7c3a74c3d0000000000000000,,,Save data,2/22/2025 1:28,2/22/2025 1:06,+07:00,2025022001,601d6e97-e529-4cde-9ebc-f0bbdae3f7f2,8fbb8c4a-634d-4663-afc6-cebc2a99e251,
2/22/2025,7:57:45,Vula,,,,Juvenile 2 Whitney,stone-tool use (oyster). Focal end,RN,ct:a31304f7c3a74c3d0000000000000000,,,Save data,2/22/2025 0:57,2/22/2025 0:57,+07:00,2025022001,a5c053b1-66ee-47a8-9908-f106973893fc,469232f3-2859-49c6-ac3d-0500ca460e6e,
2/22/2025,7:41:23,Vula,,,,,stone-tool use (oyster). Focal start,RN,ct:a31304f7c3a74c3d0000000000000000,,,Save data,2/22/2025 0:57,2/22/2025 0:41,+07:00,2025022001,d33f87cd-10f1-4495-b194-9b9b5e4419bb,01e078c8-0c95-45f5-bdf8-b785ba1ff8de,
2/22/2025,7:37:58,Bat,,Juvenile 2 F_Subadult,Juvenile 1,Juvenile 1 Juvenile 2,rest. Focal end,RN,ct:a31304f7c3a74c3d0000000000000000,,,Save data,2/22/2025 0:38,2/22/2025 0:37,+07:00,2025022001,b749a274-43b0-4b1e-bc14-8a2950a6e0a0,9e9ca07b-2295-4472-8771-e33fac199e88,
2/22/2025,7:22:17,Bat,,,,,stone-tool use (oyster). Focal end,RN,ct:a31304f7c3a74c3d0000000000000000,,,Save data,2/22/2025 0:38,2/22/2025 0:22,+07:00,2025022001,f1bf37f3-783d-4e51-8243-61220f02945f,d18e5729-5e6c-48a8-a83a-5b5995ac4934,
2/23/2025,10:36:53,Robin,,,,,rest. Focal start,RN,ct:a31304f7c3a74c3d0000000000000000,,,Save data,2/24/2025 0:18,2/23/2025 3:36,+07:00,2025022001,3c992d03-c3cd-43a2-a39b-f5f1448d7a85,8fc6d5f2-08b2-4021-8cc0-a378ca3d0ee5,
2/23/2025,10:32:07,Pinky,,,Juvenile 1,Old infant Juvenile 1,climb. Focal end,RN,ct:a31304f7c3a74c3d0000000000000000,,,Save data,2/23/2025 3:32,2/23/2025 3:32,+07:00,2025022001,300be0fe-1c9a-4d82-8d33-59ac56dd984c,0b3d3132-7eba-4d47-ae0f-59e713cdc567,
2/23/2025,10:16:21,Pinky,,,,,rest. Focal start,RN,ct:a31304f7c3a74c3d0000000000000000,,,Save data,2/23/2025 3:32,2/23/2025 3:16,+07:00,2025022001,117e5a8b-747e-446f-b794-46b8a3cb22e9,41c6859a-3708-4931-9122-455f4f49e551,
2/23/2025,10:11:25,Jim Lim,,,,,move. Focal end,RN,ct:a31304f7c3a74c3d0000000000000000,,,Save data,2/23/2025 3:11,2/23/2025 3:11,+07:00,2025022001,37f789ff-4851-4947-84a4-788706fe6054,6e01b4df-10fa-499f-afd6-ccc26fe627fe,
2/23/2025,9:55:49,Jim Lim,,,,,rest. Focal start,RN,ct:a31304f7c3a74c3d0000000000000000,,,Save data,2/23/2025 3:11,2/23/2025 2:55,+07:00,2025022001,a9c80e70-1b6b-4675-b149-1f50eee5998a,a1dbf66e-1feb-45eb-935e-4e510943174a,
2/23/2025,9:36:16,Kaya,,,Quindoline,,rest. Focal start,RN,ct:a31304f7c3a74c3d0000000000000000,,,Save data,2/23/2025 3:11,2/23/2025 2:36,+07:00,2025022001,3861378c-1188-47c1-857c-ab85993ddb11,2a66df32-b2ad-471e-b2a4-42106180f719,
2/23/2025,8:22:27,Quindoline,,,,,foraging without tools. Focal start,RN,ct:a31304f7c3a74c3d0000000000000000,,,Save data,2/23/2025 3:11,2/23/2025 1:22,+07:00,2025022001,1b029ed2-58e6-4b09-a4eb-7fd9627ce1cf,5c8dfdcc-4072-476c-939a-90ffb90b9641,
2/24/2025,13:33:41,Quindoline,,,Harley,,stone-tool use (oyster). Focal start,RN,ct:a31304f7c3a74c3d0000000000000000,,,Save data,2/25/2025 5:42,2/24/2025 6:33,+07:00,2025022001,f76674a8-8ef3-47dd-aa90-0e96bb5eb857,9082161f-bb3a-4863-86d5-a9e276b9d192,
2/24/2025,13:26:10,Belanda,,,,,foraging without tools. Focal end ,RN,ct:a31304f7c3a74c3d0000000000000000,,,Save data,2/24/2025 6:26,2/24/2025 6:26,+07:00,2025022001,ac8f0b38-b81c-4772-a7c4-4061febe6d1c,622b7208-681e-467c-ae64-ed4d3bd65807,
2/24/2025,13:10:28,Belanda,,,,,move. Focal start,RN,ct:a31304f7c3a74c3d0000000000000000,,,Save data,2/24/2025 6:26,2/24/2025 6:10,+07:00,2025022001,d8c5a05a-2734-4d07-aa72-cf6b5454a2e7,777cce33-6234-4e5e-83b5-34a9204a368d,
2/24/2025,13:06:52,Betina,Dandi,,,,rest. Focal end,RN,ct:a31304f7c3a74c3d0000000000000000,,,Save data,2/24/2025 6:06,2/24/2025 6:06,+07:00,2025022001,e87f1064-35a0-4edd-9ad5-ce4fb58718e2,48b8fa09-173c-48d3-ac88-f23e276e71b2,
2/24/2025,12:50:26,Betina,Dandi,,,,rest. Focal start,RN,ct:a31304f7c3a74c3d0000000000000000,,,Save data,2/24/2025 6:06,2/24/2025 5:50,+07:00,2025022001,e344963c-b7c8-41e3-b2ac-09cc78e51ce6,49f36b6a-4e97-47dd-af80-a03cd7d9a0d7,
2/24/2025,12:14:39,Pat,,Old infant,Old infant Juvenile 1,Oreo,stone-tool use (oyster). Focal end,RN,ct:a31304f7c3a74c3d0000000000000000,,,Save data,2/24/2025 5:14,2/24/2025 5:14,+07:00,2025022001,e9f3497c-2a84-4d34-9ee9-407bf21624e1,9dc43619-05d1-4344-890b-c0798e811d79,
2/24/2025,11:58:39,Pat,,,Black infant Naina,,move. Focal start,RN,ct:a31304f7c3a74c3d0000000000000000,,,Save data,2/24/2025 5:14,2/24/2025 4:58,+07:00,2025022001,1e5dfd9d-7e83-417b-9f09-02d817e1ae7d,504ad8e6-d83d-4e31-8857-dd9255082fc5,
2/24/2025,11:54:47,Naina,Black infant,,,,foraging without tools. Focal end ,RN,ct:a31304f7c3a74c3d0000000000000000,,,Save data,2/24/2025 4:54,2/24/2025 4:54,+07:00,2025022001,698466c5-d228-4f74-bd63-1dbdb671a7aa,0527ed13-c79a-4011-9850-9b5e23d88230,
2/24/2025,11:38:34,Naina,Black infant,,,Robin,stone-tool use (oyster). Focal start,RN,ct:a31304f7c3a74c3d0000000000000000,,,Save data,2/24/2025 4:54,2/24/2025 4:38,+07:00,2025022001,a8c117eb-ca98-4069-8dcb-1cd20066e49b,4397fc27-db2c-4894-9a14-ea8fb75bcba0,
2/24/2025,11:30:15,Flame,,,Juvenile 1 Juvenile 2,,stone-tool use (oyster). Focal end,RN,ct:a31304f7c3a74c3d0000000000000000,,,Save data,2/24/2025 4:30,2/24/2025 4:30,+07:00,2025022001,2e961f8b-d732-40f9-99d4-e201dde35eb0,f7dc6e18-ec3d-4d17-b331-95e39d5b0bc9,
2/24/2025,11:14:03,Flame,,Taipan,,Juvenile 2,stone-tool use (oyster). Focal start,RN,ct:a31304f7c3a74c3d0000000000000000,,,Save data,2/24/2025 4:30,2/24/2025 4:14,+07:00,2025022001,392c05c6-ac82-4e83-b9ae-e2ce27474cc6,8244eb72-c505-42e6-b496-5f10e6c6ba23,
2/24/2025,7:34:40,Bat,Rambo,,,,rest. Focal end,RN,ct:a31304f7c3a74c3d0000000000000000,,,Save data,2/24/2025 0:35,2/24/2025 0:34,+07:00,2025022001,131df239-df6a-4b47-aeb2-f746e107d348,900f406c-1372-4e31-8e6e-a512607f1523,
2/24/2025,7:18:49,Bat,,,,Rambo,stone-tool use (oyster). Focal start,RN,ct:a31304f7c3a74c3d0000000000000000,,,Save data,2/24/2025 0:35,2/24/2025 0:18,+07:00,2025022001,2ba0f221-1a04-450a-915c-f6ab4b967893,8ec87968-a9ad-49c3-aaa7-23e3f90d636b,
2/25/2025,15:50:24,Yaiko,,Betina Taipan,,,stone-tool use (oyster). Focal end,RN,ct:df6a81149e0b199d0000000000000000,,,Save data,2/25/2025 8:50,2/25/2025 8:50,+07:00,2025022001,e6c49e64-064f-45f1-a45a-4cebb8fdcf1b,f7aea96b-7bcd-40d8-8a7b-078d3647f387,
2/25/2025,15:34:17,Yaiko,,,,,search. Focal start,RN,ct:df6a81149e0b199d0000000000000000,,,Save data,2/25/2025 8:50,2/25/2025 8:34,+07:00,2025022001,a5fcd008-c9d3-4304-aec6-d60257b73b51,e512ca0b-a2fd-4927-82bf-905dcdc8af56,
2/25/2025,15:22:45,Pat,,,Iyla,,move. Focal end,RN,ct:a31304f7c3a74c3d0000000000000000,,,Save data,2/25/2025 8:22,2/25/2025 8:22,+07:00,2025022001,162cfddb-fcd2-4734-aaf7-f36f114863ee,189ae6a2-4fac-44d2-a107-06bdb9534cdf,
2/25/2025,15:07:01,Pat,,,,Vula,search. Focal start,RN,ct:a31304f7c3a74c3d0000000000000000,,,Save data,2/25/2025 9:05,2/25/2025 8:07,+07:00,2025022001,2c89c000-6f71-4151-be93-c36b41352cf6,077f34ca-f83d-4de7-ad7e-8e929f1f82a6,
2/25/2025,15:05:28,Babosa,,,,Vula,move. Focal end,RN,ct:a31304f7c3a74c3d0000000000000000,,,Save data,2/25/2025 8:05,2/25/2025 8:05,+07:00,2025022001,18295a27-8e3d-4955-8995-150bd361ed98,efc303c6-949d-4163-9834-ce9696084f8b,
2/25/2025,14:49:38,Babosa,,,Juvenile 2 Aura,M_Subadult,Body. move. Focal start,RN,ct:a31304f7c3a74c3d0000000000000000,,,Save data,2/25/2025 8:05,2/25/2025 7:49,+07:00,2025022001,72b98702-cfa9-4ed8-ac43-e605fc769a59,81d5576a-b68a-4ff2-ae64-af569f05a228,
2/25/2025,13:16:49,Pat,,,,Juvenile 2 Harley Whitney,stone-tool use (oyster). Focal start,RN,ct:a31304f7c3a74c3d0000000000000000,,,Save data,2/25/2025 8:05,2/25/2025 6:16,+07:00,2025022001,04f41153-69e2-4a3c-ab86-1827beba701f,9cdef65c-41c0-4f68-a24c-6c5176fe276d,
2/25/2025,13:08:40,Betina,Flame,,,,rest (getting groomed). Focal end,RN,ct:a31304f7c3a74c3d0000000000000000,,,Save data,2/25/2025 6:08,2/25/2025 6:08,+07:00,2025022001,a97f99ea-9e61-4e3c-9c9f-9f4fbc0b431f,8f09dfd3-789d-4f2f-83a6-013179f793c4,
2/25/2025,12:52:10,Betina,,,,,rest. Focal start,RN,ct:a31304f7c3a74c3d0000000000000000,,,Save data,2/25/2025 6:08,2/25/2025 5:52,+07:00,2025022001,9e01feb8-69d5-4582-8749-f85e4b0cf085,5d4f628a-f561-4978-b6e0-73f7ebd16272,
2/25/2025,12:43:48,Flame,,,Ted,Juvenile 2,move. Focal start,RN,ct:a31304f7c3a74c3d0000000000000000,,,Save data,2/25/2025 6:08,2/25/2025 5:43,+07:00,2025022001,3d634ff7-b1af-45e1-b80c-d185695e4430,4c8a546c-ff7b-4370-af69-ec863313117d,
2/28/2025,15:27:24,Ali,,,,,rest. Focal end,RN,ct:a31304f7c3a74c3d0000000000000000,,,Save data,2/28/2025 8:27,2/28/2025 8:27,+07:00,2025022001,caffa314-4a83-4955-997a-8cea170cc206,2619e9f8-2feb-45db-be7c-dc5db613c911,
2/28/2025,15:11:49,Ali,,,,,rest. Focal start,RN,ct:a31304f7c3a74c3d0000000000000000,,,Save data,2/28/2025 8:27,2/28/2025 8:11,+07:00,2025022001,d9669d2a-e08b-4c96-90a9-26d31d77c132,425b582f-6cd2-40a8-9ad7-dd6c10a518a0,
2/28/2025,14:58:49,Kaya,,,,,climb. Focal end,RN,ct:a31304f7c3a74c3d0000000000000000,,,Save data,2/28/2025 7:58,2/28/2025 7:58,+07:00,2025022001,3a571d9f-fe6b-4c39-81bf-ccdf36ad59c6,d3446347-992b-46d6-8b97-b699bcd21496,
2/28/2025,14:43:15,Kaya,,,,,rest. Focal start,RN,ct:a31304f7c3a74c3d0000000000000000,,,Save data,2/28/2025 7:58,2/28/2025 7:43,+07:00,2025022001,e9dc65ec-044b-48b3-b303-d42580b833fd,e3936f0a-0446-4c27-9a3f-db875d71aaea,
2/28/2025,13:59:44,Lip,,,,,rest. Focal start,RN,ct:a31304f7c3a74c3d0000000000000000,,,Save data,2/28/2025 7:59,2/28/2025 6:59,+07:00,2025022001,0a9f1965-6830-494b-8d6b-202360b9d715,93eb3c67-2acc-4362-be61-695220a2c492,
3/1/2025,16:56:47,Ted,,,,,move. Focal end,RN,ct:a31304f7c3a74c3d0000000000000000,,,Save data,3/1/2025 9:56,3/1/2025 9:56,+07:00,2025022001,5ef2e2a7-8718-4088-80fc-8a3bb8144694,9236e5c2-645e-45ef-a1b9-ec41848bb3d6,
3/1/2025,16:41:11,Ted,,,,Quindoline,move. Focal start,RN,ct:a31304f7c3a74c3d0000000000000000,,,Save data,3/1/2025 9:56,3/1/2025 9:41,+07:00,2025022001,ab469440-cc66-4034-80f3-78ebdc22c278,b8898a1f-c25a-4d9b-9219-e35c64e0bba2,
3/1/2025,16:32:46,Aura,,,,,foraging without tools. Focal end,RN,ct:a31304f7c3a74c3d0000000000000000,,,Save data,3/1/2025 9:32,3/1/2025 9:32,+07:00,2025022001,cb6b9aa0-0a6a-4356-ab10-845ba42439c3,781aade6-66e4-401d-bef3-400c2b8119d7,
3/1/2025,16:17:17,Aura,,Juvenile 2 F_Subadult,Robin,,stone-tool use (oyster). Focal start,RN,ct:a31304f7c3a74c3d0000000000000000,,,Save data,3/1/2025 9:32,3/1/2025 9:17,+07:00,2025022001,a45e03a7-021b-416d-9388-71e5f15434be,501f8aff-7f91-4bea-8242-f68079b0f6e8,
3/1/2025,15:56:14,Flame,Jim Lim,Black infant Pat Iyla,,,Grooming. Focal end,RN,ct:a31304f7c3a74c3d0000000000000000,,,Save data,3/1/2025 8:56,3/1/2025 8:56,+07:00,2025022001,f42d93ce-b039-4385-8293-ae19fca4f933,f17e20b9-1903-4b4b-8f10-14b4a03b9fbc,
3/1/2025,15:40:24,Flame,,,,,rest. Focal start,RN,ct:a31304f7c3a74c3d0000000000000000,,,Save data,3/1/2025 8:56,3/1/2025 8:40,+07:00,2025022001,a4d53763-8414-4a25-bc0c-a301cf47e10f,498e6118-1e84-4263-b8fa-5384cf175bbb,
3/1/2025,15:26:34,Kaya,,,,,rest. Focal end,RN,ct:a31304f7c3a74c3d0000000000000000,,,Save data,3/1/2025 8:26,3/1/2025 8:26,+07:00,2025022001,986539ae-c79e-40d2-b10a-fbd485eafda2,790b3f46-5c71-4d41-8f1d-608ea3da89b6,
3/1/2025,15:11:08,Kaya,,Juvenile 2,Juvenile 2,,rest. Focal start,RN,ct:a31304f7c3a74c3d0000000000000000,,,Save data,3/1/2025 8:26,3/1/2025 8:11,+07:00,2025022001,1a283a38-d5bf-42cd-91cd-19cbdc212b8b,50dd02d1-f644-4c3e-b0c6-8103ba8d12a9,
3/1/2025,15:02:32,Babosa,,,,Juvenile 2,rest. Focal end,RN,ct:a31304f7c3a74c3d0000000000000000,,,Save data,3/1/2025 8:02,3/1/2025 8:02,+07:00,2025022001,f5d571d6-38c5-4c25-b53f-5613d78d6b64,fe2f291d-7fd9-4f11-81c7-820d933781ce,
3/1/2025,14:46:58,Babosa,,,,,move. Focal satrt,RN,ct:a31304f7c3a74c3d0000000000000000,,,Individuals,3/1/2025 8:02,3/1/2025 7:46,+07:00,2025022001,e91f4b5c-432d-4ad9-a738-69471ad1dda0,5f8569b5-5adb-45f2-be50-c8f98497035e,
3/1/2025,13:25:43,Naina,,Quindoline,Robin,Old infant Juvenile 1 Juvenile 2,rest. Focal start,RN,ct:a31304f7c3a74c3d0000000000000000,,,Save data,3/1/2025 7:46,3/1/2025 6:25,+07:00,2025022001,5e6bdf4e-faca-4e22-8129-7cd22590bf73,c8eb7b0a-fb24-4026-bcb2-3da1c4928a8f,
3/1/2025,12:42:08,Granny,Old infant,Juvenile 2,,,Contact. Focal end,RN,ct:a31304f7c3a74c3d0000000000000000,,,Save data,3/1/2025 5:42,3/1/2025 5:42,+07:00,2025022001,011fe71a-2fad-4cf9-9962-22ec933ee2a9,302117c5-8ba3-4668-8eb6-6f3fec57f9c6,
3/1/2025,12:26:23,Granny,,,,Ted,rest. Focal start,RN,ct:a31304f7c3a74c3d0000000000000000,,,Save data,3/1/2025 5:42,3/1/2025 5:26,+07:00,2025022001,b9ee6e6a-efec-4ecf-ae23-392e0ea1db7b,829c14ae-9270-4655-b03b-d6fce8799a23,
3/1/2025,12:21:03,Pinky,,,Old infant Juvenile 1,Ted,move. Focal end,RN,ct:a31304f7c3a74c3d0000000000000000,,,Save data,3/1/2025 5:21,3/1/2025 5:21,+07:00,2025022001,e87f3fb3-ba5b-46f7-bbdd-57701c24415d,c984481a-fc2a-449b-ad38-c16790a24373,
3/1/2025,12:05:31,Pinky,,,Old infant Quindoline,,rest. Focal start,RN,ct:a31304f7c3a74c3d0000000000000000,,,Save data,3/1/2025 5:20,3/1/2025 5:05,+07:00,2025022001,ca63ef94-dea1-4057-bf93-3934f29502a1,aebdee29-95dc-44ee-8f93-10ea3e7c74b3,
3/1/2025,11:38:15,Ted,,,,,rest. Focal start,RN,ct:a31304f7c3a74c3d0000000000000000,,,Save data,3/1/2025 5:20,3/1/2025 4:38,+07:00,2025022001,e01f09c6-0308-40a2-9587-ac849bab9151,5921adb2-dbc0-4b10-bdde-ee99ab468a6c,
3/1/2025,10:35:05,Belanda,,,,Black infant Jim Lim,rest. Focal start,RN,ct:a31304f7c3a74c3d0000000000000000,,,Save data,3/1/2025 5:20,3/1/2025 3:35,+07:00,2025022001,57636fe2-22f5-4cfe-9657-255671f9c4a7,bf4cbe77-fe5e-4bd1-b70d-1d7a79e30019,
3/1/2025,10:27:01,Kaya,,,,Juvenile 2,rest. Focal start,RN,ct:a31304f7c3a74c3d0000000000000000,,,Individuals,3/1/2025 5:20,3/1/2025 3:27,+07:00,2025022001,03ede055-b6e4-41f8-99ca-0d63a5000e04,8a3b289c-5d55-4185-934f-0a62e1ceed27,
3/1/2025,10:17:02,Lip,,Old infant,,Juvenile 2,climb. Focal end,RN,ct:a31304f7c3a74c3d0000000000000000,,,Save data,3/1/2025 3:17,3/1/2025 3:17,+07:00,2025022001,805a5fad-7e88-444e-8335-a62030a0e6b8,b70801ad-d875-4719-9cdb-83ae48025376,
3/1/2025,10:01:30,Lip,,,,,rest. Focal end,RN,ct:a31304f7c3a74c3d0000000000000000,,,Save data,3/1/2025 3:17,3/1/2025 3:01,+07:00,2025022001,09fed2f4-76a4-40aa-b1b4-b61ce0dd3df2,de24708c-d2ee-4295-a295-749e876e2863,
3/1/2025,9:37:59,Vula,,,Old infant,Black infant Jim Lim,foraging without tools. Focal end,RN,ct:a31304f7c3a74c3d0000000000000000,,,Save data,3/1/2025 2:38,3/1/2025 2:37,+07:00,2025022001,6e1d3325-62dd-4d6e-8279-f366def11c35,6b55a2cb-1cfe-430d-b13c-d6725e4cd966,
3/1/2025,9:22:06,Vula,Old infant,,,,rest. Focal start,RN,ct:a31304f7c3a74c3d0000000000000000,,,Save data,3/1/2025 2:38,3/1/2025 2:22,+07:00,2025022001,8a3368b2-829c-4e36-9bcb-e52bb6b55303,52ef7863-0d14-40a1-b5de-f375789970b1,
3/1/2025,9:12:19,Quindoline,Old infant,,,Black infant Jim Lim,Grooming. Focal end,RN,ct:a31304f7c3a74c3d0000000000000000,,,Save data,3/1/2025 2:12,3/1/2025 2:12,+07:00,2025022001,c9508741-178e-49a7-b8d8-5aa842c2bb25,962f7cf7-c85b-4b0f-9b30-444f59704cf0,
3/1/2025,8:56:42,Quindoline,,Old infant,Black infant Jim Lim,,rest. Focal start,RN,ct:a31304f7c3a74c3d0000000000000000,,,Save data,3/1/2025 2:12,3/1/2025 1:56,+07:00,2025022001,afdb2591-2d01-4c31-8a2a-3c9f136b91a4,36169828-254b-4da2-b984-0570e2420289,
3/1/2025,7:46:03,Kal,Grumpy,,,,rest (grooming). Focal start,RN,ct:a31304f7c3a74c3d0000000000000000,,,Save data,3/1/2025 2:12,3/1/2025 0:46,+07:00,2025022001,7f38d38b-ee9a-42fa-8ac1-fced183e9f96,347a4814-7b7d-452f-af95-c4c8dba4faee,
3/2/2025,16:11:09,Iyla,Quindoline,Black infant Jim Lim Oreo,,,Grooming. Focal end,RN,ct:a31304f7c3a74c3d0000000000000000,,,Save data,3/2/2025 9:11,3/2/2025 9:11,+07:00,2025022001,43f07b16-fa13-46a3-9a38-465e17c0c392,d3e733de-580d-4c6d-ad1e-70a54ba64dbb,
3/2/2025,15:55:34,Iyla,,,,,rest. Focal start,RN,ct:a31304f7c3a74c3d0000000000000000,,,Save data,3/2/2025 9:11,3/2/2025 8:55,+07:00,2025022001,5aad8667-629c-4ccf-8087-154d13c6a6f4,97f96a7e-bbe2-4de3-921a-4027b50d13b9,
3/2/2025,15:12:50,Naina,,,,,foraging without tools. Focal end,RN,ct:a31304f7c3a74c3d0000000000000000,,,Save data,3/2/2025 8:12,3/2/2025 8:12,+07:00,2025022001,8ab24d68-9195-4687-822f-c29da8808595,867838ea-e50c-43df-8555-bec624296897,
3/2/2025,14:57:13,Naina,,Juvenile 2,,Babosa,foraging without tools. Focal start,RN,ct:a31304f7c3a74c3d0000000000000000,,,Save data,3/2/2025 8:12,3/2/2025 7:57,+07:00,2025022001,0ffd1393-dc4e-40b6-ba6d-801b18df48f1,66a65d01-fbf9-4e81-8587-3fa8cf4dec09,
3/2/2025,14:48:53,Taipan,,,Yaiko,,rest. Focal end,RN,ct:a31304f7c3a74c3d0000000000000000,,,Save data,3/2/2025 7:48,3/2/2025 7:48,+07:00,2025022001,7ad4476b-f4e6-47f1-9e28-372404ba21c8,b93faca6-5066-4b75-bfbf-6a9f7ec4475d,
3/2/2025,14:33:36,Taipan,,F_Subadult,Yaiko,,foraging without tools. Focal start,RN,ct:a31304f7c3a74c3d0000000000000000,,,Save data,3/2/2025 7:48,3/2/2025 7:33,+07:00,2025022001,8e93158e-1ac7-49aa-bd05-419436e6fc9b,ac7e1c32-0548-4219-81e2-e6158c1d9ee2,
3/2/2025,13:50:19,Robin,Tutu,,,,Grooming. Focal end,RN,ct:a31304f7c3a74c3d0000000000000000,,,Save data,3/2/2025 7:48,3/2/2025 6:50,+07:00,2025022001,432dd5e4-f5c0-4c9e-abb3-db7a85c0cf74,1f2e330b-9d2f-4046-8771-3bd32e0d43e4,
3/2/2025,13:44:37,Quindoline,,,,,foraging without tools. Focal end,RN,ct:a31304f7c3a74c3d0000000000000000,,,Save data,3/2/2025 6:44,3/2/2025 6:44,+07:00,2025022001,99975474-4cfa-4999-8852-437cd2eb0a9a,c077a7d5-6d1c-4b68-850e-6f7de8a9e009,
3/2/2025,13:28:59,Quindoline,,,,,foraging without tools. Focal end,RN,ct:a31304f7c3a74c3d0000000000000000,,,Save data,3/2/2025 6:44,3/2/2025 6:28,+07:00,2025022001,941fc6e3-5efc-4442-b291-30e3ae1ab37c,3dd49333-3fb7-4abd-a916-5e34b8fa38c4,
3/2/2025,12:41:42,Tutu,,,,,move. Focal end,RN,ct:a31304f7c3a74c3d0000000000000000,,,Save data,3/2/2025 5:41,3/2/2025 5:41,+07:00,2025022001,0ca28712-c07b-4690-84ed-009d1b2708eb,49e10059-3d76-4648-8968-ebd34e06ab49,
3/2/2025,12:26:10,Tutu,,,,,foraging without tools. Focal start,RN,ct:a31304f7c3a74c3d0000000000000000,,,Save data,3/2/2025 5:41,3/2/2025 5:26,+07:00,2025022001,36d470cf-00c3-4b13-9e3a-56a8d4908981,a6336220-57fd-45c2-b87c-a41d0d0fbcf6,
3/2/2025,11:25:07,Babosa,,,,,climb. Focal end,RN,ct:a31304f7c3a74c3d0000000000000000,,,Save data,3/2/2025 4:25,3/2/2025 4:25,+07:00,2025022001,da482446-e76a-4668-bb23-23f9047859c3,222f9102-ada9-4bbd-9e5d-312232108261,
3/2/2025,11:09:37,Babosa,,,,,rest. Focal start,RN,ct:a31304f7c3a74c3d0000000000000000,,,Save data,3/2/2025 4:25,3/2/2025 4:09,+07:00,2025022001,88f11efc-fa20-4f23-80af-7448aa3d33d5,737649f4-16f6-47a7-9bfb-02a1f9b359a1,
3/2/2025,10:06:08,Pinky,,,,,rest. Focal end,RN,ct:a31304f7c3a74c3d0000000000000000,,,Save data,3/2/2025 3:06,3/2/2025 3:06,+07:00,2025022001,087ef17c-7ff4-458e-b0b2-c76fd675f375,8caa79ee-bb6c-403f-bb78-2c49c2c19453,
3/2/2025,9:50:38,Pinky,,,,,rest. Focal start,RN,ct:a31304f7c3a74c3d0000000000000000,,,Save data,3/2/2025 3:06,3/2/2025 2:50,+07:00,2025022001,095721ee-91b5-4faa-9fae-a870c4a1b216,471084b2-b2dc-46c0-83ae-8d7fb9770468,
3/2/2025,8:45:08,Jim Lim,Black infant,,,Kaya,foraging without tools. Focal start,RN,ct:a31304f7c3a74c3d0000000000000000,,,Save data,3/2/2025 3:06,3/2/2025 1:45,+07:00,2025022001,5ad989d8-b468-45b5-8b36-7d0764fd7bf9,80b6d9b1-1a70-44c4-ac8d-6c6476b937b5,
3/2/2025,8:25:22,Cacao,,,,,foraging without tools. Focal start,RN,ct:a31304f7c3a74c3d0000000000000000,,,Save data,3/2/2025 3:06,3/2/2025 1:25,+07:00,2025022001,3c532587-b7a3-4890-813f-ac12975c5305,dace4071-4170-4742-8916-655d7f0b6d81,
3/2/2025,8:04:05,Cacao,,,,,foraging without tools. Focal start,RN,ct:a31304f7c3a74c3d0000000000000000,,,Save data,3/2/2025 1:20,3/2/2025 1:04,+07:00,2025022001,f257932d-57d7-4ff9-b77a-8ce29c4db8c0,cb506c73-7749-4cad-94d8-3895a45a0a32,
3/2/2025,7:47:57,Cacao,,,,,rest. Focal start,RN,ct:a31304f7c3a74c3d0000000000000000,,,Save data,3/2/2025 1:20,3/2/2025 0:47,+07:00,2025022001,c67341a5-1b79-4ca9-8db6-b817e86b2a91,548e89bf-43c7-43a5-9801-56b92060dd47,
3/3/2025,11:12:46,Vula,,,,,rest. Focal start,RN,ct:a31304f7c3a74c3d0000000000000000,,,Save data,3/5/2025 1:00,3/3/2025 4:12,+07:00,2025022001,d323d997-1238-4d64-ad85-04a840ee572f,c9a4a473-3f8e-4356-93c6-bf34d8aeb990,
3/3/2025,10:57:42,Jim Lim,Black infant,Jaan,Juvenile 2,,Grooming. Focal end,RN,ct:a31304f7c3a74c3d0000000000000000,,,Save data,3/3/2025 3:57,3/3/2025 3:57,+07:00,2025022001,2106bbc9-0ac7-4eef-b7e2-715883ca4593,e5e4603b-a011-4abb-97f3-3f7e8288776f,
3/3/2025,10:42:01,Jim Lim,Black infant Jaan,,Vula,F_Subadult,rest. Focal start,RN,ct:a31304f7c3a74c3d0000000000000000,,,Save data,3/3/2025 3:57,3/3/2025 3:42,+07:00,2025022001,cb061b85-43ec-4b56-8ccb-3ae3f4d12c48,7b626d04-14fc-4d00-a1a4-684b9a4bcf97,
3/3/2025,9:54:33,Yaiko,,,,,rest. Flcal start,RN,ct:a31304f7c3a74c3d0000000000000000,,,Save data,3/3/2025 3:41,3/3/2025 2:54,+07:00,2025022001,9a04ecc2-c516-4baf-8f45-34053506ebd1,28ab052d-d9b1-40b8-bc23-781916341686,
3/3/2025,9:31:34,Yaiko,,,,,climb. Focal start,RN,ct:a31304f7c3a74c3d0000000000000000,,,Save data,3/3/2025 3:41,3/3/2025 2:31,+07:00,2025022001,225446fa-f0ae-46ab-a09e-99206aa9a487,fdec7e6a-7eb1-4d2a-8fd8-d8eb5f6beb03,
3/3/2025,8:06:39,Pat,,,Iyla,,move. Focal start,RN,ct:a31304f7c3a74c3d0000000000000000,,,Save data,3/3/2025 3:41,3/3/2025 1:06,+07:00,2025022001,dc519007-ada7-425b-b502-11cf1ddf863a,7e54b0c2-5abe-4b27-93c8-cf9ac12a0146,
3/5/2025,17:13:32,Tutu,Juvenile 2,,,,rest. Focal start,RN,ct:a31304f7c3a74c3d0000000000000000,,,Save data,3/6/2025 3:49,3/5/2025 10:13,+07:00,2025022001,fd8fb500-4f4a-4f6f-b99a-f80a9b6c8893,0a005f9b-2916-4a61-ba21-20ce67779458,
3/5/2025,15:12:27,Robin,,,,,rest. Focal start,RN,ct:a31304f7c3a74c3d0000000000000000,,,Save data,3/5/2025 9:58,3/5/2025 8:12,+07:00,2025022001,fd7b64bc-d792-4696-8263-80b37a761652,6e5d4930-db11-4a03-8bf7-2a4eb711299d,
3/5/2025,14:44:17,Jim Lim,Black infant Oreo,Old infant F_Subadult Quindoline,,Whitney,Grooming. Focal end,RN,ct:a31304f7c3a74c3d0000000000000000,,,Save data,3/5/2025 7:44,3/5/2025 7:44,+07:00,2025022001,0ccda3db-49e8-4039-98c3-0d9f6091817f,d5446bd4-d300-46c1-99b0-19ef50790a70,
3/5/2025,14:28:02,Jim Lim,Black infant,Juvenile 2,Old infant Quindoline,Whitney,rest. Focal start,RN,ct:a31304f7c3a74c3d0000000000000000,,,Save data,3/5/2025 7:44,3/5/2025 7:28,+07:00,2025022001,f5bdc749-77dd-43d4-b3e5-799c19d76a15,fa9b2160-5beb-4fae-a20c-f7f1f84e77c0,
3/5/2025,13:49:35,Lip,,Old infant,,,climb. Focal end,RN,ct:a31304f7c3a74c3d0000000000000000,,,Save data,3/5/2025 6:49,3/5/2025 6:49,+07:00,2025022001,1c2f7e08-9821-44e2-a665-d227d38270ff,14aa9a49-3176-4a42-a03a-480236708ca3,
3/5/2025,13:33:48,Lip,,,Old infant,,climb. Focal start,RN,ct:a31304f7c3a74c3d0000000000000000,,,Save data,3/5/2025 6:49,3/5/2025 6:33,+07:00,2025022001,1093b677-e3e0-43d9-be4a-5493b60cb1fb,ac509bcd-d82b-4316-8c3c-219f9b1652b0,
3/5/2025,12:38:15,Cacao,,,,,rest. Focal end,RN,ct:a31304f7c3a74c3d0000000000000000,,,Save data,3/5/2025 5:38,3/5/2025 5:38,+07:00,2025022001,1e51d599-c9e9-4ac2-b263-331f226ef6ad,eba44522-ee0b-4075-94e6-caed5b1b3cf2,
3/5/2025,12:37:57,Cacao,,,,,rest. Focal start,RN,ct:a31304f7c3a74c3d0000000000000000,,,Save data,3/5/2025 5:38,3/5/2025 5:37,+07:00,2025022001,ea1bae97-3ec5-4b6c-86c3-c62c5b4c5d17,86c471cf-0e70-44d8-88c6-55d17139bfe8,
3/5/2025,12:05:49,Cacao,,,,,rest. Focal start,RN,ct:a31304f7c3a74c3d0000000000000000,,,Save data,3/5/2025 5:38,3/5/2025 5:05,+07:00,2025022001,57204b39-de1a-4036-9f08-487076c83a8f,1cafe114-bc61-467c-985b-8c0480e6eb83,
3/5/2025,9:43:41,Naina,Kal,Juvenile 2 Babosa,,Oreo,Grooming. Focal end,RN,ct:a31304f7c3a74c3d0000000000000000,,,Save data,3/5/2025 2:43,3/5/2025 2:43,+07:00,2025022001,11fe710c-1ea7-407a-ae5c-e0eb4d328923,f9a83cbd-756e-406d-a5b6-0714206c438d,
3/5/2025,9:27:03,Naina,,,Old infant Vula,Black infant F_Subadult Iyla Jim Lim,move. Focal start,RN,ct:a31304f7c3a74c3d0000000000000000,,,Save data,3/5/2025 2:43,3/5/2025 2:27,+07:00,2025022001,7d402ea5-50bd-48ed-b8e2-ade91ae31a90,13680ec7-9b03-4788-a591-25fdb5e678b6,
3/5/2025,9:25:30,Harley,Jaan,,,Black infant Old infant F_Subadult Jim Lim Vula,Grooming. Focal end,RN,ct:a31304f7c3a74c3d0000000000000000,,,Save data,3/5/2025 2:25,3/5/2025 2:25,+07:00,2025022001,c0750da0-ca1e-449b-a402-b12bc51e9932,5569a515-c48c-4af6-b519-e2a40ae10ca1,
3/5/2025,9:09:38,Harley,Ham,Robin,,,Grooming. Focal start,RN,ct:a31304f7c3a74c3d0000000000000000,,,Save data,3/5/2025 2:25,3/5/2025 2:09,+07:00,2025022001,5809bbf1-1e12-4a2c-829c-8023a3d48caa,c5022736-34c6-483d-9da5-254e6d3655e6,
3/5/2025,8:27:13,Babosa,,,,Cekung,stone-tool use (oyster). Focal start.,RN,ct:a31304f7c3a74c3d0000000000000000,,,Save data,3/5/2025 2:25,3/5/2025 1:27,+07:00,2025022001,76767dbd-097f-465f-8de2-19414c30cf8f,942049ce-c4b5-41a8-946a-76d1516c296c,
3/5/2025,8:17:19,Quindoline,,,Iyla,,stone-tool use (oyster). Focal end,RN,ct:a31304f7c3a74c3d0000000000000000,,,Save data,3/5/2025 1:17,3/5/2025 1:17,+07:00,2025022001,9dc782c9-cc58-432e-89a2-df95e798756e,ee36135d-ef14-4371-bfc1-0bd005491940,
3/5/2025,8:00:53,Quindoline,,,,,stone-tool use (oyster). Focal start,RN,ct:a31304f7c3a74c3d0000000000000000,,,Save data,3/5/2025 1:17,3/5/2025 1:00,+07:00,2025022001,fdfe7083-7a76-484b-b3b9-e51c3b816ea6,2e6745b3-966c-49e0-a9f1-ce7bc93f35e8,
3/6/2025,11:07:30,Granny,Old infant Juvenile 2 Grumpy,,Babosa Ted,Juvenile 2 Kal,Grooming. Focal end,RN,ct:a31304f7c3a74c3d0000000000000000,,,Save data,3/6/2025 4:07,3/6/2025 4:07,+07:00,2025022001,53a907f6-e502-430b-bcb0-39ef8b8baf7e,71b1ebd8-79b7-4fcc-a480-ad82e2d71c8d,
3/6/2025,10:51:08,Granny,F_Subadult,Juvenile 2,Babosa,Old infant Kal Ted,Grooming. Focal start,RN,ct:a31304f7c3a74c3d0000000000000000,,,Save data,3/6/2025 4:07,3/6/2025 3:51,+07:00,2025022001,17748477-eb6f-4734-b4fa-332b1a6467dd,4082da03-e01e-4d81-80c8-c7ab28e41f9c,
3/7/2025,15:00:20,Whitney,,,,,climb. Focal start,RN,ct:a31304f7c3a74c3d0000000000000000,,,Save data,3/9/2025 1:14,3/7/2025 8:00,+07:00,2025022001,e668b410-fa25-442b-8d24-daf7f9c87e44,299b9604-91c6-4564-a8ef-10d4f54535c6,
3/7/2025,14:47:21,Pinky,Juvenile 1 F_Subadult Granny,,Naina,,rest (groomed). Focal end,RN,ct:a31304f7c3a74c3d0000000000000000,,,Save data,3/7/2025 7:47,3/7/2025 7:47,+07:00,2025022001,18edaf28-51fb-49e4-9c2d-110347908b6e,7870e2ec-2d73-4d2d-8cf9-667fb147eec4,
3/7/2025,14:26:46,Pinky,Juvenile 1,,,,Grooming. Focal start,RN,ct:a31304f7c3a74c3d0000000000000000,,,Save data,3/7/2025 7:47,3/7/2025 7:26,+07:00,2025022001,9593f1b5-2930-4415-a076-8e4a3745542f,19e300a5-b202-416b-a96d-e28530a0c23c,
3/7/2025,13:20:52,Whitney,,,,Pat,foraging without tools. Focal end,RN,ct:a31304f7c3a74c3d0000000000000000,,,Save data,3/7/2025 6:20,3/7/2025 6:20,+07:00,2025022001,45055707-5449-412b-affa-5aed19401ed3,75f3ff41-4995-45cf-a287-fc6289e863d6,
3/7/2025,13:04:44,Whitney,Pat,,,,rest (groomed). Focal start,RN,ct:a31304f7c3a74c3d0000000000000000,,,Save data,3/7/2025 6:20,3/7/2025 6:04,+07:00,2025022001,3cc0cb33-c829-4465-896a-f5d14c449ad9,d8c59c5e-cb50-448f-9df6-f1b477f0b9e0,
3/7/2025,12:05:29,Ted,,,,,move. Focal start,RN,ct:a31304f7c3a74c3d0000000000000000,,,Save data,3/7/2025 6:20,3/7/2025 5:05,+07:00,2025022001,7624b601-2448-4873-8223-6bda5006332f,28f145b2-0d52-47ac-9b51-cd4da078d329,
3/7/2025,12:02:08,Naina,Ali,Juvenile 1,Old infant Ted F - Grumpy Granny,Juvenile 2,rest (groomed). Focal end,RN,ct:a31304f7c3a74c3d0000000000000000,,,Save data,3/7/2025 5:02,3/7/2025 5:02,+07:00,2025022001,f1227bd4-77c9-4d42-990a-866a7a968b5a,b23e49ae-fd82-4c90-865a-112703d975b6,
3/7/2025,11:44:50,Naina,Ali,Juvenile 2,Juvenile 1 Juvenile 2 Oreo,Juvenile 2 Ladyboy Yaiko,Grooming. Focal start,RN,ct:a31304f7c3a74c3d0000000000000000,,,Save data,3/7/2025 5:02,3/7/2025 4:44,+07:00,2025022001,cd885461-eb92-4189-9ffb-c75882dcfecd,a86ecf97-874b-433b-8315-8da44fa4329f,
3/7/2025,11:35:51,Jim Lim,Black infant F_Subadult,,Old infant Quindoline,Old infant Ted Iyla Vula,Grooming. Focal end,RN,ct:a31304f7c3a74c3d0000000000000000,,,Save data,3/7/2025 4:35,3/7/2025 4:35,+07:00,2025022001,2ac98ebe-d2cb-43a2-bede-9882dce4a3d3,7641029c-946e-4ab6-bca3-ccdc7a6314a8,
3/7/2025,11:17:22,Jim Lim,Black infant,Juvenile 2 Iyla,Old infant Jaan Quindoline,Old infant Juvenile 2 Vula,stone-tool use (oyster). Focal start,RN,ct:a31304f7c3a74c3d0000000000000000,,,Save data,3/7/2025 4:35,3/7/2025 4:17,+07:00,2025022001,9296b878-5d83-4e06-b87f-fbe90827aa65,b53a9e99-6e1b-493c-8dec-7438e820e746,
3/7/2025,10:56:40,Iyla,,,,,foraging without tools. Focal end,RN,ct:a31304f7c3a74c3d0000000000000000,,,Save data,3/7/2025 3:56,3/7/2025 3:56,+07:00,2025022001,074e92dc-f3ec-4275-af5d-fd0d19b09635,1a0f0e9d-7930-4a09-bb35-eac7ef09a73f,
3/7/2025,10:40:05,Iyla,,,,,move. Focal start,RN,ct:a31304f7c3a74c3d0000000000000000,,,Save data,3/7/2025 3:56,3/7/2025 3:40,+07:00,2025022001,99e8884d-a42b-4bb2-94f3-94e71e76f4e7,7a949886-f9ae-459c-8a48-a822242caf78,
3/7/2025,10:17:59,Harley,Robin,,,,Grooming. Focal end,RN,ct:a31304f7c3a74c3d0000000000000000,,,Save data,3/7/2025 3:18,3/7/2025 3:17,+07:00,2025022001,d63d2907-e53a-4a3b-8c7d-3423631e0dbd,d2602fc3-5bc8-4bcd-878b-0ba7ee2c225a,
3/7/2025,10:00:46,Harley,,,,Quindoline,stone-tool use (oyster). Focal start,RN,ct:a31304f7c3a74c3d0000000000000000,,,Save data,3/7/2025 3:18,3/7/2025 3:00,+07:00,2025022001,7ff2ae6f-ba14-4dd7-84dc-b0efe76f4288,be52d739-7f7a-4377-a922-67c29e8090b9,
3/7/2025,9:21:36,Kal,,,,,stone-tool use (oyster). Focal end,RN,ct:a31304f7c3a74c3d0000000000000000,,,Save data,3/7/2025 2:21,3/7/2025 2:21,+07:00,2025022001,450b2bec-7e0a-4add-84b2-2cc3a37bd7e3,f43f70c9-b46d-49b1-a624-c6d2cb349e6e,
3/7/2025,9:05:21,Kal,,,,,rest. Foxal start,RN,ct:a31304f7c3a74c3d0000000000000000,,,Save data,3/7/2025 2:21,3/7/2025 2:05,+07:00,2025022001,fc139dde-5881-44db-9843-f00b47fe28ba,68f1f62e-c9b4-4ed6-9a65-9e94bc154b74,
3/9/2025,16:03:26,Ted,,,,,rest. Focalstart,RN,ct:a31304f7c3a74c3d0000000000000000,,,Save data,3/10/2025 1:50,3/9/2025 9:03,+07:00,2025022001,3864edec-4028-4d3b-b71f-b9e7a15b333c,25bd1294-d7b2-420a-abd8-2f21069aaa3f,
3/9/2025,16:01:38,Pat,,,,,move. Focal end,RN,ct:a31304f7c3a74c3d0000000000000000,,,Save data,3/9/2025 9:01,3/9/2025 9:01,+07:00,2025022001,be64eaf3-ee8d-4d5d-8429-868e85b4e5a7,59daaf63-cca7-4eb3-95fb-5000dcfce5f7,
3/9/2025,15:45:52,Pat,,,Iyla,,rest. Focal start,RN,ct:a31304f7c3a74c3d0000000000000000,,,Save data,3/9/2025 9:01,3/9/2025 8:45,+07:00,2025022001,4337851d-cce8-49fa-a7a1-bd0a397c0728,05c53887-5c3f-4576-8523-a8adb0c3a31a,
3/9/2025,15:38:36,Iyla,,,,Pat,rest. Focal end,RN,ct:a31304f7c3a74c3d0000000000000000,,,Save data,3/9/2025 8:38,3/9/2025 8:38,+07:00,2025022001,a7b4c45b-8e56-41f0-9aa5-101fc19ce28a,f68e5297-0677-4724-bd39-5f77aa32f17e,
3/9/2025,15:22:37,Iyla,,,Pat,,move. Focal start,RN,ct:a31304f7c3a74c3d0000000000000000,,,Save data,3/9/2025 8:38,3/9/2025 8:22,+07:00,2025022001,123108ee-65f8-4ed4-87bd-84474b8fbe9d,ff544175-f084-42eb-b205-13515e75a56e,
3/9/2025,14:53:04,Ali,,,,,rest. Focal start,RN,ct:a31304f7c3a74c3d0000000000000000,,,Save data,3/9/2025 8:38,3/9/2025 7:53,+07:00,2025022001,1698fb3f-9859-47ff-a13e-650c676ea9f8,c9bc6cff-280c-454b-9a54-0f4d214534e7,
3/9/2025,13:13:31,Pat,,,Square,,rest. Focal start,RN,ct:a31304f7c3a74c3d0000000000000000,,,Save data,3/9/2025 7:51,3/9/2025 6:13,+07:00,2025022001,1351e193-39e0-4586-bf27-71ee720f623b,c93cd780-1843-4cab-8888-f5bfd2702735,
3/9/2025,12:45:08,Oreo,,,,,foraging without tools. Focal end,RN,ct:a31304f7c3a74c3d0000000000000000,,,Save data,3/9/2025 5:45,3/9/2025 5:45,+07:00,2025022001,3c414b31-fa86-4a89-a321-b945857072e3,8417abf1-2b6a-4939-9386-29648a2e126e,
3/9/2025,12:29:28,Oreo,,,,,rest. Focal start,RN,ct:a31304f7c3a74c3d0000000000000000,,,Save data,3/9/2025 5:45,3/9/2025 5:29,+07:00,2025022001,c92d95db-644f-4b56-b9a2-961d53bc58a7,3b4399b7-b919-4645-9681-2e085a2e2061,
3/9/2025,11:42:30,Whitney,,,,,move. Focal e d,RN,ct:a31304f7c3a74c3d0000000000000000,,,Save data,3/9/2025 4:42,3/9/2025 4:42,+07:00,2025022001,010359dc-d010-4d99-97aa-ccfbf79bc4f9,18cc2af3-9902-4337-9d59-10a2dba327d0,
3/9/2025,11:27:01,Whitney,,,Pat,,move. Focal start,RN,ct:a31304f7c3a74c3d0000000000000000,,,Save data,3/9/2025 4:42,3/9/2025 4:27,+07:00,2025022001,5ecd5b21-192c-46d9-87c3-07e3e6f9acfa,c7b6eb45-980c-4d49-9985-2c00308d356d,
3/9/2025,11:10:31,Tutu,,,,,stone-tool use (oyster). Focal end,RN,ct:a31304f7c3a74c3d0000000000000000,,,Save data,3/9/2025 4:10,3/9/2025 4:10,+07:00,2025022001,14a98d6c-3389-418e-97f3-1f9e1795059c,f3f32d8c-cfd9-47f8-809c-eb1d0d2aa1b4,
3/9/2025,10:54:18,Tutu,,,,F_Subadult,stone-tool use (oyster). Focal start,RN,ct:a31304f7c3a74c3d0000000000000000,,,Save data,3/9/2025 3:54,3/9/2025 3:54,+07:00,2025022001,b6381b9f-d1c0-4a6d-8bb5-d24e89a741a8,68bafa0a-a016-44bc-ad3b-be74f8d4a443,
3/9/2025,10:45:48,Kaya,Black infant,,,,move. Focal ebd,RN,ct:a31304f7c3a74c3d0000000000000000,,,Save data,3/9/2025 3:54,3/9/2025 3:45,+07:00,2025022001,2d0f585c-6983-4de1-8a6e-12952c25f6ef,9ba5b389-3861-4ef7-81c3-072d48126391,
3/9/2025,10:29:47,Kaya,Juvenile 2,,,F_Subadult,rest (groomed). Focal start,RN,ct:a31304f7c3a74c3d0000000000000000,,,Save data,3/9/2025 3:54,3/9/2025 3:29,+07:00,2025022001,aae7c9cd-47e6-4f8f-86fc-c46ef8d5b268,4e86912a-9cf2-467a-bc78-ba76eae2a2e3,
3/9/2025,10:07:04,Jim Lim,Black infant,Juvenile 2 F_Subadult Oreo,,Old infant Lip,rest. Focal end,RN,ct:a31304f7c3a74c3d0000000000000000,,,Save data,3/9/2025 3:54,3/9/2025 3:07,+07:00,2025022001,36398a2d-7b1d-4c6a-883f-f1bc294dad09,8fe27883-cb05-4548-a425-24748aa78208,
3/9/2025,9:48:20,Jim Lim,Black infant,Juvenile 2,Old infant Juvenile 1 Vula,Old infant Quindoline,stone-tool use (oyster). Focal start,RN,ct:a31304f7c3a74c3d0000000000000000,,,Save data,3/9/2025 3:54,3/9/2025 2:48,+07:00,2025022001,494d2d2c-3923-4d6a-8c33-c2fc118299a3,ba51b14d-0ffc-40c1-afbb-7aef38cc4151,
3/9/2025,9:07:54,Naina,,,,Lip,foraging without tools ,RN,ct:a31304f7c3a74c3d0000000000000000,,,Save data,3/9/2025 2:07,3/9/2025 2:07,+07:00,2025022001,34b4ea95-2237-421d-8306-83e4aa6b64cf,c96b4b93-a3d0-4b72-8b3e-a1acb9a000b3,
3/9/2025,8:50:48,Naina,,,Black infant Jim Lim,,rest. Focal start,RN,ct:a31304f7c3a74c3d0000000000000000,,,Save data,3/9/2025 2:07,3/9/2025 1:50,+07:00,2025022001,bd0becee-496b-4724-89d7-31c36ef55ce7,a8da506e-e6a9-4788-88b7-e0dd1674e25b,
3/9/2025,8:48:38,Naina,,,,,move. Focal start,RN,ct:a31304f7c3a74c3d0000000000000000,,,Save data,3/9/2025 2:07,3/9/2025 1:48,+07:00,2025022001,b649deff-1c9d-49d8-9b9f-95889c0895dc,c7f6728a-31ba-4416-b260-b0f2b749219e,
3/9/2025,8:40:03,Betina,,Juvenile 2,Black infant Kaya,Santa,stone-tool use (oyster). Focal start,RN,ct:a31304f7c3a74c3d0000000000000000,,,Save data,3/9/2025 2:07,3/9/2025 1:40,+07:00,2025022001,13817746-bd71-4bed-bed2-5ee831a072b1,1efc1da1-4dca-4bcc-9d35-5cf904b8bdfa,
3/9/2025,8:26:21,Pinky,,Manee,,,rest. Focal start,RN,ct:a31304f7c3a74c3d0000000000000000,,,Save data,3/9/2025 2:07,3/9/2025 1:26,+07:00,2025022001,4c843d23-6140-4d16-8e8c-3b4e45316d85,60431d5d-439e-4eec-8f41-91d5a7ad24e5,
3/10/2025,14:48:40,Naina,,,,,foraging without tools. Focal start,RN,ct:a31304f7c3a74c3d0000000000000000,,,Save data,3/11/2025 0:39,3/10/2025 7:48,+07:00,2025022001,03c3ec28-1753-41be-8125-1d112bf80f0e,8966af92-1b7c-4553-b0d4-b14263b4f206,
3/10/2025,14:21:24,Lip,,,Juvenile 2,,rest. Focal start,RN,ct:a31304f7c3a74c3d0000000000000000,,,Save data,3/11/2025 0:39,3/10/2025 7:21,+07:00,2025022001,48fe9b9e-74c1-421a-84da-eeda2dd62219,9a85bff7-38ef-4e31-aa40-26efc878128b,
3/10/2025,13:43:04,Granny,,,Pinky,,stone-tool use. Focal end,RN,ct:a31304f7c3a74c3d0000000000000000,,,Save data,3/10/2025 6:43,3/10/2025 6:43,+07:00,2025022001,6cedb2ce-57c4-4bad-a26a-5a7a9f5815cb,54e2c182-51b9-4c4a-bc44-94e332337f8a,
3/10/2025,13:26:37,Granny,,,Juvenile 2,,rest. Focal start,RN,ct:a31304f7c3a74c3d0000000000000000,,,Save data,3/10/2025 6:43,3/10/2025 6:26,+07:00,2025022001,d38988ae-0497-4638-96a2-81a692fe442d,d7d7f3af-b374-40b7-a14d-df9be2ecc67c,
3/10/2025,12:47:44,Babosa,,,Cekung,,stone-tool use (oyster). Focal end,RN,ct:a31304f7c3a74c3d0000000000000000,,,Save data,3/10/2025 5:47,3/10/2025 5:47,+07:00,2025022001,475c9ae8-ec52-447d-951c-b2998546627a,91236e1d-c4c0-49b6-9369-c0dd76d46252,
3/10/2025,12:31:21,Babosa,,,Lip,Old infant Juvenile 2,stone-tool use (oyster). Focal start,RN,ct:a31304f7c3a74c3d0000000000000000,,,Save data,3/10/2025 5:47,3/10/2025 5:31,+07:00,2025022001,88a9f0c2-60d9-4a59-9de7-e3202c60d5ce,1c7f16bd-b09c-4df4-86fd-0675835c86a7,
3/10/2025,11:53:52,Belanda,,,,,foraging without tools. Focal end ,RN,ct:a31304f7c3a74c3d0000000000000000,,,Save data,3/10/2025 4:53,3/10/2025 4:53,+07:00,2025022001,d75067ae-cbd9-4f44-8d9a-8f9dab0f4001,8d1caf4a-5864-4c11-bce5-5eec758916f9,
3/10/2025,11:37:57,Belanda,,,,,rest. Focal atart,RN,ct:a31304f7c3a74c3d0000000000000000,,,Save data,3/10/2025 4:53,3/10/2025 4:37,+07:00,2025022001,9a098f8d-d504-4e1b-b61a-969169fe93f4,b3124d81-8050-4bd4-9685-c2ddcca6cd46,
3/10/2025,11:05:28,Ted,Old infant,Old infant,Old infant,,Visibility is low for 5m. rest. Focal end,RN,ct:a31304f7c3a74c3d0000000000000000,,,Save data,3/10/2025 4:05,3/10/2025 4:05,+07:00,2025022001,ec8d76c3-7cd3-4340-b7e1-e85a1e2602eb,21e7fdd8-56e0-422f-a3b9-cf4ed26fc491,
3/10/2025,10:41:34,Pinky,,,,Juvenile 2,"J2=Pirat. rest. Focal start. Bad visibility for 5m, check the scan ",RN,ct:a31304f7c3a74c3d0000000000000000,,,Save data,3/10/2025 4:04,3/10/2025 3:41,+07:00,2025022001,8d0a51fb-14d7-466d-ae81-9e9cd35fbd17,1648d3e4-ee8f-47d8-a859-baebe47370b1,
3/10/2025,9:13:23,Harley,,,,,foraging without tools. Focal start,RN,ct:a31304f7c3a74c3d0000000000000000,,,Save data,3/10/2025 4:04,3/10/2025 2:13,+07:00,2025022001,c70ccf78-8bf4-4f0e-9bbb-38023dccb84f,f028da3d-e366-4217-bcd8-47b43ccec757,
3/10/2025,8:50:38,Taipan,,,,,foraging without tools. Focal start,RN,ct:a31304f7c3a74c3d0000000000000000,,,Save data,3/10/2025 4:04,3/10/2025 1:50,+07:00,2025022001,b899fa0a-1a8b-4a87-b281-165a3700e4ec,fa506aa4-075c-4cd5-ac2e-e619e896b579,
3/11/2025,12:21:04,Cacao,,,,Juvenile 2,stone-tool use (oyster). Focal start,RN,ct:a31304f7c3a74c3d0000000000000000,,,Save data,3/15/2025 6:46,3/11/2025 5:21,+07:00,2025022001,77e07727-da3d-42d0-927d-243077de82c5,a2934cf2-83f9-4702-9329-854f3859d833,
3/11/2025,9:34:17,Flame,,,,,rest. Focal start,RN,ct:a31304f7c3a74c3d0000000000000000,,,Save data,3/11/2025 5:20,3/11/2025 2:34,+07:00,2025022001,033ac33e-f6a6-4421-a164-08152f43f659,6dc278f5-4e9b-4ed1-b937-e82d2f3ebc4b,
3/11/2025,8:40:36,Yaiko,,Black infant Manee Jim Lim,Black infant Kaya,,rest. Focak end,RN,ct:a31304f7c3a74c3d0000000000000000,,,Save data,3/11/2025 1:40,3/11/2025 1:40,+07:00,2025022001,6f40a2f3-67e2-4568-a1ad-bfd0b656573d,c71fc773-b713-46dd-80be-6ed45cec3da3,
3/11/2025,8:24:46,Yaiko,,,Cekung Iyla,Juvenile 1 Whitney,rest. Focal start,RN,ct:a31304f7c3a74c3d0000000000000000,,,Save data,3/11/2025 1:40,3/11/2025 1:24,+07:00,2025022001,fdeff473-249a-4899-8d21-d2a9ccb82606,2fdce24d-55ee-4095-9810-264b76030e32,
3/11/2025,7:56:05,Kaya,Black infant,,,Oreo,rest. Focal end,RN,ct:a31304f7c3a74c3d0000000000000000,,,Save data,3/11/2025 0:56,3/11/2025 0:56,+07:00,2025022001,9582d05f-6e11-4b17-b1d1-85482847c03b,170ee667-74a8-4bd7-90bb-0177d474bae7,
3/11/2025,7:40:33,Kaya,Black infant,,,Black infant Granny Jim Lim,rest. Focal start,RN,ct:a31304f7c3a74c3d0000000000000000,,,Save data,3/11/2025 0:56,3/11/2025 0:40,+07:00,2025022001,d8fec36d-74a0-4a69-8092-f010fd4ff021,0e3a82f8-ebc8-4ff9-b158-8881e0929cee,
3/14/2025,16:30:42,Naina,,,,,foraging without tools. Focal end,RN,ct:df6a81149e0b199d0000000000000000,,,Save data,3/14/2025 9:30,3/14/2025 9:30,+07:00,2025022001,2efa88a3-e098-41f6-a0f9-08cdc24ebff0,fd8ed828-d74b-4d04-8ce9-0e6031009b7d,
3/14/2025,16:14:43,Naina,,,Old infant,,stone-tool use (oyster). Focal start,RN,ct:df6a81149e0b199d0000000000000000,,,Save data,3/14/2025 9:30,3/14/2025 9:14,+07:00,2025022001,af59b621-0903-467c-9034-06c35f11388d,a4c0c4c1-e36c-408e-be56-0d36ff8b6b06,
3/14/2025,15:15:32,Jim Lim,Black infant,Pat,Vula,Juvenile 1 Juvenile 2,stone-tool use (oyster). Focal start,RN,ct:df6a81149e0b199d0000000000000000,,,Save data,3/14/2025 8:23,3/14/2025 8:15,+07:00,2025022001,fc01a6df-2808-4552-85c0-1bcfa5f4c6e7,57b9d18e-a3ee-4375-9de2-0bd9dcc0d5eb,
3/14/2025,13:40:07,Robin,,,,,Low visibility. climb,RN,ct:df6a81149e0b199d0000000000000000,,,Save data,3/14/2025 6:40,3/14/2025 6:40,+07:00,2025022001,d7bf0bc2-0cf6-48af-83bd-68d2ed65e2ed,19570577-7fbe-4bf4-b72b-2733796362bc,
3/14/2025,13:23:50,Robin,,,,,rest,RN,ct:df6a81149e0b199d0000000000000000,,,Save data,3/14/2025 6:23,3/14/2025 6:23,+07:00,2025022001,845fd775-6093-4392-b90a-a0a8c6763bec,05ba2597-f785-4e0e-b466-07fdee14d86a,
3/14/2025,12:37:35,Vula,,,,,rest,RN,ct:df6a81149e0b199d0000000000000000,,,Save data,3/14/2025 5:37,3/14/2025 5:37,+07:00,2025022001,00b29560-5dbc-48b0-ad5e-e2461563eaff,ef895e88-8c73-4168-a6f7-32064ddc23f9,
3/14/2025,12:31:17,Tutu,,Juvenile 2,Juvenile 2 Lip,Oreo,rest. End focal,RN,ct:df6a81149e0b199d0000000000000000,,,Save data,3/14/2025 5:31,3/14/2025 5:31,+07:00,2025022001,15cbed7f-4314-436d-8286-2feb23e59567,701832e4-7c9e-4d33-a0a7-5723dcb474ff,
3/14/2025,12:14:47,Tutu,,,Black infant Jim Lim,Robin,rest. Focal start,RN,ct:df6a81149e0b199d0000000000000000,,,Save data,3/14/2025 5:31,3/14/2025 5:14,+07:00,2025022001,4fbf9c2d-78e3-45c3-95cf-56e9c63706b9,aeac6b4e-91ca-41a7-8ce9-7f5998c6db26,
3/14/2025,11:46:44,Oreo,,,,,rest. Focal start,RN,ct:df6a81149e0b199d0000000000000000,,,Individuals,3/14/2025 5:31,3/14/2025 4:46,+07:00,2025022001,fc662594-a1e2-467b-8c84-80eb78c00335,30944ec1-ea25-47fb-ac53-b13c919a351c,
3/14/2025,11:27:05,Jim Lim,Black infant,,Vula,Juvenile 1 Jaan,rest. Foxal start,RN,ct:df6a81149e0b199d0000000000000000,,,Save data,3/14/2025 5:31,3/14/2025 4:27,+07:00,2025022001,f12a91d8-186a-407a-b7bf-34cdf4efa493,3cdd87bb-60ab-4da6-9fbe-64f56c3c3017,
3/14/2025,11:13:06,Vula,,Black infant Jim Lim,,Jaan,rest. Focal start,RN,ct:df6a81149e0b199d0000000000000000,,,Save data,3/14/2025 5:31,3/14/2025 4:13,+07:00,2025022001,f30b54d2-2fef-42c4-b4b3-0f2fc719bb9f,2d9adf7a-b00f-40fc-b2e6-935b07d6033f,
3/14/2025,10:49:57,Jim Lim,Black infant,,Whitney,Old infant Juvenile 2 Vula,rest. Focal start,RN,ct:df6a81149e0b199d0000000000000000,,,Save data,3/14/2025 4:12,3/14/2025 3:49,+07:00,2025022001,334365ba-0eae-4b0a-a6ab-49c03db39c28,c1021098-fb61-46a8-89ac-9b3e34bec6af,
3/14/2025,8:57:39,Betina,,,,,climb. Focal end,RN,ct:df6a81149e0b199d0000000000000000,,,Save data,3/14/2025 1:57,3/14/2025 1:57,+07:00,2025022001,a464dfb5-9b7c-43fb-9bfc-b84fe0065357,ea9ff04e-60ea-4eda-9691-333ae151efcd,
3/14/2025,8:41:58,Betina,,,,,rest. Focal start,RN,ct:df6a81149e0b199d0000000000000000,,,Save data,3/14/2025 1:57,3/14/2025 1:41,+07:00,2025022001,c163b0e4-d7d9-49c9-8403-d8c3639c7a61,724e8466-8d1d-4064-95fd-8f7a8a584db3,
3/14/2025,7:51:26,Whitney,,,,,move. Focal atart,RN,ct:df6a81149e0b199d0000000000000000,,,Save data,3/14/2025 1:57,3/14/2025 0:51,+07:00,2025022001,7f054e3e-3125-4837-a19d-385d445d261e,2916c598-6287-4859-85f0-a1ba887d762a,
3/15/2025,17:42:04,Ali,,,,,foraging without tools. Focal end,RN,ct:a31304f7c3a74c3d0000000000000000,,,Save data,3/15/2025 10:42,3/15/2025 10:42,+07:00,2025022001,ac98e5b6-6754-42e4-b70c-6a83bcc66538,2f09e1a8-721d-4a78-aca8-1a03370af506,
3/15/2025,17:26:20,Ali,,,,,search. Focal start,RN,ct:a31304f7c3a74c3d0000000000000000,,,Save data,3/15/2025 10:42,3/15/2025 10:26,+07:00,2025022001,a1c00eac-cef5-4f3e-9df2-25393b03d3e4,cfb298a4-d76d-4b8e-8aca-046d5daa869e,
3/15/2025,16:58:58,Ali,,,,,stone-tool use (oyster). Chicken island. Focal start,RN,ct:a31304f7c3a74c3d0000000000000000,,,Save data,3/15/2025 10:42,3/15/2025 9:58,+07:00,2025022001,26234738-edfb-40e1-907c-828f24eb651e,c1fb7435-8036-4129-b5d8-8ac04cc855bc,
3/15/2025,16:45:59,Tutu,,,,Juvenile 1 Pat,stone-tool use (oyster). Focal end. Chicken isla d,RN,ct:a31304f7c3a74c3d0000000000000000,,,Save data,3/15/2025 10:42,3/15/2025 9:45,+07:00,2025022001,c8dfcb77-07f8-4150-9649-6a4e9f458c06,6462d14e-8811-43e8-b635-9e3b505230aa,
3/15/2025,16:29:12,Tutu,,,,,stone-tool use (oyster). Focal start,RN,ct:a31304f7c3a74c3d0000000000000000,,,Save data,3/15/2025 10:42,3/15/2025 9:29,+07:00,2025022001,c1a8ee09-617f-421d-a53f-e807a5a63f61,cc0da46a-65c8-4076-907a-0747a150c642,
3/15/2025,15:58:34,Kal,,,,,Travel. Focal end,RN,ct:a31304f7c3a74c3d0000000000000000,,,Save data,3/15/2025 8:58,3/15/2025 8:58,+07:00,2025022001,bb1b9f59-174a-41cc-b4f0-b0c65c614cfc,345479c5-c4dc-42f7-9b7c-3cc87a5fa807,
3/15/2025,15:42:54,Kal,,,,,search. Focal start,RN,ct:a31304f7c3a74c3d0000000000000000,,,Save data,3/15/2025 8:58,3/15/2025 8:42,+07:00,2025022001,f9e34d9b-aa02-42bc-9b48-780a8ce12114,19547513-045f-4806-9e2e-53669292bee0,
3/15/2025,15:34:11,Jim Lim,Black infant,,Juvenile 1,Jaan,foraging without tools. Focal end,RN,ct:a31304f7c3a74c3d0000000000000000,,,Save data,3/15/2025 8:34,3/15/2025 8:34,+07:00,2025022001,78e7310b-9af8-44c8-8703-19b50453a389,e5857548-db69-4226-a4e8-ec73519ea5b6,
3/15/2025,15:18:07,Jim Lim,Black infant,,,Juvenile 1 Juvenile 2,foraging without tools. Focal start,RN,ct:a31304f7c3a74c3d0000000000000000,,,Save data,3/15/2025 8:34,3/15/2025 8:18,+07:00,2025022001,ef35874c-c4e3-444f-a55c-1dd860d552aa,8067a584-271e-4308-9bf8-e03da740a419,
3/15/2025,14:15:46,Ted,,Lip,,,move. Focal end,RN,ct:a31304f7c3a74c3d0000000000000000,,,Save data,3/15/2025 7:15,3/15/2025 7:15,+07:00,2025022001,1ba68951-52eb-4669-819f-f945388eb169,3cc72b29-583e-4daa-af95-c0a5f68bfb16,
3/15/2025,13:59:33,Ted,Ali,,Juvenile 2,,Grooming. Focal start,RN,ct:a31304f7c3a74c3d0000000000000000,,,Save data,3/15/2025 7:15,3/15/2025 6:59,+07:00,2025022001,95028084-f63c-44c1-9ab4-4a2efed61e83,399cbc7e-6e32-42aa-8b91-64797225d1cd,
3/15/2025,13:46:59,Iyla,,,Pinky,Juvenile 2,rest. Focal start,RN,ct:a31304f7c3a74c3d0000000000000000,,,Save data,3/15/2025 7:15,3/15/2025 6:46,+07:00,2025022001,a3f03ad4-a0b5-4bc4-8a14-cd48082e3739,bc0a1cb6-849c-497f-8aa1-26342a3b35d3,
3/19/2025,17:13:40,Aura,,,Old infant Cacao Lip,,stone-tool use (oyster). Focal end,RN,ct:a31304f7c3a74c3d0000000000000000,,,Save data,3/19/2025 10:13,3/19/2025 10:13,+07:00,2025022001,68eeb227-3e4f-4e32-bd59-552b44a7c2e8,b3ea07ff-bd2b-4ada-9cdc-54bc68da831e,
3/19/2025,16:57:04,Aura,,,,,stone-tool use (oyster). Focal start,RN,ct:a31304f7c3a74c3d0000000000000000,,,Save data,3/19/2025 10:13,3/19/2025 9:57,+07:00,2025022001,09a0a7d5-9e02-4ce5-ac59-4d2fe99ef5a9,cd62005e-af0b-480a-91b8-97c89c51fd92,
3/19/2025,16:50:48,Pat,,,,Old infant Lip,stone-tool use (oyster). Focal emd,RN,ct:a31304f7c3a74c3d0000000000000000,,,Save data,3/19/2025 9:50,3/19/2025 9:50,+07:00,2025022001,a355947d-9d16-4ed5-bdf8-4dc8d5da0e52,443c0fee-70d4-43ab-a0f6-4a655c5d1308,
3/19/2025,16:34:49,Pat,,,Old infant Granny,,stone-tool use (oyster). Focal start,RN,ct:a31304f7c3a74c3d0000000000000000,,,Save data,3/19/2025 9:50,3/19/2025 9:34,+07:00,2025022001,f372460b-16e7-4e51-9bc7-23eade4438f7,f5fed81e-da22-40f5-adb9-f5de39b8750b,
3/19/2025,15:45:46,Ted,,,Ali,,foraging without tools. Focal end,RN,ct:a31304f7c3a74c3d0000000000000000,,,Save data,3/19/2025 8:45,3/19/2025 8:45,+07:00,2025022001,d2d61b49-db92-4316-8b45-2fcd9e1c6607,f7cfa185-7ac6-456c-82ae-5f5f8e64974f,
3/19/2025,15:30:13,Ted,,,,,search. Focal start,RN,ct:a31304f7c3a74c3d0000000000000000,,,Save data,3/19/2025 8:45,3/19/2025 8:30,+07:00,2025022001,a1072e0a-f7a3-4444-abb9-56c774391d8d,34e2c80d-b554-4a18-9822-8ae90624934d,
3/19/2025,9:32:02,Lip,,,Old infant,,climb. Focal end,RN,ct:a31304f7c3a74c3d0000000000000000,,,Save data,3/19/2025 2:32,3/19/2025 2:32,+07:00,2025022001,a54e1867-080b-46eb-a7ea-4981e4d71771,7c39b1b4-8692-4deb-a85b-8d6c287f3734,
3/19/2025,9:16:18,Lip,,Old infant,Cekung,,rest. Focal start,RN,ct:a31304f7c3a74c3d0000000000000000,,,Save data,3/19/2025 2:32,3/19/2025 2:16,+07:00,2025022001,8e4689e5-03e6-475f-8800-e922441cae69,6367d6ab-8a71-44cb-b8e4-aaa7490c3ffb,
3/19/2025,8:27:53,Harley,,,,,rest. Focal start,RN,ct:a31304f7c3a74c3d0000000000000000,,,Save data,3/19/2025 2:32,3/19/2025 1:27,+07:00,2025022001,32ca15a3-b4b3-40fc-b0af-8125f541cb10,97b969be-0bb1-42a2-b06b-df27fb720cfb,
3/19/2025,8:03:09,Lip,,Old infant,,,stone-tool use (oyster). Focal start,RN,ct:a31304f7c3a74c3d0000000000000000,,,Save data,3/19/2025 2:32,3/19/2025 1:03,+07:00,2025022001,e1f6153f-5ba1-48d2-83a7-982a55df42bf,e141c13f-066a-4139-8356-0f59664c9f69,
3/20/2025,17:06:51,Naina,,,,,stone-tool use. Focal e d,RN,ct:a31304f7c3a74c3d0000000000000000,,,Save data,3/20/2025 10:06,3/20/2025 10:06,+07:00,2025022001,9de39be4-b9f1-44c1-a03a-8ed159dd8c73,95162e3f-6a5b-47b6-8778-ccc0ed83fb36,
3/20/2025,16:50:02,Naina,,Juvenile 2 Vula,,Old infant Taipan,stone-tool use (oyster). Focal start,RN,ct:a31304f7c3a74c3d0000000000000000,,,Save data,3/20/2025 10:06,3/20/2025 9:50,+07:00,2025022001,bfffeee4-beb2-4244-8f70-08380adc2716,489f57ac-657a-43b2-9fab-c0d976b60c84,
3/20/2025,13:25:30,Yaiko,,,,,rest. Focal start,RN,ct:a31304f7c3a74c3d0000000000000000,,,Save data,3/20/2025 9:34,3/20/2025 6:25,+07:00,2025022001,b3857e69-603a-4134-9652-59174a6be6b6,fa519ab3-f402-4b58-8b69-461e34c30535,
3/20/2025,13:07:00,Oreo,,,,,rest. Focal end,RN,ct:a31304f7c3a74c3d0000000000000000,,,Save data,3/20/2025 6:07,3/20/2025 6:07,+07:00,2025022001,c897fcfe-d82b-4ac9-9c5e-8b98a857e599,bcd745e3-3bf5-4de6-84af-70109dc6dc14,
3/20/2025,12:51:25,Oreo,,,,,rest. Focal start,RN,ct:a31304f7c3a74c3d0000000000000000,,,Save data,3/20/2025 6:07,3/20/2025 5:51,+07:00,2025022001,75e0b499-99c0-4b47-ba9d-a45e468f9ece,a860155c-560e-4332-9410-9a8ea315382f,
3/20/2025,12:49:27,Robin,,,,,foraging without tools. Focal end,RN,ct:a31304f7c3a74c3d0000000000000000,,,Save data,3/20/2025 6:07,3/20/2025 5:49,+07:00,2025022001,306c0b27-da6c-45b4-a268-7c2fdece40b0,073829af-f871-47c3-81a8-d7b645b16f23,
3/20/2025,11:47:13,Pinky,Granny,Old infant,Old infant,,Grooming. Focal end,RN,ct:a31304f7c3a74c3d0000000000000000,,,Save data,3/20/2025 4:47,3/20/2025 4:47,+07:00,2025022001,7b436400-f008-4f3e-8faf-c492129b6fc9,34eb6296-e3c6-46de-8f91-51b631efa1b7,
3/20/2025,11:31:26,Pinky,Granny,,Old infant,,rest (groomed). Focam start,RN,ct:a31304f7c3a74c3d0000000000000000,,,Save data,3/20/2025 4:47,3/20/2025 4:31,+07:00,2025022001,22e17aa5-4f30-49f8-a8ad-59b193e3a3c3,a68dbea1-01bd-460e-a1f9-4b800b667696,
3/20/2025,11:22:14,Vula,,,,,foraging without tools. Focal end,RN,ct:a31304f7c3a74c3d0000000000000000,,,Save data,3/20/2025 4:22,3/20/2025 4:22,+07:00,2025022001,bdef0f16-ba0f-4b5b-9aaf-4a1b948f4054,0cbc5f71-e7b8-476e-a45e-a844c30156d8,
3/20/2025,10:48:27,Pat,,,,,rest. Focal end. Poor visibility during feeding ,RN,ct:a31304f7c3a74c3d0000000000000000,,,Save data,3/20/2025 3:48,3/20/2025 3:48,+07:00,2025022001,97d00a3d-cb1b-468f-9de3-955f270ebcdf,34459cad-83a4-4b83-90d6-030aacc2193f,
3/20/2025,10:23:35,Granny,Old infant,,,,Grooming. Focal end,RN,ct:a31304f7c3a74c3d0000000000000000,,,Save data,3/20/2025 3:23,3/20/2025 3:23,+07:00,2025022001,05eb68f3-f38e-46e7-bd30-ac28d5bd7ac2,7d9891ce-a2ed-4af9-9d3d-bd1e46df89fe,
3/20/2025,10:07:33,Granny,Old infant,,Juvenile 1,Old infant,rest. Focal start,RN,ct:a31304f7c3a74c3d0000000000000000,,,Save data,3/20/2025 3:23,3/20/2025 3:07,+07:00,2025022001,a2d98bfe-0354-46ea-af14-c3e9cdef664a,a287cf8a-14fb-4379-906d-02d39b70d903,
3/20/2025,10:03:37,Babosa,,,,,rest. Focal end,RN,ct:a31304f7c3a74c3d0000000000000000,,,Save data,3/20/2025 3:03,3/20/2025 3:03,+07:00,2025022001,f6972863-de40-4472-9813-ba96b502ecb6,96d90c3e-d3c3-44ad-92b4-aa5afc28d78b,
3/20/2025,9:48:03,Babosa,,,,,rest. Focal start,RN,ct:a31304f7c3a74c3d0000000000000000,,,Individuals,3/20/2025 3:03,3/20/2025 2:48,+07:00,2025022001,7562e374-f479-4350-86d0-4ab4cd18e46d,533ef610-1db3-4e2d-9079-a5cd1aac5970,
3/20/2025,9:43:57,Kaya,Black infant,,,,foraging without tools. Focal end. Scan visibility is low,RN,ct:a31304f7c3a74c3d0000000000000000,,,Save data,3/20/2025 2:44,3/20/2025 2:43,+07:00,2025022001,09f50c28-b3ba-4e7a-952d-76c66185b46e,b99c68b7-18d5-4269-badc-601def5dfc36,
3/20/2025,9:28:05,Kaya,Black infant,,,,rest. Focal start,RN,ct:a31304f7c3a74c3d0000000000000000,,,Save data,3/20/2025 2:44,3/20/2025 2:28,+07:00,2025022001,8bd51b98-dbf1-4556-83d1-7efeb746550e,4a74ff9c-c62e-423b-8c62-7994ab0e9166,
3/20/2025,9:04:56,Ali,,,,Babosa,rest. Focal start,RN,ct:a31304f7c3a74c3d0000000000000000,,,Save data,3/20/2025 2:44,3/20/2025 2:04,+07:00,2025022001,9b3200b5-525b-45f3-9da6-a22325955b7e,828d36e6-3510-4935-91ce-0ee85312511d,
3/20/2025,8:46:51,Santa,,,Boss,,rest. Focal end,RN,ct:a31304f7c3a74c3d0000000000000000,,,Save data,3/20/2025 1:46,3/20/2025 1:46,+07:00,2025022001,76552000-7fe0-45dc-8ab4-2fa73bfeb018,befc8f50-ead4-42df-8403-a3e15c9f817e,
3/20/2025,8:31:00,Santa,,,,Ali Dandi,rest. Focal start,RN,ct:a31304f7c3a74c3d0000000000000000,,,Save data,3/20/2025 1:46,3/20/2025 1:31,+07:00,2025022001,77edf5db-8981-4ccd-999f-8b0762af6384,7883695c-29b8-44a3-a9f9-66d2a3e81726,
3/21/2025,9:30:30,Quindoline,,,,,rest. Focal end,RN,ct:a31304f7c3a74c3d0000000000000000,,,Save data,3/23/2025 1:15,3/21/2025 2:30,+07:00,2025022001,8d2eb014-6da7-4044-8cbe-7eff5bd19a12,e760284f-4e62-4475-bdba-2ceb18b37f56,
3/21/2025,9:14:45,Quindoline,,,,,search. Focal start,RN,ct:a31304f7c3a74c3d0000000000000000,,,Save data,3/23/2025 1:15,3/21/2025 2:14,+07:00,2025022001,13053205-5d59-4cd0-b6ea-fb2dd922ad49,6c55f60b-f0be-4df5-a8eb-57231854594c,
3/21/2025,9:08:27,Babosa,,,,,foraging without tools. Focal end,RN,ct:a31304f7c3a74c3d0000000000000000,,,Save data,3/21/2025 2:08,3/21/2025 2:08,+07:00,2025022001,4644de78-4cf8-4c25-8825-d2509bda6576,fb018f83-5cbf-4baa-9630-1c053b708a34,
3/21/2025,8:51:53,Babosa,,,,,stone-tool use (oyster). Focal syart,RN,ct:a31304f7c3a74c3d0000000000000000,,,Save data,3/21/2025 2:08,3/21/2025 1:51,+07:00,2025022001,1832a9e5-68a8-4039-a47b-1325216b7369,a545ef7d-7ee8-4f70-883f-1c94d279f9c1,
3/21/2025,8:04:06,Lip,,,,,stone-tool use (oyster). Focal satrt,RN,ct:a31304f7c3a74c3d0000000000000000,,,Save data,3/21/2025 2:08,3/21/2025 1:04,+07:00,2025022001,8920ed75-e0cf-4a3b-8a65-88fdf08fe6c0,8cb453d3-fffb-4522-8da0-8a4b3ebd79b2,
3/23/2025,10:37:56,Kaya,Black infant,,,,rest. Focal start,RN,ct:a31304f7c3a74c3d0000000000000000,,,Save data,3/23/2025 3:53,3/23/2025 3:37,+07:00,2025022001,1be8dc5e-76fa-4201-ab59-73207becb4c0,b8b483a5-b998-4ee7-b51f-23aa393258db,
3/23/2025,10:26:12,Dandi,,,,,rest. Focal start,RN,ct:a31304f7c3a74c3d0000000000000000,,,Save data,3/23/2025 3:37,3/23/2025 3:26,+07:00,2025022001,062e975c-45a3-4f0e-abbd-4f7712f52716,dc6dcc20-a7a0-462f-981a-bc75b6f1641a,
3/23/2025,8:32:54,Whitney,Old infant Vula,,,Black infant Grumpy Kaya,rest (groomed). Focal end,RN,ct:a31304f7c3a74c3d0000000000000000,,,Save data,3/23/2025 1:32,3/23/2025 1:32,+07:00,2025022001,fa74ffd7-7536-4d83-8449-4103ba7e5f5f,f0107341-2338-4a4d-b7a3-6e22e35c8bc5,
3/23/2025,8:16:29,Whitney,,,Vula,Jaan,stone-tool use. Focal start,RN,ct:a31304f7c3a74c3d0000000000000000,,,Save data,3/23/2025 1:32,3/23/2025 1:16,+07:00,2025022001,5db1a22d-04dd-4236-9120-a2c16b97547a,05046f1e-5605-4f58-92fc-4a9981bd364e,
3/24/2025,10:39:24,Lip,,,,,foraging without tools. Focal end,RN,ct:a31304f7c3a74c3d0000000000000000,,,Save data,3/24/2025 3:39,3/24/2025 3:39,+07:00,2025022001,ecec8aaa-f847-4a32-a82e-deec892dc92f,3c65515a-2647-4f41-8f9a-9ba93c18a4d7,
3/24/2025,10:23:31,Lip,,,,Juvenile 2,foraging without tools. Focal start,RN,ct:a31304f7c3a74c3d0000000000000000,,,Individuals,3/24/2025 3:39,3/24/2025 3:23,+07:00,2025022001,7ed96991-ba3a-4ef0-955d-e528d691873b,3c65515a-2647-4f41-8f9a-9ba93c18a4d7,
3/24/2025,8:50:37,Aura,,,,,search. Focal start,RN,ct:a31304f7c3a74c3d0000000000000000,,,Save data,3/24/2025 3:39,3/24/2025 1:50,+07:00,2025022001,98766550-e7d7-4d4f-bd82-440cc737577c,bad0abfc-0ed0-4148-858a-c58caa55d92d,
3/24/2025,8:43:13,Iyla,,Vula,Black infant Kaya,,stone-tool use (oyster). Focal end,RN,ct:a31304f7c3a74c3d0000000000000000,,,Save data,3/24/2025 1:43,3/24/2025 1:43,+07:00,2025022001,35e95e72-c8b0-489b-8de2-d56934f5991d,00be8cbc-07b0-4392-890a-7e0caa288d44,
3/24/2025,8:26:27,Iyla,,Juvenile 1,Black infant Kaya,Juvenile 1,stone-tool use (oyster). Focal start,RN,ct:a31304f7c3a74c3d0000000000000000,,,Save data,3/24/2025 1:43,3/24/2025 1:26,+07:00,2025022001,f7c31cf8-ce2c-4dc0-bc4f-089bdc85af12,71031b20-00b8-496d-9a0e-7587ad00fefb,
3/24/2025,8:11:49,Yaiko,,,,,rest. Focal end,RN,ct:a31304f7c3a74c3d0000000000000000,,,Save data,3/24/2025 1:11,3/24/2025 1:11,+07:00,2025022001,bebd9318-641d-4a64-9205-58c639c7bbb9,93ef36e5-6dd6-4bef-9fed-ae03ac90ef10,
3/24/2025,7:55:53,Yaiko,Babosa,,,,Scan visibility low. rest (groomed). Focal start,RN,ct:a31304f7c3a74c3d0000000000000000,,,Save data,3/24/2025 1:11,3/24/2025 0:55,+07:00,2025022001,49405483-80fe-470f-bd26-a151c1954c86,2fd35498-46c9-4d71-be0a-e0877391050b,
3/26/2025,15:49:58,Kal,,,Babosa,F_Subadult,rest. Focal start,RN,ct:a31304f7c3a74c3d0000000000000000,,,Save data,3/26/2025 8:50,3/26/2025 8:49,+07:00,2025022001,a53cf6e3-ad4d-47c3-9a8e-d0c662ec23d3,89672005-e7e8-451e-ac51-8af8689d4fd0,
3/26/2025,15:33:51,Kal,,,Babosa,,rest. Focal start,RN,ct:a31304f7c3a74c3d0000000000000000,,,Save data,3/26/2025 8:50,3/26/2025 8:33,+07:00,2025022001,d69ef27d-f27a-47e6-92f3-2733503110c8,7487d20f-389a-4284-a6b8-09cb1e5ad6c8,
3/26/2025,15:25:47,Naina,,,,,rest. Focal end,RN,ct:a31304f7c3a74c3d0000000000000000,,,Save data,3/26/2025 8:25,3/26/2025 8:25,+07:00,2025022001,de8ef417-b933-4b0b-b102-958d2c5ff071,e0bed871-a328-4936-a0f9-316e9f51dcdb,
3/26/2025,15:09:41,Naina,,,,,move. Focal start,RN,ct:a31304f7c3a74c3d0000000000000000,,,Save data,3/26/2025 8:25,3/26/2025 8:09,+07:00,2025022001,c9a114f3-b558-4ad0-81b9-415fc367945a,dd881df8-3a2c-4d31-ad67-0c1746d21c42,
3/26/2025,14:29:59,Pinky,,,Kal,,rest. Focal start,RN,ct:a31304f7c3a74c3d0000000000000000,,,Save data,3/26/2025 8:25,3/26/2025 7:29,+07:00,2025022001,d5793759-63d0-469f-906b-e4b60a019283,21e21913-7149-457d-a521-a057832ab469,
3/26/2025,14:24:30,Whitney,,,,,stone-tool use (oyster). Focal end,RN,ct:a31304f7c3a74c3d0000000000000000,,,Save data,3/26/2025 7:24,3/26/2025 7:24,+07:00,2025022001,47b4a7b4-1ac6-49cf-9825-8524f2a41e21,7e25ac06-6e0b-4164-a9b9-4af00715d904,
3/26/2025,14:08:28,Whitney,,,,Pinky,rest. Focal start,RN,ct:a31304f7c3a74c3d0000000000000000,,,Save data,3/26/2025 7:24,3/26/2025 7:08,+07:00,2025022001,a282cc1a-916b-48f0-b33c-2bf9144c035b,7cfd2b27-3c44-4360-abd5-b4dfb701db29,
3/26/2025,14:01:51,Pat,,,,Ted,stone-tool use. Focal end,RN,ct:a31304f7c3a74c3d0000000000000000,,,Save data,3/26/2025 7:01,3/26/2025 7:01,+07:00,2025022001,5eab0f3d-d892-4d3d-9d80-027083365ebb,66af0eb4-c4d8-42e2-80f7-9c25dcdc72ed,
3/26/2025,13:45:25,Pat,,Juvenile 2,Juvenile 2 Ted,,rest. Focal start,RN,ct:a31304f7c3a74c3d0000000000000000,,,Save data,3/26/2025 7:01,3/26/2025 6:45,+07:00,2025022001,109d790f-4071-4791-8932-57d6c190f259,bd04d912-377b-4b62-99ee-b31881432560,
3/26/2025,11:18:47,Iyla,,Old infant Quindoline,,,rest. Focal end,RN,ct:a31304f7c3a74c3d0000000000000000,,,Save data,3/26/2025 4:18,3/26/2025 4:18,+07:00,2025022001,6d580605-912f-4891-8a6d-78f2cc13e9ef,4deff978-3abc-408b-8a4c-021ad1f10b6a,
3/26/2025,11:02:37,Iyla,Quindoline,Old infant,,,Grooming. Focal start,RN,ct:a31304f7c3a74c3d0000000000000000,,,Save data,3/26/2025 4:18,3/26/2025 4:02,+07:00,2025022001,f405ed03-d134-4d51-89d1-d373ae81333c,03e53f4d-0115-4c08-b7ae-6c8559cdfa69,
3/26/2025,9:54:21,Lip,,,,Babosa,foraging without tools. Focal end,RN,ct:a31304f7c3a74c3d0000000000000000,,,Save data,3/26/2025 2:54,3/26/2025 2:54,+07:00,2025022001,171b369c-c4bd-4a34-b06b-4cd5c5a096d2,79d730b5-5dd6-40ec-bcff-ffb1f65f8e67,
3/26/2025,9:37:22,Lip,,,,Vula,foraging without tools. Focal start,RN,ct:a31304f7c3a74c3d0000000000000000,,,Save data,3/26/2025 2:54,3/26/2025 2:37,+07:00,2025022001,3e752fdc-f46a-4ee4-91ce-ec91e037b162,3f6df5f6-02e0-4773-97cc-86a3673c6c7c,
3/26/2025,8:59:14,Babosa,,,,,rest. Focal start,RN,ct:a31304f7c3a74c3d0000000000000000,,,Save data,3/26/2025 2:54,3/26/2025 1:59,+07:00,2025022001,7052d2cc-c9ea-44af-a3f4-58f8d7a1b7b6,28d00a65-6024-4c31-a3cd-1f2e8e30ba17,
3/27/2025,17:10:09,Yaiko,,,,,rest. Focal end,RN,ct:a31304f7c3a74c3d0000000000000000,,,Save data,3/27/2025 10:10,3/27/2025 10:10,+07:00,2025022001,d98ec9ab-b0ba-4a90-b945-6bee28d957d9,a5945a65-0644-4073-8e2b-3a06db9aa749,
3/27/2025,16:54:19,Yaiko,,,Juvenile 2,,stone-tool use (oyster). Focal start,RN,ct:a31304f7c3a74c3d0000000000000000,,,Save data,3/27/2025 10:10,3/27/2025 9:54,+07:00,2025022001,5b7a5a94-414d-45a5-937a-d62eff45032e,3bc34872-8b76-47c9-bd3b-5e3730576f70,
3/27/2025,16:48:10,Naina,,,,,foraging without tools. Focal end,RN,ct:a31304f7c3a74c3d0000000000000000,,,Save data,3/27/2025 9:48,3/27/2025 9:48,+07:00,2025022001,b1d44fd0-5933-47f9-b449-78d299995389,401958b5-9533-4c5f-871d-506dfe99da9b,
3/27/2025,16:32:11,Naina,,,,,search. Focal start,RN,ct:a31304f7c3a74c3d0000000000000000,,,Save data,3/27/2025 9:48,3/27/2025 9:32,+07:00,2025022001,c3395330-78d2-4b50-a163-9a622883d98f,cd96776d-abc5-4ccc-a4d6-04af80c337cd,
3/27/2025,16:29:13,Vula,,,,,stone-tool use (oyster). Focal end,RN,ct:a31304f7c3a74c3d0000000000000000,,,Save data,3/27/2025 9:29,3/27/2025 9:29,+07:00,2025022001,2062b7b2-063b-4299-a742-d346ba0ee376,5ff147a7-0142-4c52-9322-f12cada15914,
3/27/2025,16:12:49,Vula,Old infant Cacao,Black infant Juvenile 1 Juvenile 2 Quindoline,Juvenile 1,Black infant Juvenile 2 Kaya,rest (groomed). Focal start,RN,ct:a31304f7c3a74c3d0000000000000000,,,Save data,3/27/2025 9:29,3/27/2025 9:12,+07:00,2025022001,f27a801f-38bb-4aa3-8e18-ef5d1b32871c,1f315220-e318-469a-9e8c-6a74e32e307f,
3/27/2025,15:53:05,Iyla,,,,,search. Focal end,RN,ct:a31304f7c3a74c3d0000000000000000,,,Save data,3/27/2025 8:53,3/27/2025 8:53,+07:00,2025022001,d39941d0-1c9b-40d0-87c0-ded21359ef36,887d9ace-5fe7-49b4-9196-3286919f315b,
3/27/2025,15:37:19,Iyla,,,F_Subadult,Juvenile 1,search. Focal start,RN,ct:a31304f7c3a74c3d0000000000000000,,,Save data,3/27/2025 8:53,3/27/2025 8:37,+07:00,2025022001,5ae00c96-3b1c-46fb-93aa-86c29d5fc93c,0e98c1bb-577c-4685-b3ec-a42fdc3d759d,
3/27/2025,15:20:56,Santa,,,,F_Subadult,rest. Focal end,RN,ct:a31304f7c3a74c3d0000000000000000,,,Save data,3/27/2025 8:20,3/27/2025 8:20,+07:00,2025022001,2e31f3a9-6c89-42ee-a7bd-b0539421cf53,1a51c9a8-a560-42a9-9b62-dfb6278a71f5,
3/27/2025,15:04:58,Santa,,,F_Subadult,,stone-tool use (oyster). Focal start,RN,ct:a31304f7c3a74c3d0000000000000000,,,Save data,3/27/2025 8:20,3/27/2025 8:04,+07:00,2025022001,90dc8863-8e2d-40cb-9c79-12cb8aade469,1f7ccf1b-944e-43bd-a1d0-52beeb775f64,
3/27/2025,14:13:02,Pinky,F_Subadult,,,,Grooming. Focal end,RN,ct:a31304f7c3a74c3d0000000000000000,,,Save data,3/27/2025 7:13,3/27/2025 7:13,+07:00,2025022001,c8284b76-45ce-40d0-8cc3-18c8cddce617,4157abfb-989f-4446-a67b-50e9f707a16b,
3/27/2025,13:57:04,Pinky,F_Subadult,,Grumpy,Juvenile 2,rest. Focal start,RN,ct:a31304f7c3a74c3d0000000000000000,,,Save data,3/27/2025 7:13,3/27/2025 6:57,+07:00,2025022001,4c098054-5655-4aac-bd8b-00b056d5e88e,1fe4c779-184f-4529-a21e-fd386bd5a029,
